{'Clndrs': 4, 'Volume': 97, 'HpX': 52, 'Model': 82}, {'Clndrs': 4, 'Volume': 97, 'HpX': 52, 'Model': 82}, {'Clndrs': 4, 'Volume': 97, 'HpX': 52, 'Model': 82}, {'Clndrs': 4, 'Volume': 97, 'HpX': 52, 'Model': 82}, {'Clndrs': 4, 'Volume': 97, 'HpX': 52, 'Model': 82}, {'Clndrs': 4, 'Volume': 97, 'HpX': 52, 'Model': 82}, {'Clndrs': 4, 'Volume': 97, 'HpX': 52, 'Model': 82}, {'Clndrs': 4, 'Volume': 97, 'HpX': 52, 'Model': 82}, {'Clndrs': 4, 'Volume': 97, 'HpX': 52, 'Model': 82}, {'Clndrs': 4, 'Volume': 97, 'HpX': 52, 'Model': 82}, {'Clndrs': 4, 'Volume': 97, 'HpX': 52, 'Model': 82}, {'Clndrs': 4, 'Volume': 97, 'HpX': 52, 'Model': 82}, {'Clndrs': 4, 'Volume': 97, 'HpX': 52, 'Model': 82}, {'Clndrs': 4, 'Volume': 97, 'HpX': 52, 'Model': 82}, {'Clndrs': 4, 'Volume': 97, 'HpX': 52, 'Model': 82}, {'Clndrs': 4, 'Volume': 97, 'HpX': 52, 'Model': 82}, {'Clndrs': 4, 'Volume': 97, 'HpX': 52, 'Model': 82}, {'Clndrs': 4, 'Volume': 97, 'HpX': 52, 'Model': 82}, {'Clndrs': 4, 'Volume': 97, 'HpX': 52, 'Model': 82}, {'Clndrs': 4, 'Volume': 97, 'HpX': 52, 'Model': 82}
0.16745989117220034, 0.16745989117220034, 0.16745989117220034, 0.16745989117220034, 0.16745989117220034, 0.16745989117220034, 0.16745989117220034, 0.16745989117220034, 0.16745989117220034, 0.16745989117220034, 0.16745989117220034, 0.16745989117220034, 0.16745989117220034, 0.16745989117220034, 0.16745989117220034, 0.16745989117220034, 0.16745989117220034, 0.16745989117220034, 0.16745989117220034, 0.16745989117220034
0.23598694801330566, 0.23557114601135254, 0.2366788387298584, 0.23814654350280762, 0.24785900115966797, 0.24202609062194824, 0.24138402938842773, 0.24213504791259766, 0.23943567276000977, 0.23984646797180176, 0.2388780117034912, 0.24136805534362793, 0.23884105682373047, 0.2389390468597412, 0.23985767364501953, 0.2380685806274414, 0.23748278617858887, 0.23871207237243652, 0.23885083198547363, 0.23741555213928223