{'Clndrs': 4, 'Volume': 91, 'HpX': 68, 'Model': 82}, {'Clndrs': 4, 'Volume': 97, 'HpX': 52, 'Model': 82}, {'Clndrs': 4, 'Volume': 72, 'HpX': 69, 'Model': 71}, {'Clndrs': 4, 'Volume': 89, 'HpX': 60, 'Model': 80}, {'Clndrs': 4, 'Volume': 97, 'HpX': 52, 'Model': 82}, {'Clndrs': 4, 'Volume': 89, 'HpX': 60, 'Model': 80}, {'Clndrs': 4, 'Volume': 91, 'HpX': 68, 'Model': 82}, {'Clndrs': 4, 'Volume': 91, 'HpX': 68, 'Model': 82}, {'Clndrs': 4, 'Volume': 91, 'HpX': 68, 'Model': 82}, {'Clndrs': 4, 'Volume': 97, 'HpX': 52, 'Model': 82}, {'Clndrs': 4, 'Volume': 97, 'HpX': 52, 'Model': 82}, {'Clndrs': 4, 'Volume': 97, 'HpX': 52, 'Model': 82}, {'Clndrs': 4, 'Volume': 85, 'HpX': 65, 'Model': 81}, {'Clndrs': 4, 'Volume': 97, 'HpX': 52, 'Model': 82}, {'Clndrs': 4, 'Volume': 97, 'HpX': 52, 'Model': 82}, {'Clndrs': 4, 'Volume': 97, 'HpX': 52, 'Model': 82}, {'Clndrs': 4, 'Volume': 91, 'HpX': 68, 'Model': 82}, {'Clndrs': 4, 'Volume': 97, 'HpX': 52, 'Model': 82}, {'Clndrs': 4, 'Volume': 97, 'HpX': 52, 'Model': 82}, {'Clndrs': 4, 'Volume': 98, 'HpX': 70, 'Model': 82}
0.27717746903880663, 0.16745989117220034, 0.27467083302654305, 0.25831625843393935, 0.16745989117220034, 0.25831625843393935, 0.27717746903880663, 0.27717746903880663, 0.27717746903880663, 0.16745989117220034, 0.16745989117220034, 0.16745989117220034, 0.24245318422143292, 0.16745989117220034, 0.16745989117220034, 0.16745989117220034, 0.27717746903880663, 0.16745989117220034, 0.16745989117220034, 0.3070676349313442
0.025052785873413086, 0.022580623626708984, 0.023651599884033203, 0.0236513614654541, 0.023585796356201172, 0.02263331413269043, 0.023354768753051758, 0.020365238189697266, 0.0222322940826416, 0.022884845733642578, 0.02060079574584961, 0.02248358726501465, 0.019744157791137695, 0.024410486221313477, 0.024604082107543945, 0.023706912994384766, 0.024033546447753906, 0.024016618728637695, 0.023778676986694336, 0.023237228393554688