{'Clndrs': 4, 'Volume': 97, 'HpX': 52, 'Model': 82}, {'Clndrs': 4, 'Volume': 97, 'HpX': 52, 'Model': 82}, {'Clndrs': 4, 'Volume': 97, 'HpX': 52, 'Model': 82}, {'Clndrs': 4, 'Volume': 97, 'HpX': 52, 'Model': 82}, {'Clndrs': 4, 'Volume': 97, 'HpX': 52, 'Model': 82}, {'Clndrs': 4, 'Volume': 90, 'HpX': 48, 'Model': 78}, {'Clndrs': 4, 'Volume': 97, 'HpX': 52, 'Model': 82}, {'Clndrs': 4, 'Volume': 97, 'HpX': 52, 'Model': 82}, {'Clndrs': 4, 'Volume': 97, 'HpX': 52, 'Model': 82}, {'Clndrs': 4, 'Volume': 97, 'HpX': 52, 'Model': 82}, {'Clndrs': 4, 'Volume': 97, 'HpX': 52, 'Model': 82}, {'Clndrs': 4, 'Volume': 97, 'HpX': 52, 'Model': 82}, {'Clndrs': 4, 'Volume': 97, 'HpX': 52, 'Model': 82}, {'Clndrs': 4, 'Volume': 97, 'HpX': 52, 'Model': 82}, {'Clndrs': 4, 'Volume': 97, 'HpX': 52, 'Model': 82}, {'Clndrs': 4, 'Volume': 97, 'HpX': 52, 'Model': 82}, {'Clndrs': 4, 'Volume': 97, 'HpX': 52, 'Model': 82}, {'Clndrs': 4, 'Volume': 97, 'HpX': 52, 'Model': 82}, {'Clndrs': 4, 'Volume': 97, 'HpX': 52, 'Model': 82}, {'Clndrs': 4, 'Volume': 97, 'HpX': 52, 'Model': 82}
0.16745989117220034, 0.16745989117220034, 0.16745989117220034, 0.16745989117220034, 0.16745989117220034, 0.19339815732352833, 0.16745989117220034, 0.16745989117220034, 0.16745989117220034, 0.16745989117220034, 0.16745989117220034, 0.16745989117220034, 0.16745989117220034, 0.16745989117220034, 0.16745989117220034, 0.16745989117220034, 0.16745989117220034, 0.16745989117220034, 0.16745989117220034, 0.16745989117220034
0.10644912719726562, 0.10573291778564453, 0.10477828979492188, 0.10601663589477539, 0.10611867904663086, 0.10464644432067871, 0.10549330711364746, 0.10803341865539551, 0.10738921165466309, 0.1038045883178711, 0.10403609275817871, 0.10551261901855469, 0.10503172874450684, 0.10604310035705566, 0.10392403602600098, 0.10461282730102539, 0.10358309745788574, 0.10430049896240234, 0.10445356369018555, 0.10475802421569824