{'Clndrs': 4, 'Volume': 91, 'HpX': 68, 'Model': 82}, {'Clndrs': 4, 'Volume': 97, 'HpX': 52, 'Model': 82}, {'Clndrs': 4, 'Volume': 72, 'HpX': 69, 'Model': 71}, {'Clndrs': 4, 'Volume': 89, 'HpX': 60, 'Model': 80}, {'Clndrs': 4, 'Volume': 97, 'HpX': 52, 'Model': 82}, {'Clndrs': 4, 'Volume': 89, 'HpX': 60, 'Model': 80}, {'Clndrs': 4, 'Volume': 91, 'HpX': 68, 'Model': 82}, {'Clndrs': 4, 'Volume': 97, 'HpX': 52, 'Model': 82}, {'Clndrs': 4, 'Volume': 91, 'HpX': 68, 'Model': 82}, {'Clndrs': 4, 'Volume': 97, 'HpX': 52, 'Model': 82}, {'Clndrs': 4, 'Volume': 97, 'HpX': 52, 'Model': 82}, {'Clndrs': 4, 'Volume': 97, 'HpX': 52, 'Model': 82}, {'Clndrs': 4, 'Volume': 97, 'HpX': 52, 'Model': 82}, {'Clndrs': 4, 'Volume': 97, 'HpX': 52, 'Model': 82}, {'Clndrs': 4, 'Volume': 97, 'HpX': 52, 'Model': 82}, {'Clndrs': 4, 'Volume': 97, 'HpX': 52, 'Model': 82}, {'Clndrs': 4, 'Volume': 97, 'HpX': 52, 'Model': 82}, {'Clndrs': 4, 'Volume': 97, 'HpX': 52, 'Model': 82}, {'Clndrs': 4, 'Volume': 97, 'HpX': 52, 'Model': 82}, {'Clndrs': 4, 'Volume': 98, 'HpX': 70, 'Model': 82}
0.27717746903880663, 0.16745989117220034, 0.27467083302654305, 0.25831625843393935, 0.16745989117220034, 0.25831625843393935, 0.27717746903880663, 0.16745989117220034, 0.27717746903880663, 0.16745989117220034, 0.16745989117220034, 0.16745989117220034, 0.16745989117220034, 0.16745989117220034, 0.16745989117220034, 0.16745989117220034, 0.16745989117220034, 0.16745989117220034, 0.16745989117220034, 0.3070676349313442
0.03450465202331543, 0.031679630279541016, 0.030032873153686523, 0.033724308013916016, 0.03272604942321777, 0.030233383178710938, 0.03310227394104004, 0.03320145606994629, 0.03228640556335449, 0.03649020195007324, 0.03828287124633789, 0.03625917434692383, 0.03595161437988281, 0.03591775894165039, 0.034839630126953125, 0.036060333251953125, 0.036234140396118164, 0.034880876541137695, 0.03462338447570801, 0.03522920608520508