{'Spout_wait': 7, 'Spliters': 6, 'Counters': 18}, {'Spout_wait': 8, 'Spliters': 6, 'Counters': 18}, {'Spout_wait': 10, 'Spliters': 6, 'Counters': 17}, {'Spout_wait': 10, 'Spliters': 6, 'Counters': 17}, {'Spout_wait': 5, 'Spliters': 6, 'Counters': 18}, {'Spout_wait': 9, 'Spliters': 6, 'Counters': 17}, {'Spout_wait': 8, 'Spliters': 6, 'Counters': 18}, {'Spout_wait': 9, 'Spliters': 6, 'Counters': 18}, {'Spout_wait': 8, 'Spliters': 6, 'Counters': 18}, {'Spout_wait': 4, 'Spliters': 6, 'Counters': 18}, {'Spout_wait': 8, 'Spliters': 6, 'Counters': 18}, {'Spout_wait': 8, 'Spliters': 6, 'Counters': 18}, {'Spout_wait': 5, 'Spliters': 3, 'Counters': 18}, {'Spout_wait': 6, 'Spliters': 6, 'Counters': 15}, {'Spout_wait': 9, 'Spliters': 6, 'Counters': 17}, {'Spout_wait': 8, 'Spliters': 6, 'Counters': 18}, {'Spout_wait': 8, 'Spliters': 6, 'Counters': 18}, {'Spout_wait': 8, 'Spliters': 6, 'Counters': 18}, {'Spout_wait': 10, 'Spliters': 6, 'Counters': 18}, {'Spout_wait': 8, 'Spliters': 6, 'Counters': 18}
0.06136399527686517, 0.023408920605627135, 0.0007473637588413625, 0.0007473637588413625, 0.03893991222898481, 0.008586239120553875, 0.023408920605627135, 0.03142005946668363, 0.023408920605627135, 0.0408853285508582, 0.023408920605627135, 0.023408920605627135, 0.11319533085451094, 0.0516294898461388, 0.008586239120553875, 0.023408920605627135, 0.023408920605627135, 0.023408920605627135, 0.02951134749036736, 0.023408920605627135
0.030875682830810547, 0.030024290084838867, 0.028446197509765625, 0.03733110427856445, 0.030515432357788086, 0.028570890426635742, 0.03166055679321289, 0.030175447463989258, 0.03050398826599121, 0.030306577682495117, 0.030153274536132812, 0.11601471900939941, 0.03512930870056152, 0.030251741409301758, 0.029308795928955078, 0.03219175338745117, 0.03484392166137695, 0.03606843948364258, 0.02458333969116211, 0.027072668075561523