{'Spout_wait': 10, 'Spliters': 6, 'Counters': 17}, {'Spout_wait': 10, 'Spliters': 6, 'Counters': 17}, {'Spout_wait': 10, 'Spliters': 6, 'Counters': 17}, {'Spout_wait': 10, 'Spliters': 6, 'Counters': 17}, {'Spout_wait': 10, 'Spliters': 6, 'Counters': 17}, {'Spout_wait': 10, 'Spliters': 6, 'Counters': 17}, {'Spout_wait': 10, 'Spliters': 6, 'Counters': 17}, {'Spout_wait': 10, 'Spliters': 6, 'Counters': 17}, {'Spout_wait': 10, 'Spliters': 6, 'Counters': 17}, {'Spout_wait': 10, 'Spliters': 6, 'Counters': 17}, {'Spout_wait': 10, 'Spliters': 6, 'Counters': 17}, {'Spout_wait': 10, 'Spliters': 6, 'Counters': 17}, {'Spout_wait': 9, 'Spliters': 3, 'Counters': 17}, {'Spout_wait': 10, 'Spliters': 6, 'Counters': 17}, {'Spout_wait': 10, 'Spliters': 6, 'Counters': 17}, {'Spout_wait': 10, 'Spliters': 6, 'Counters': 17}, {'Spout_wait': 10, 'Spliters': 6, 'Counters': 17}, {'Spout_wait': 10, 'Spliters': 6, 'Counters': 17}, {'Spout_wait': 10, 'Spliters': 6, 'Counters': 17}, {'Spout_wait': 10, 'Spliters': 6, 'Counters': 17}
0.0007473637588413625, 0.0007473637588413625, 0.0007473637588413625, 0.0007473637588413625, 0.0007473637588413625, 0.0007473637588413625, 0.0007473637588413625, 0.0007473637588413625, 0.0007473637588413625, 0.0007473637588413625, 0.0007473637588413625, 0.0007473637588413625, 0.02003399425027811, 0.0007473637588413625, 0.0007473637588413625, 0.0007473637588413625, 0.0007473637588413625, 0.0007473637588413625, 0.0007473637588413625, 0.0007473637588413625
0.22954654693603516, 0.23898577690124512, 0.23412418365478516, 0.2283632755279541, 0.2321758270263672, 0.2284097671508789, 0.22872638702392578, 0.2347700595855713, 0.22988486289978027, 0.23183965682983398, 0.22949910163879395, 0.22739243507385254, 0.22886896133422852, 0.23231005668640137, 0.22730088233947754, 0.2275834083557129, 0.2271711826324463, 0.22853326797485352, 0.23238754272460938, 0.22870635986328125