{'Spout_wait': 5, 'Spliters': 6, 'Counters': 11}, {'Spout_wait': 9, 'Spliters': 3, 'Counters': 18}, {'Spout_wait': 8, 'Spliters': 5, 'Counters': 15}, {'Spout_wait': 10, 'Spliters': 5, 'Counters': 18}, {'Spout_wait': 3, 'Spliters': 1, 'Counters': 17}, {'Spout_wait': 4, 'Spliters': 6, 'Counters': 17}, {'Spout_wait': 8, 'Spliters': 5, 'Counters': 9}, {'Spout_wait': 5, 'Spliters': 3, 'Counters': 18}, {'Spout_wait': 2, 'Spliters': 6, 'Counters': 18}, {'Spout_wait': 7, 'Spliters': 4, 'Counters': 11}, {'Spout_wait': 6, 'Spliters': 4, 'Counters': 18}, {'Spout_wait': 100, 'Spliters': 5, 'Counters': 12}, {'Spout_wait': 8, 'Spliters': 1, 'Counters': 17}, {'Spout_wait': 10, 'Spliters': 5, 'Counters': 13}, {'Spout_wait': 9, 'Spliters': 6, 'Counters': 18}, {'Spout_wait': 8, 'Spliters': 6, 'Counters': 18}, {'Spout_wait': 100, 'Spliters': 2, 'Counters': 10}, {'Spout_wait': 6, 'Spliters': 6, 'Counters': 18}, {'Spout_wait': 8, 'Spliters': 6, 'Counters': 9}, {'Spout_wait': 3, 'Spliters': 6, 'Counters': 9}
0.10894486246333333, 0.059810310677936775, 0.07531518144695172, 0.039326493932283275, 0.15086424035774504, 0.04488372625774841, 0.12829901998437582, 0.11319533085451094, 0.15318617906475968, 0.10728271921898697, 0.09215494647517551, 0.09938425092876833, 0.11706293112806788, 0.06555986454644985, 0.03142005946668363, 0.023408920605627135, 0.09870268742652612, 0.0672273725534143, 0.1250164947230051, 0.14511683218706775
0.009055137634277344, 0.00728297233581543, 0.009152889251708984, 0.009009122848510742, 0.012421369552612305, 0.011739253997802734, 0.011984586715698242, 0.010589361190795898, 0.01198434829711914, 0.01057887077331543, 0.010615110397338867, 0.01127481460571289, 0.010830402374267578, 0.012497425079345703, 0.017951488494873047, 0.01295161247253418, 0.00897836685180664, 0.009728193283081055, 0.00944972038269043, 0.009236574172973633