{'Spout_wait': 10, 'Spliters': 6, 'Counters': 17}, {'Spout_wait': 8, 'Spliters': 6, 'Counters': 18}, {'Spout_wait': 10, 'Spliters': 6, 'Counters': 17}, {'Spout_wait': 10, 'Spliters': 6, 'Counters': 17}, {'Spout_wait': 10, 'Spliters': 6, 'Counters': 18}, {'Spout_wait': 8, 'Spliters': 6, 'Counters': 17}, {'Spout_wait': 8, 'Spliters': 6, 'Counters': 18}, {'Spout_wait': 8, 'Spliters': 6, 'Counters': 18}, {'Spout_wait': 10, 'Spliters': 6, 'Counters': 17}, {'Spout_wait': 8, 'Spliters': 6, 'Counters': 18}, {'Spout_wait': 9, 'Spliters': 5, 'Counters': 17}, {'Spout_wait': 8, 'Spliters': 6, 'Counters': 18}, {'Spout_wait': 7, 'Spliters': 3, 'Counters': 17}, {'Spout_wait': 10, 'Spliters': 6, 'Counters': 17}, {'Spout_wait': 8, 'Spliters': 6, 'Counters': 17}, {'Spout_wait': 8, 'Spliters': 6, 'Counters': 18}, {'Spout_wait': 10, 'Spliters': 6, 'Counters': 17}, {'Spout_wait': 8, 'Spliters': 6, 'Counters': 17}, {'Spout_wait': 6, 'Spliters': 6, 'Counters': 17}, {'Spout_wait': 8, 'Spliters': 6, 'Counters': 17}
0.0007473637588413625, 0.023408920605627135, 0.0007473637588413625, 0.0007473637588413625, 0.02951134749036736, 0.006111178207122468, 0.023408920605627135, 0.023408920605627135, 0.0007473637588413625, 0.023408920605627135, 0.020466796587967708, 0.023408920605627135, 0.029670521681075954, 0.0007473637588413625, 0.006111178207122468, 0.023408920605627135, 0.0007473637588413625, 0.006111178207122468, 0.02559787725652472, 0.006111178207122468
0.10683703422546387, 0.05726933479309082, 0.05846357345581055, 0.05850553512573242, 0.05828428268432617, 0.05840635299682617, 0.05704450607299805, 0.0564570426940918, 0.056664228439331055, 0.05563974380493164, 0.05656886100769043, 0.1285390853881836, 0.05695843696594238, 0.0573427677154541, 0.05678415298461914, 0.05710768699645996, 0.05709362030029297, 0.05708622932434082, 0.056723833084106445, 0.05603480339050293