{'Spout_wait': 3, 'Spliters': 5, 'Counters': 9}, {'Spout_wait': 6, 'Spliters': 5, 'Counters': 8}, {'Spout_wait': 6, 'Spliters': 3, 'Counters': 15}, {'Spout_wait': 5, 'Spliters': 4, 'Counters': 10}, {'Spout_wait': 5, 'Spliters': 3, 'Counters': 5}, {'Spout_wait': 6, 'Spliters': 6, 'Counters': 17}, {'Spout_wait': 1, 'Spliters': 4, 'Counters': 2}, {'Spout_wait': 6, 'Spliters': 1, 'Counters': 3}, {'Spout_wait': 2, 'Spliters': 2, 'Counters': 4}, {'Spout_wait': 9, 'Spliters': 4, 'Counters': 7}, {'Spout_wait': 6, 'Spliters': 6, 'Counters': 2}, {'Spout_wait': 1, 'Spliters': 6, 'Counters': 6}, {'Spout_wait': 5, 'Spliters': 1, 'Counters': 9}, {'Spout_wait': 10, 'Spliters': 6, 'Counters': 5}, {'Spout_wait': 2, 'Spliters': 3, 'Counters': 1}, {'Spout_wait': 1, 'Spliters': 3, 'Counters': 5}, {'Spout_wait': 6, 'Spliters': 4, 'Counters': 2}, {'Spout_wait': 2, 'Spliters': 5, 'Counters': 14}, {'Spout_wait': 6, 'Spliters': 4, 'Counters': 13}, {'Spout_wait': 4, 'Spliters': 2, 'Counters': 8}
0.08209778137571769, 0.11449294258709611, 0.0665880704331032, 0.11485237359323712, 0.11132014341493696, 0.09814544075718906, 0.12792552408979235, 0.26573824402721485, 0.23074901388173782, 0.26042246500866856, 0.11203795583240986, 0.1562063043689364, 0.2404328560503841, 0.2740461928842693, 0.07964273981014112, 0.16764391353657243, 0.06473198371359525, 0.04724666887988786, 0.06622868155999705, 0.17172334679681783
0.011414051055908203, 0.009826898574829102, 0.00777888298034668, 0.007093667984008789, 0.007918357849121094, 0.00936269760131836, 0.007847070693969727, 0.009456157684326172, 0.0075800418853759766, 0.011489152908325195, 0.008254051208496094, 0.009896039962768555, 0.007496356964111328, 0.007683992385864258, 0.009987354278564453, 0.009442329406738281, 0.007877349853515625, 0.007706403732299805, 0.007653951644897461, 0.009582757949829102