{'Spout_wait': 3, 'Spliters': 6, 'Counters': 1}, {'Spout_wait': 5, 'Spliters': 5, 'Counters': 1}, {'Spout_wait': 3, 'Spliters': 6, 'Counters': 1}, {'Spout_wait': 3, 'Spliters': 6, 'Counters': 1}, {'Spout_wait': 5, 'Spliters': 5, 'Counters': 1}, {'Spout_wait': 3, 'Spliters': 6, 'Counters': 1}, {'Spout_wait': 5, 'Spliters': 5, 'Counters': 1}, {'Spout_wait': 2, 'Spliters': 6, 'Counters': 18}, {'Spout_wait': 5, 'Spliters': 5, 'Counters': 1}, {'Spout_wait': 4, 'Spliters': 6, 'Counters': 1}, {'Spout_wait': 3, 'Spliters': 6, 'Counters': 1}, {'Spout_wait': 6, 'Spliters': 6, 'Counters': 3}, {'Spout_wait': 3, 'Spliters': 6, 'Counters': 1}, {'Spout_wait': 5, 'Spliters': 6, 'Counters': 14}, {'Spout_wait': 3, 'Spliters': 6, 'Counters': 1}, {'Spout_wait': 4, 'Spliters': 5, 'Counters': 17}, {'Spout_wait': 2, 'Spliters': 6, 'Counters': 18}, {'Spout_wait': 2, 'Spliters': 5, 'Counters': 14}, {'Spout_wait': 6, 'Spliters': 5, 'Counters': 16}, {'Spout_wait': 5, 'Spliters': 6, 'Counters': 14}
0.060959206069921903, 4.1023799471427126e-05, 0.060959206069921903, 0.060959206069921903, 4.1023799471427126e-05, 0.060959206069921903, 4.1023799471427126e-05, 0.05658818806113299, 4.1023799471427126e-05, 0.06341415770644482, 0.060959206069921903, 0.10497251469119456, 0.060959206069921903, 0.05053990568724741, 0.060959206069921903, 0.0689839553311513, 0.05658818806113299, 0.04724666887988786, 0.05874364051266883, 0.05053990568724741
0.10696268081665039, 0.1057288646697998, 0.10616278648376465, 0.11639714241027832, 0.11600494384765625, 0.10980844497680664, 0.11146950721740723, 0.10894370079040527, 0.11627554893493652, 0.11189579963684082, 0.10921335220336914, 0.11486387252807617, 0.11111140251159668, 0.11025214195251465, 0.11119580268859863, 0.11314153671264648, 0.10988402366638184, 0.10893511772155762, 0.10864114761352539, 0.10912609100341797