{'Spout_wait': 3, 'Spliters': 5, 'Counters': 9}, {'Spout_wait': 3, 'Spliters': 6, 'Counters': 1}, {'Spout_wait': 3, 'Spliters': 6, 'Counters': 1}, {'Spout_wait': 3, 'Spliters': 6, 'Counters': 1}, {'Spout_wait': 4, 'Spliters': 6, 'Counters': 1}, {'Spout_wait': 3, 'Spliters': 6, 'Counters': 1}, {'Spout_wait': 5, 'Spliters': 5, 'Counters': 1}, {'Spout_wait': 2, 'Spliters': 6, 'Counters': 18}, {'Spout_wait': 3, 'Spliters': 6, 'Counters': 1}, {'Spout_wait': 4, 'Spliters': 6, 'Counters': 1}, {'Spout_wait': 3, 'Spliters': 6, 'Counters': 1}, {'Spout_wait': 1, 'Spliters': 6, 'Counters': 6}, {'Spout_wait': 2, 'Spliters': 6, 'Counters': 2}, {'Spout_wait': 4, 'Spliters': 6, 'Counters': 1}, {'Spout_wait': 2, 'Spliters': 3, 'Counters': 1}, {'Spout_wait': 4, 'Spliters': 5, 'Counters': 17}, {'Spout_wait': 4, 'Spliters': 6, 'Counters': 1}, {'Spout_wait': 2, 'Spliters': 5, 'Counters': 14}, {'Spout_wait': 6, 'Spliters': 6, 'Counters': 18}, {'Spout_wait': 2, 'Spliters': 6, 'Counters': 18}
0.08209778137571769, 0.060959206069921903, 0.060959206069921903, 0.060959206069921903, 0.06341415770644482, 0.060959206069921903, 4.1023799471427126e-05, 0.05658818806113299, 0.060959206069921903, 0.06341415770644482, 0.060959206069921903, 0.1562063043689364, 0.08886505717085376, 0.06341415770644482, 0.07964273981014112, 0.0689839553311513, 0.06341415770644482, 0.04724666887988786, 0.06317483948161394, 0.05658818806113299
0.06156802177429199, 0.05678582191467285, 0.05646204948425293, 0.05538439750671387, 0.05634784698486328, 0.05568194389343262, 0.05590033531188965, 0.056496381759643555, 0.05602097511291504, 0.054642438888549805, 0.0563657283782959, 0.05669283866882324, 0.05661487579345703, 0.05510544776916504, 0.05599164962768555, 0.05759572982788086, 0.05603837966918945, 0.05613136291503906, 0.05792427062988281, 0.05878710746765137