{'Spout_wait': 3, 'Spliters': 5, 'Counters': 9}, {'Spout_wait': 3, 'Spliters': 6, 'Counters': 1}, {'Spout_wait': 3, 'Spliters': 6, 'Counters': 1}, {'Spout_wait': 3, 'Spliters': 6, 'Counters': 1}, {'Spout_wait': 4, 'Spliters': 6, 'Counters': 1}, {'Spout_wait': 5, 'Spliters': 6, 'Counters': 1}, {'Spout_wait': 1, 'Spliters': 4, 'Counters': 2}, {'Spout_wait': 2, 'Spliters': 6, 'Counters': 18}, {'Spout_wait': 3, 'Spliters': 6, 'Counters': 1}, {'Spout_wait': 4, 'Spliters': 6, 'Counters': 1}, {'Spout_wait': 5, 'Spliters': 6, 'Counters': 1}, {'Spout_wait': 1, 'Spliters': 6, 'Counters': 6}, {'Spout_wait': 2, 'Spliters': 6, 'Counters': 2}, {'Spout_wait': 2, 'Spliters': 6, 'Counters': 1}, {'Spout_wait': 2, 'Spliters': 3, 'Counters': 1}, {'Spout_wait': 4, 'Spliters': 6, 'Counters': 18}, {'Spout_wait': 6, 'Spliters': 4, 'Counters': 2}, {'Spout_wait': 2, 'Spliters': 5, 'Counters': 14}, {'Spout_wait': 6, 'Spliters': 6, 'Counters': 18}, {'Spout_wait': 2, 'Spliters': 6, 'Counters': 18}
0.08209778137571769, 0.060959206069921903, 0.060959206069921903, 0.060959206069921903, 0.06341415770644482, 0.06970230856181393, 0.12792552408979235, 0.05658818806113299, 0.060959206069921903, 0.06341415770644482, 0.06970230856181393, 0.1562063043689364, 0.08886505717085376, 0.1134152684351542, 0.07964273981014112, 0.08832484495857186, 0.06473198371359525, 0.04724666887988786, 0.06317483948161394, 0.05658818806113299
0.048929691314697266, 0.024121999740600586, 0.02198195457458496, 0.022693157196044922, 0.021719932556152344, 0.022348642349243164, 0.02195000648498535, 0.022209882736206055, 0.021799325942993164, 0.021893739700317383, 0.021244049072265625, 0.022414684295654297, 0.022846221923828125, 0.019879579544067383, 0.01964092254638672, 0.028628826141357422, 0.022012948989868164, 0.031269073486328125, 0.02270674705505371, 0.02317667007446289