{'Spout_wait': 3, 'Spliters': 5, 'Counters': 9}, {'Spout_wait': 3, 'Spliters': 6, 'Counters': 1}, {'Spout_wait': 3, 'Spliters': 6, 'Counters': 1}, {'Spout_wait': 3, 'Spliters': 6, 'Counters': 1}, {'Spout_wait': 4, 'Spliters': 6, 'Counters': 1}, {'Spout_wait': 3, 'Spliters': 6, 'Counters': 1}, {'Spout_wait': 5, 'Spliters': 5, 'Counters': 1}, {'Spout_wait': 2, 'Spliters': 6, 'Counters': 18}, {'Spout_wait': 3, 'Spliters': 6, 'Counters': 1}, {'Spout_wait': 4, 'Spliters': 6, 'Counters': 1}, {'Spout_wait': 3, 'Spliters': 6, 'Counters': 1}, {'Spout_wait': 1, 'Spliters': 6, 'Counters': 6}, {'Spout_wait': 2, 'Spliters': 6, 'Counters': 2}, {'Spout_wait': 4, 'Spliters': 5, 'Counters': 18}, {'Spout_wait': 2, 'Spliters': 3, 'Counters': 1}, {'Spout_wait': 4, 'Spliters': 5, 'Counters': 17}, {'Spout_wait': 4, 'Spliters': 6, 'Counters': 1}, {'Spout_wait': 2, 'Spliters': 5, 'Counters': 14}, {'Spout_wait': 6, 'Spliters': 6, 'Counters': 18}, {'Spout_wait': 2, 'Spliters': 6, 'Counters': 18}
0.08209778137571769, 0.060959206069921903, 0.060959206069921903, 0.060959206069921903, 0.06341415770644482, 0.060959206069921903, 4.1023799471427126e-05, 0.05658818806113299, 0.060959206069921903, 0.06341415770644482, 0.060959206069921903, 0.1562063043689364, 0.08886505717085376, 0.07383405059188267, 0.07964273981014112, 0.0689839553311513, 0.06341415770644482, 0.04724666887988786, 0.06317483948161394, 0.05658818806113299
0.03144335746765137, 0.028740406036376953, 0.028652429580688477, 0.029433488845825195, 0.029520750045776367, 0.02873539924621582, 0.029510498046875, 0.029607057571411133, 0.04235076904296875, 0.02733445167541504, 0.02966928482055664, 0.02904033660888672, 0.029717206954956055, 0.028260231018066406, 0.030897855758666992, 0.028989791870117188, 0.027228355407714844, 0.0304567813873291, 0.027971506118774414, 0.02695298194885254