{'Spout_wait': 3, 'Spliters': 5, 'Counters': 9}, {'Spout_wait': 6, 'Spliters': 5, 'Counters': 8}, {'Spout_wait': 3, 'Spliters': 6, 'Counters': 1}, {'Spout_wait': 3, 'Spliters': 6, 'Counters': 1}, {'Spout_wait': 5, 'Spliters': 3, 'Counters': 5}, {'Spout_wait': 5, 'Spliters': 6, 'Counters': 1}, {'Spout_wait': 1, 'Spliters': 4, 'Counters': 2}, {'Spout_wait': 2, 'Spliters': 6, 'Counters': 18}, {'Spout_wait': 3, 'Spliters': 6, 'Counters': 1}, {'Spout_wait': 4, 'Spliters': 6, 'Counters': 1}, {'Spout_wait': 5, 'Spliters': 6, 'Counters': 1}, {'Spout_wait': 1, 'Spliters': 6, 'Counters': 6}, {'Spout_wait': 2, 'Spliters': 6, 'Counters': 2}, {'Spout_wait': 2, 'Spliters': 6, 'Counters': 1}, {'Spout_wait': 2, 'Spliters': 3, 'Counters': 1}, {'Spout_wait': 3, 'Spliters': 6, 'Counters': 18}, {'Spout_wait': 6, 'Spliters': 4, 'Counters': 2}, {'Spout_wait': 2, 'Spliters': 5, 'Counters': 14}, {'Spout_wait': 6, 'Spliters': 6, 'Counters': 18}, {'Spout_wait': 4, 'Spliters': 2, 'Counters': 8}
0.08209778137571769, 0.11449294258709611, 0.060959206069921903, 0.060959206069921903, 0.11132014341493696, 0.06970230856181393, 0.12792552408979235, 0.05658818806113299, 0.060959206069921903, 0.06341415770644482, 0.06970230856181393, 0.1562063043689364, 0.08886505717085376, 0.1134152684351542, 0.07964273981014112, 0.08862460786000743, 0.06473198371359525, 0.04724666887988786, 0.06317483948161394, 0.17172334679681783
0.025131702423095703, 0.01894545555114746, 0.021574974060058594, 0.012862920761108398, 0.013376951217651367, 0.013172149658203125, 0.011432647705078125, 0.013942241668701172, 0.013587474822998047, 0.01341700553894043, 0.013231277465820312, 0.013753890991210938, 0.011530876159667969, 0.013261079788208008, 0.011236429214477539, 0.011406183242797852, 0.013180732727050781, 0.011850357055664062, 0.011643648147583008, 0.01286458969116211