{'Max_spout': 1000000.0, 'Spliters': 2, 'Counters': 18}, {'Max_spout': 1000000.0, 'Spliters': 2, 'Counters': 18}, {'Max_spout': 1000000.0, 'Spliters': 2, 'Counters': 18}, {'Max_spout': 1000000.0, 'Spliters': 2, 'Counters': 18}, {'Max_spout': 1000000.0, 'Spliters': 2, 'Counters': 18}, {'Max_spout': 1000000.0, 'Spliters': 2, 'Counters': 18}, {'Max_spout': 1000000.0, 'Spliters': 2, 'Counters': 18}, {'Max_spout': 1000000.0, 'Spliters': 2, 'Counters': 18}, {'Max_spout': 1000000.0, 'Spliters': 2, 'Counters': 18}, {'Max_spout': 1000000.0, 'Spliters': 2, 'Counters': 18}, {'Max_spout': 1000000.0, 'Spliters': 2, 'Counters': 18}, {'Max_spout': 1000000.0, 'Spliters': 2, 'Counters': 18}, {'Max_spout': 1000000.0, 'Spliters': 2, 'Counters': 18}, {'Max_spout': 1000000.0, 'Spliters': 2, 'Counters': 18}, {'Max_spout': 1000000.0, 'Spliters': 2, 'Counters': 18}, {'Max_spout': 1000000.0, 'Spliters': 2, 'Counters': 18}, {'Max_spout': 1000000.0, 'Spliters': 2, 'Counters': 18}, {'Max_spout': 1000000.0, 'Spliters': 2, 'Counters': 18}, {'Max_spout': 1000000.0, 'Spliters': 2, 'Counters': 18}, {'Max_spout': 1000000.0, 'Spliters': 2, 'Counters': 18}
0.3164259069728935, 0.3164259069728935, 0.3164259069728935, 0.3164259069728935, 0.3164259069728935, 0.3164259069728935, 0.3164259069728935, 0.3164259069728935, 0.3164259069728935, 0.3164259069728935, 0.3164259069728935, 0.3164259069728935, 0.3164259069728935, 0.3164259069728935, 0.3164259069728935, 0.3164259069728935, 0.3164259069728935, 0.3164259069728935, 0.3164259069728935, 0.3164259069728935
0.16182208061218262, 0.1590263843536377, 0.15675878524780273, 0.160125732421875, 0.15970683097839355, 0.1622638702392578, 0.16594672203063965, 0.16512775421142578, 0.15731048583984375, 0.16014671325683594, 0.1582353115081787, 0.16058039665222168, 0.16011500358581543, 0.16019225120544434, 0.15864324569702148, 0.15938258171081543, 0.15918517112731934, 0.15685153007507324, 0.1571521759033203, 0.15900373458862305