{'Max_spout': 1000000.0, 'Spliters': 2, 'Counters': 18}, {'Max_spout': 1000000.0, 'Spliters': 1, 'Counters': 6}, {'Max_spout': 1000000.0, 'Spliters': 6, 'Counters': 1}, {'Max_spout': 1000000.0, 'Spliters': 1, 'Counters': 6}, {'Max_spout': 1000000.0, 'Spliters': 2, 'Counters': 18}, {'Max_spout': 1000000.0, 'Spliters': 6, 'Counters': 1}, {'Max_spout': 1000000.0, 'Spliters': 6, 'Counters': 1}, {'Max_spout': 1000000.0, 'Spliters': 2, 'Counters': 18}, {'Max_spout': 1000000.0, 'Spliters': 2, 'Counters': 18}, {'Max_spout': 1000000.0, 'Spliters': 1, 'Counters': 9}, {'Max_spout': 1000000.0, 'Spliters': 2, 'Counters': 18}, {'Max_spout': 1000000.0, 'Spliters': 6, 'Counters': 1}, {'Max_spout': 1000000.0, 'Spliters': 1, 'Counters': 6}, {'Max_spout': 1000000.0, 'Spliters': 6, 'Counters': 1}, {'Max_spout': 1000000.0, 'Spliters': 6, 'Counters': 1}, {'Max_spout': 1000000.0, 'Spliters': 6, 'Counters': 1}, {'Max_spout': 1000, 'Spliters': 2, 'Counters': 15}, {'Max_spout': 1000000.0, 'Spliters': 2, 'Counters': 18}, {'Max_spout': 1000000.0, 'Spliters': 1, 'Counters': 6}, {'Max_spout': 1000000.0, 'Spliters': 6, 'Counters': 1}
0.3164259069728935, 0.36846990554864756, 0.4035768335983531, 0.36846990554864756, 0.3164259069728935, 0.4035768335983531, 0.4035768335983531, 0.3164259069728935, 0.3164259069728935, 0.32012653299473015, 0.3164259069728935, 0.4035768335983531, 0.36846990554864756, 0.4035768335983531, 0.4035768335983531, 0.4035768335983531, 0.3689297604389507, 0.3164259069728935, 0.36846990554864756, 0.4035768335983531
0.029553651809692383, 0.02601909637451172, 0.02783656120300293, 0.027631282806396484, 0.02715587615966797, 0.02803778648376465, 0.025802135467529297, 0.029126882553100586, 0.02871870994567871, 0.02909374237060547, 0.03227090835571289, 0.027118444442749023, 0.027424335479736328, 0.028133630752563477, 0.02580571174621582, 0.028191089630126953, 0.02781200408935547, 0.02656841278076172, 0.02777385711669922, 0.02842259407043457