{'Max_spout': 100, 'Spliters': 6, 'Counters': 9}, {'Max_spout': 100000.0, 'Spliters': 6, 'Counters': 18}, {'Max_spout': 10, 'Spliters': 2, 'Counters': 18}, {'Max_spout': 1000000.0, 'Spliters': 6, 'Counters': 12}, {'Max_spout': 10000, 'Spliters': 2, 'Counters': 15}, {'Max_spout': 1000, 'Spliters': 1, 'Counters': 9}, {'Max_spout': 100, 'Spliters': 3, 'Counters': 12}, {'Max_spout': 100000.0, 'Spliters': 6, 'Counters': 18}, {'Max_spout': 1000000.0, 'Spliters': 6, 'Counters': 1}, {'Max_spout': 1000, 'Spliters': 6, 'Counters': 9}, {'Max_spout': 1000, 'Spliters': 2, 'Counters': 6}, {'Max_spout': 100, 'Spliters': 6, 'Counters': 12}, {'Max_spout': 1000000.0, 'Spliters': 6, 'Counters': 1}, {'Max_spout': 10000, 'Spliters': 2, 'Counters': 9}, {'Max_spout': 10, 'Spliters': 6, 'Counters': 9}, {'Max_spout': 100000.0, 'Spliters': 6, 'Counters': 18}, {'Max_spout': 1000, 'Spliters': 2, 'Counters': 15}, {'Max_spout': 1000, 'Spliters': 2, 'Counters': 6}, {'Max_spout': 1000000.0, 'Spliters': 6, 'Counters': 9}, {'Max_spout': 1000, 'Spliters': 3, 'Counters': 9}
0.4878857691976324, 0.42495585890769383, 0.5314034555672825, 0.449845535524447, 0.373962536937878, 0.46768623146739446, 0.5144171485858922, 0.42495585890769383, 0.4035768335983531, 0.4567073576860187, 0.4574555529336537, 0.46788156760283006, 0.4035768335983531, 0.4083252000894198, 0.5230474081280827, 0.42495585890769383, 0.3689297604389507, 0.4574555529336537, 0.44400910161431717, 0.4905387254901873
0.011914730072021484, 0.009064197540283203, 0.009384870529174805, 0.009040355682373047, 0.0071392059326171875, 0.006699800491333008, 0.008191585540771484, 0.008674144744873047, 0.007071495056152344, 0.00687861442565918, 0.007233858108520508, 0.0067059993743896484, 0.008839845657348633, 0.0068132877349853516, 0.0072765350341796875, 0.008326053619384766, 0.006861686706542969, 0.00840616226196289, 0.006722927093505859, 0.006920337677001953