{'Max_spout': 1000, 'Spliters': 4, 'Counters': 17}, {'Max_spout': 1000, 'Spliters': 1, 'Counters': 17}, {'Max_spout': 1000, 'Spliters': 2, 'Counters': 17}, {'Max_spout': 10000, 'Spliters': 1, 'Counters': 2}, {'Max_spout': 1000000.0, 'Spliters': 6, 'Counters': 1}, {'Max_spout': 1000000.0, 'Spliters': 4, 'Counters': 17}, {'Max_spout': 1000000.0, 'Spliters': 3, 'Counters': 18}, {'Max_spout': 1000000.0, 'Spliters': 6, 'Counters': 2}, {'Max_spout': 100000.0, 'Spliters': 2, 'Counters': 17}, {'Max_spout': 1000000.0, 'Spliters': 2, 'Counters': 18}, {'Max_spout': 10000, 'Spliters': 2, 'Counters': 15}, {'Max_spout': 1000, 'Spliters': 1, 'Counters': 16}, {'Max_spout': 1000000.0, 'Spliters': 2, 'Counters': 18}, {'Max_spout': 1000000.0, 'Spliters': 2, 'Counters': 13}, {'Max_spout': 1000, 'Spliters': 3, 'Counters': 13}, {'Max_spout': 1000000.0, 'Spliters': 2, 'Counters': 18}, {'Max_spout': 1000, 'Spliters': 1, 'Counters': 18}, {'Max_spout': 1000000.0, 'Spliters': 6, 'Counters': 1}, {'Max_spout': 1000, 'Spliters': 5, 'Counters': 12}, {'Max_spout': 100000.0, 'Spliters': 1, 'Counters': 18}
0.2673802716242708, 0.24206428500135543, 0.20413732624457143, 0.28759694333602737, 0.31281164929133526, 0.3097066890218356, 0.2942332091133377, 0.32312977282615724, 0.1237196976788916, 0.13380251720146813, 0.12284324324612456, 0.19199060033478188, 0.13380251720146813, 0.17533366435627948, 0.2771798056250871, 0.13380251720146813, 0.21699195389798218, 0.31281164929133526, 0.3089422016292604, 0.24656688748131764
0.03362298011779785, 0.029424428939819336, 0.027169466018676758, 0.029091596603393555, 0.02652287483215332, 0.028220415115356445, 0.02902698516845703, 0.03237009048461914, 0.03875470161437988, 0.03440594673156738, 0.03455519676208496, 0.0331881046295166, 0.04310274124145508, 0.027643203735351562, 0.028408288955688477, 0.028539657592773438, 0.028064250946044922, 0.026380538940429688, 0.028779029846191406, 0.028007030487060547