{'Max_spout': 1000, 'Spliters': 3, 'Counters': 16}, {'Max_spout': 100, 'Spliters': 1, 'Counters': 18}, {'Max_spout': 1000, 'Spliters': 2, 'Counters': 17}, {'Max_spout': 1000000.0, 'Spliters': 6, 'Counters': 2}, {'Max_spout': 1000000.0, 'Spliters': 6, 'Counters': 1}, {'Max_spout': 100, 'Spliters': 1, 'Counters': 18}, {'Max_spout': 1000000.0, 'Spliters': 3, 'Counters': 18}, {'Max_spout': 1000000.0, 'Spliters': 6, 'Counters': 2}, {'Max_spout': 100, 'Spliters': 5, 'Counters': 17}, {'Max_spout': 1000000.0, 'Spliters': 2, 'Counters': 13}, {'Max_spout': 1000000.0, 'Spliters': 1, 'Counters': 14}, {'Max_spout': 1000, 'Spliters': 1, 'Counters': 16}, {'Max_spout': 1000, 'Spliters': 2, 'Counters': 16}, {'Max_spout': 1000000.0, 'Spliters': 2, 'Counters': 13}, {'Max_spout': 1000, 'Spliters': 3, 'Counters': 13}, {'Max_spout': 1000000.0, 'Spliters': 2, 'Counters': 18}, {'Max_spout': 1000, 'Spliters': 1, 'Counters': 18}, {'Max_spout': 1000000.0, 'Spliters': 6, 'Counters': 1}, {'Max_spout': 1000, 'Spliters': 5, 'Counters': 12}, {'Max_spout': 100000.0, 'Spliters': 1, 'Counters': 18}
0.276685119402627, 0.32248438585727973, 0.20413732624457143, 0.32312977282615724, 0.31281164929133526, 0.32248438585727973, 0.2942332091133377, 0.32312977282615724, 0.33036020389534587, 0.17533366435627948, 0.2737265488931854, 0.19199060033478188, 0.24800718592450482, 0.17533366435627948, 0.2771798056250871, 0.13380251720146813, 0.21699195389798218, 0.31281164929133526, 0.3089422016292604, 0.24656688748131764
0.024837970733642578, 0.01665472984313965, 0.014024019241333008, 0.024707794189453125, 0.010056495666503906, 0.010565042495727539, 0.01109933853149414, 0.017286300659179688, 0.010328531265258789, 0.011966705322265625, 0.011745452880859375, 0.012774467468261719, 0.012154340744018555, 0.012418985366821289, 0.010607481002807617, 0.010491132736206055, 0.010543584823608398, 0.010255098342895508, 0.010761499404907227, 0.011677265167236328