{'Max_spout': 1000, 'Spliters': 3, 'Counters': 16}, {'Max_spout': 100, 'Spliters': 1, 'Counters': 18}, {'Max_spout': 1000, 'Spliters': 2, 'Counters': 17}, {'Max_spout': 100000.0, 'Spliters': 6, 'Counters': 2}, {'Max_spout': 1000000.0, 'Spliters': 6, 'Counters': 1}, {'Max_spout': 100, 'Spliters': 1, 'Counters': 18}, {'Max_spout': 1000000.0, 'Spliters': 3, 'Counters': 18}, {'Max_spout': 1000000.0, 'Spliters': 6, 'Counters': 2}, {'Max_spout': 1000000.0, 'Spliters': 2, 'Counters': 16}, {'Max_spout': 1000000.0, 'Spliters': 2, 'Counters': 13}, {'Max_spout': 10000, 'Spliters': 2, 'Counters': 16}, {'Max_spout': 1000, 'Spliters': 1, 'Counters': 16}, {'Max_spout': 1000, 'Spliters': 2, 'Counters': 16}, {'Max_spout': 1000000.0, 'Spliters': 2, 'Counters': 13}, {'Max_spout': 1000, 'Spliters': 3, 'Counters': 13}, {'Max_spout': 1000000.0, 'Spliters': 2, 'Counters': 18}, {'Max_spout': 1000, 'Spliters': 1, 'Counters': 18}, {'Max_spout': 1000000.0, 'Spliters': 6, 'Counters': 1}, {'Max_spout': 1000, 'Spliters': 5, 'Counters': 12}, {'Max_spout': 100000.0, 'Spliters': 1, 'Counters': 18}
0.276685119402627, 0.32248438585727973, 0.20413732624457143, 0.3118618414296406, 0.31281164929133526, 0.32248438585727973, 0.2942332091133377, 0.32312977282615724, 0.19902882585866657, 0.17533366435627948, 0.18114052732309163, 0.19199060033478188, 0.24800718592450482, 0.17533366435627948, 0.2771798056250871, 0.13380251720146813, 0.21699195389798218, 0.31281164929133526, 0.3089422016292604, 0.24656688748131764
0.025157690048217773, 0.022342443466186523, 0.02022242546081543, 0.02127528190612793, 0.020323753356933594, 0.02277851104736328, 0.020371437072753906, 0.021029949188232422, 0.021849870681762695, 0.02008509635925293, 0.020693302154541016, 0.02088761329650879, 0.022706270217895508, 0.022054433822631836, 0.023192644119262695, 0.02083897590637207, 0.021049976348876953, 0.020230531692504883, 0.02231121063232422, 0.021822214126586914