{'Max_spout': 1000, 'Spliters': 3, 'Counters': 16}, {'Max_spout': 100, 'Spliters': 5, 'Counters': 14}, {'Max_spout': 1000, 'Spliters': 2, 'Counters': 17}, {'Max_spout': 100, 'Spliters': 1, 'Counters': 6}, {'Max_spout': 10, 'Spliters': 6, 'Counters': 10}, {'Max_spout': 1, 'Spliters': 3, 'Counters': 2}, {'Max_spout': 100, 'Spliters': 2, 'Counters': 12}, {'Max_spout': 10000, 'Spliters': 5, 'Counters': 6}, {'Max_spout': 100, 'Spliters': 5, 'Counters': 17}, {'Max_spout': 1000000.0, 'Spliters': 2, 'Counters': 13}, {'Max_spout': 1000000.0, 'Spliters': 1, 'Counters': 14}, {'Max_spout': 1000, 'Spliters': 1, 'Counters': 16}, {'Max_spout': 1000, 'Spliters': 2, 'Counters': 16}, {'Max_spout': 1000000.0, 'Spliters': 2, 'Counters': 13}, {'Max_spout': 1000, 'Spliters': 3, 'Counters': 13}, {'Max_spout': 100000.0, 'Spliters': 3, 'Counters': 18}, {'Max_spout': 100, 'Spliters': 3, 'Counters': 9}, {'Max_spout': 100, 'Spliters': 1, 'Counters': 4}, {'Max_spout': 1000, 'Spliters': 5, 'Counters': 12}, {'Max_spout': 1000, 'Spliters': 1, 'Counters': 1}
0.276685119402627, 0.3478314774449016, 0.20413732624457143, 0.34106283344296756, 0.4983749315622382, 0.6880595601647584, 0.31660304517403337, 0.36144877484378296, 0.33036020389534587, 0.17533366435627948, 0.2737265488931854, 0.19199060033478188, 0.24800718592450482, 0.17533366435627948, 0.2771798056250871, 0.2849287725356881, 0.32603360910627066, 0.3798686931657656, 0.3089422016292604, 0.3501509270579833
0.01493525505065918, 0.009231805801391602, 0.00892186164855957, 0.008283138275146484, 0.007952451705932617, 0.00952768325805664, 0.008259773254394531, 0.0082855224609375, 0.008914709091186523, 0.007344961166381836, 0.00959014892578125, 0.009419918060302734, 0.008217811584472656, 0.009019613265991211, 0.00873708724975586, 0.019911766052246094, 0.010223627090454102, 0.013976097106933594, 0.010590314865112305, 0.008948802947998047