{'Max_spout': 10000, 'Spliters': 2, 'Counters': 17}, {'Max_spout': 10000, 'Spliters': 2, 'Counters': 15}, {'Max_spout': 1000000.0, 'Spliters': 2, 'Counters': 18}, {'Max_spout': 100000.0, 'Spliters': 3, 'Counters': 18}, {'Max_spout': 1000000.0, 'Spliters': 3, 'Counters': 2}, {'Max_spout': 10000, 'Spliters': 2, 'Counters': 15}, {'Max_spout': 10000, 'Spliters': 2, 'Counters': 17}, {'Max_spout': 1000, 'Spliters': 3, 'Counters': 2}, {'Max_spout': 100000.0, 'Spliters': 2, 'Counters': 17}, {'Max_spout': 1000000.0, 'Spliters': 2, 'Counters': 18}, {'Max_spout': 10000, 'Spliters': 2, 'Counters': 15}, {'Max_spout': 10000, 'Spliters': 2, 'Counters': 15}, {'Max_spout': 10000, 'Spliters': 2, 'Counters': 15}, {'Max_spout': 1000000.0, 'Spliters': 2, 'Counters': 13}, {'Max_spout': 1000000.0, 'Spliters': 2, 'Counters': 13}, {'Max_spout': 10000, 'Spliters': 2, 'Counters': 15}, {'Max_spout': 10000, 'Spliters': 2, 'Counters': 15}, {'Max_spout': 1000000.0, 'Spliters': 2, 'Counters': 18}, {'Max_spout': 10000, 'Spliters': 6, 'Counters': 1}, {'Max_spout': 100000.0, 'Spliters': 2, 'Counters': 17}
0.13361873109709846, 0.12284324324612456, 0.13380251720146813, 0.2849287725356881, 0.24188575533795414, 0.12284324324612456, 0.13361873109709846, 0.26929600397184056, 0.1237196976788916, 0.13380251720146813, 0.12284324324612456, 0.12284324324612456, 0.12284324324612456, 0.17533366435627948, 0.17533366435627948, 0.12284324324612456, 0.12284324324612456, 0.13380251720146813, 0.3049403342160628, 0.1237196976788916
0.10746908187866211, 0.1044166088104248, 0.10578036308288574, 0.10534310340881348, 0.11723208427429199, 0.11161947250366211, 0.11304903030395508, 0.11761951446533203, 0.10898327827453613, 0.10847330093383789, 0.10940861701965332, 0.1126546859741211, 0.11017704010009766, 0.11110401153564453, 0.10951757431030273, 0.11228299140930176, 0.10997819900512695, 0.1107017993927002, 0.1119832992553711, 0.10965323448181152