{'Max_spout': 1000, 'Spliters': 3, 'Counters': 15}, {'Max_spout': 100000.0, 'Spliters': 6, 'Counters': 18}, {'Max_spout': 10, 'Spliters': 2, 'Counters': 18}, {'Max_spout': 1000000.0, 'Spliters': 6, 'Counters': 12}, {'Max_spout': 10000, 'Spliters': 2, 'Counters': 15}, {'Max_spout': 1000, 'Spliters': 1, 'Counters': 9}, {'Max_spout': 1000000.0, 'Spliters': 6, 'Counters': 9}, {'Max_spout': 100000.0, 'Spliters': 6, 'Counters': 18}, {'Max_spout': 1000, 'Spliters': 2, 'Counters': 6}, {'Max_spout': 1000, 'Spliters': 6, 'Counters': 9}, {'Max_spout': 1000, 'Spliters': 2, 'Counters': 6}, {'Max_spout': 100, 'Spliters': 6, 'Counters': 12}, {'Max_spout': 100000.0, 'Spliters': 2, 'Counters': 18}, {'Max_spout': 1000, 'Spliters': 2, 'Counters': 9}, {'Max_spout': 10, 'Spliters': 2, 'Counters': 6}, {'Max_spout': 1000000.0, 'Spliters': 6, 'Counters': 9}, {'Max_spout': 1000, 'Spliters': 2, 'Counters': 12}, {'Max_spout': 1000, 'Spliters': 2, 'Counters': 6}, {'Max_spout': 1000, 'Spliters': 6, 'Counters': 3}, {'Max_spout': 100, 'Spliters': 6, 'Counters': 3}
0.5079081215134268, 0.460303679592122, 0.5216628675848648, 0.45132372310007496, 0.3975491585218419, 0.5091757783345431, 0.4550215006629207, 0.460303679592122, 0.4247156424780914, 0.4762945188107025, 0.4247156424780914, 0.4872099580805636, 0.4412970247361895, 0.3843556979164898, 0.527081501219685, 0.4550215006629207, 0.3482522082801707, 0.4247156424780914, 0.5139484905264223, 0.5176768446988977
0.01102757453918457, 0.00921010971069336, 0.00947117805480957, 0.008334875106811523, 0.011577844619750977, 0.009011507034301758, 0.009930610656738281, 0.008773326873779297, 0.010355234146118164, 0.007841348648071289, 0.011111736297607422, 0.00917673110961914, 0.009276151657104492, 0.007743120193481445, 0.011668920516967773, 0.010175704956054688, 0.012169122695922852, 0.00929403305053711, 0.01206064224243164, 0.007750272750854492