{'Max_spout': 1000, 'Spliters': 2, 'Counters': 15}, {'Max_spout': 1000, 'Spliters': 2, 'Counters': 15}, {'Max_spout': 1000, 'Spliters': 2, 'Counters': 15}, {'Max_spout': 1000, 'Spliters': 2, 'Counters': 18}, {'Max_spout': 1000, 'Spliters': 2, 'Counters': 12}, {'Max_spout': 1000000.0, 'Spliters': 2, 'Counters': 9}, {'Max_spout': 1000, 'Spliters': 2, 'Counters': 12}, {'Max_spout': 1000, 'Spliters': 2, 'Counters': 12}, {'Max_spout': 1000, 'Spliters': 2, 'Counters': 12}, {'Max_spout': 1000, 'Spliters': 2, 'Counters': 15}, {'Max_spout': 1000, 'Spliters': 2, 'Counters': 12}, {'Max_spout': 1000, 'Spliters': 2, 'Counters': 15}, {'Max_spout': 1000, 'Spliters': 2, 'Counters': 15}, {'Max_spout': 1000, 'Spliters': 2, 'Counters': 12}, {'Max_spout': 1000, 'Spliters': 2, 'Counters': 12}, {'Max_spout': 1000, 'Spliters': 2, 'Counters': 12}, {'Max_spout': 1000, 'Spliters': 2, 'Counters': 12}, {'Max_spout': 1000, 'Spliters': 2, 'Counters': 12}, {'Max_spout': 1000, 'Spliters': 2, 'Counters': 15}, {'Max_spout': 1000, 'Spliters': 2, 'Counters': 15}
0.3534006710681069, 0.3534006710681069, 0.3534006710681069, 0.36703078577231235, 0.3482522082801707, 0.41464190904005405, 0.3482522082801707, 0.3482522082801707, 0.3482522082801707, 0.3534006710681069, 0.3482522082801707, 0.3534006710681069, 0.3534006710681069, 0.3482522082801707, 0.3482522082801707, 0.3482522082801707, 0.3482522082801707, 0.3482522082801707, 0.3534006710681069, 0.3534006710681069
0.09437274932861328, 0.09688830375671387, 0.09557843208312988, 0.09675121307373047, 0.09935116767883301, 0.09855246543884277, 0.09678053855895996, 0.09031367301940918, 0.0959768295288086, 0.09802055358886719, 0.0915827751159668, 0.0929710865020752, 0.0904543399810791, 0.0923299789428711, 0.09530329704284668, 0.09469056129455566, 0.09613680839538574, 0.09229850769042969, 0.0946812629699707, 0.0907902717590332