{'Max_spout': 100, 'Spliters': 2, 'Counters': 18}, {'Max_spout': 100, 'Spliters': 2, 'Counters': 18}, {'Max_spout': 100000.0, 'Spliters': 2, 'Counters': 18}, {'Max_spout': 100000.0, 'Spliters': 2, 'Counters': 18}, {'Max_spout': 10000, 'Spliters': 2, 'Counters': 15}, {'Max_spout': 10000, 'Spliters': 6, 'Counters': 18}, {'Max_spout': 1000, 'Spliters': 2, 'Counters': 12}, {'Max_spout': 100000.0, 'Spliters': 2, 'Counters': 12}, {'Max_spout': 1000, 'Spliters': 2, 'Counters': 9}, {'Max_spout': 1000000.0, 'Spliters': 2, 'Counters': 9}, {'Max_spout': 1000000.0, 'Spliters': 2, 'Counters': 9}, {'Max_spout': 100, 'Spliters': 2, 'Counters': 18}, {'Max_spout': 100, 'Spliters': 2, 'Counters': 18}, {'Max_spout': 1000, 'Spliters': 2, 'Counters': 9}, {'Max_spout': 10000, 'Spliters': 6, 'Counters': 18}, {'Max_spout': 1000000.0, 'Spliters': 2, 'Counters': 15}, {'Max_spout': 1000, 'Spliters': 2, 'Counters': 12}, {'Max_spout': 1000, 'Spliters': 2, 'Counters': 6}, {'Max_spout': 100, 'Spliters': 2, 'Counters': 18}, {'Max_spout': 100, 'Spliters': 2, 'Counters': 18}
0.40079210255235836, 0.40079210255235836, 0.4412970247361895, 0.4412970247361895, 0.3975491585218419, 0.44750804325835974, 0.3482522082801707, 0.43816135911088994, 0.3843556979164898, 0.41464190904005405, 0.41464190904005405, 0.40079210255235836, 0.40079210255235836, 0.3843556979164898, 0.44750804325835974, 0.44378367243631417, 0.3482522082801707, 0.4247156424780914, 0.40079210255235836, 0.40079210255235836
0.05374574661254883, 0.05100440979003906, 0.049277305603027344, 0.0482480525970459, 0.048470497131347656, 0.050690412521362305, 0.049393415451049805, 0.06190848350524902, 0.05407214164733887, 0.048360347747802734, 0.04812431335449219, 0.05465221405029297, 0.04786372184753418, 0.07200455665588379, 0.05259108543395996, 0.04941415786743164, 0.05733466148376465, 0.0529637336730957, 0.0554659366607666, 0.05403709411621094