{'Max_spout': 1000000.0, 'Spliters': 6, 'Counters': 18}, {'Max_spout': 1000000.0, 'Spliters': 6, 'Counters': 18}, {'Max_spout': 1000000.0, 'Spliters': 6, 'Counters': 18}, {'Max_spout': 1000000.0, 'Spliters': 6, 'Counters': 12}, {'Max_spout': 10000, 'Spliters': 2, 'Counters': 15}, {'Max_spout': 1000000.0, 'Spliters': 6, 'Counters': 12}, {'Max_spout': 1000000.0, 'Spliters': 6, 'Counters': 9}, {'Max_spout': 100000.0, 'Spliters': 2, 'Counters': 12}, {'Max_spout': 1000, 'Spliters': 2, 'Counters': 6}, {'Max_spout': 1000000.0, 'Spliters': 6, 'Counters': 12}, {'Max_spout': 1000, 'Spliters': 2, 'Counters': 6}, {'Max_spout': 1000000.0, 'Spliters': 6, 'Counters': 18}, {'Max_spout': 100000.0, 'Spliters': 2, 'Counters': 18}, {'Max_spout': 1000, 'Spliters': 2, 'Counters': 9}, {'Max_spout': 1000000.0, 'Spliters': 6, 'Counters': 12}, {'Max_spout': 1000000.0, 'Spliters': 6, 'Counters': 9}, {'Max_spout': 1000, 'Spliters': 2, 'Counters': 12}, {'Max_spout': 1000, 'Spliters': 2, 'Counters': 6}, {'Max_spout': 1000000.0, 'Spliters': 6, 'Counters': 18}, {'Max_spout': 10000, 'Spliters': 6, 'Counters': 18}
0.45684852732534786, 0.45684852732534786, 0.45684852732534786, 0.45132372310007496, 0.3975491585218419, 0.45132372310007496, 0.4550215006629207, 0.43816135911088994, 0.4247156424780914, 0.45132372310007496, 0.4247156424780914, 0.45684852732534786, 0.4412970247361895, 0.3843556979164898, 0.45132372310007496, 0.4550215006629207, 0.3482522082801707, 0.4247156424780914, 0.45684852732534786, 0.44750804325835974
0.03542613983154297, 0.028595924377441406, 0.027826547622680664, 0.027543306350708008, 0.02232074737548828, 0.02400040626525879, 0.026215553283691406, 0.04061388969421387, 0.025093793869018555, 0.0244290828704834, 0.024261474609375, 0.023659229278564453, 0.023800373077392578, 0.02193140983581543, 0.022519826889038086, 0.02630448341369629, 0.023155927658081055, 0.024753093719482422, 0.02955770492553711, 0.025140762329101562