{'Max_spout': 100, 'Spliters': 6, 'Counters': 9}, {'Max_spout': 100000.0, 'Spliters': 6, 'Counters': 18}, {'Max_spout': 10, 'Spliters': 2, 'Counters': 18}, {'Max_spout': 1000000.0, 'Spliters': 6, 'Counters': 12}, {'Max_spout': 10000, 'Spliters': 2, 'Counters': 15}, {'Max_spout': 1000, 'Spliters': 1, 'Counters': 9}, {'Max_spout': 100, 'Spliters': 3, 'Counters': 12}, {'Max_spout': 100000.0, 'Spliters': 6, 'Counters': 18}, {'Max_spout': 1000, 'Spliters': 2, 'Counters': 6}, {'Max_spout': 1000, 'Spliters': 6, 'Counters': 9}, {'Max_spout': 1000, 'Spliters': 2, 'Counters': 6}, {'Max_spout': 100, 'Spliters': 6, 'Counters': 12}, {'Max_spout': 100000.0, 'Spliters': 2, 'Counters': 18}, {'Max_spout': 10000, 'Spliters': 2, 'Counters': 9}, {'Max_spout': 10, 'Spliters': 6, 'Counters': 9}, {'Max_spout': 100000.0, 'Spliters': 6, 'Counters': 18}, {'Max_spout': 1000, 'Spliters': 2, 'Counters': 15}, {'Max_spout': 1000, 'Spliters': 2, 'Counters': 6}, {'Max_spout': 1000000.0, 'Spliters': 6, 'Counters': 9}, {'Max_spout': 1000, 'Spliters': 3, 'Counters': 9}
0.49343058023315467, 0.43093537436088897, 0.5309096706334578, 0.4426252477282385, 0.4257248893533731, 0.5174469340638226, 0.509264938899184, 0.43093537436088897, 0.4143172477501114, 0.4659466153082279, 0.4143172477501114, 0.47649569730883223, 0.4288502324027476, 0.39147958309618697, 0.5372410126680686, 0.43093537436088897, 0.3340436419777277, 0.4143172477501114, 0.4547484867462059, 0.5106061063097496
0.013522863388061523, 0.010270357131958008, 0.011096954345703125, 0.01063847541809082, 0.011886119842529297, 0.014107942581176758, 0.012394905090332031, 0.008843183517456055, 0.012896299362182617, 0.011051177978515625, 0.014846563339233398, 0.010837554931640625, 0.009618997573852539, 0.009065389633178711, 0.012478351593017578, 0.009904623031616211, 0.010402441024780273, 0.009446144104003906, 0.009906768798828125, 0.009804725646972656