{'Max_spout': 1000000.0, 'Spliters': 6, 'Counters': 18}, {'Max_spout': 100000.0, 'Spliters': 6, 'Counters': 18}, {'Max_spout': 1000000.0, 'Spliters': 6, 'Counters': 18}, {'Max_spout': 1000000.0, 'Spliters': 6, 'Counters': 12}, {'Max_spout': 10000, 'Spliters': 2, 'Counters': 15}, {'Max_spout': 1000000.0, 'Spliters': 6, 'Counters': 12}, {'Max_spout': 1000000.0, 'Spliters': 6, 'Counters': 18}, {'Max_spout': 100000.0, 'Spliters': 6, 'Counters': 18}, {'Max_spout': 1000, 'Spliters': 2, 'Counters': 6}, {'Max_spout': 1000000.0, 'Spliters': 6, 'Counters': 18}, {'Max_spout': 1000, 'Spliters': 2, 'Counters': 6}, {'Max_spout': 1000000.0, 'Spliters': 6, 'Counters': 18}, {'Max_spout': 100000.0, 'Spliters': 2, 'Counters': 18}, {'Max_spout': 10000, 'Spliters': 2, 'Counters': 9}, {'Max_spout': 1000000.0, 'Spliters': 6, 'Counters': 18}, {'Max_spout': 100000.0, 'Spliters': 6, 'Counters': 18}, {'Max_spout': 1000, 'Spliters': 2, 'Counters': 15}, {'Max_spout': 1000, 'Spliters': 2, 'Counters': 6}, {'Max_spout': 1000000.0, 'Spliters': 6, 'Counters': 18}, {'Max_spout': 1000000.0, 'Spliters': 6, 'Counters': 18}
0.4433311775223357, 0.43093537436088897, 0.4433311775223357, 0.4426252477282385, 0.4257248893533731, 0.4426252477282385, 0.4433311775223357, 0.43093537436088897, 0.4143172477501114, 0.4433311775223357, 0.4143172477501114, 0.4433311775223357, 0.4288502324027476, 0.39147958309618697, 0.4433311775223357, 0.43093537436088897, 0.3340436419777277, 0.4143172477501114, 0.4433311775223357, 0.4433311775223357
0.01799941062927246, 0.016655445098876953, 0.012955427169799805, 0.014815092086791992, 0.014328718185424805, 0.016559600830078125, 0.015244483947753906, 0.012568235397338867, 0.012621164321899414, 0.013311147689819336, 0.015413999557495117, 0.01662445068359375, 0.016463041305541992, 0.01227712631225586, 0.01627182960510254, 0.015872716903686523, 0.01354837417602539, 0.016168832778930664, 0.015500545501708984, 0.0126953125