{'Max_spout': 1000000.0, 'Spliters': 2, 'Counters': 9}, {'Max_spout': 1000, 'Spliters': 2, 'Counters': 18}, {'Max_spout': 100000.0, 'Spliters': 6, 'Counters': 18}, {'Max_spout': 100000.0, 'Spliters': 2, 'Counters': 18}, {'Max_spout': 1000, 'Spliters': 2, 'Counters': 15}, {'Max_spout': 100000.0, 'Spliters': 6, 'Counters': 18}, {'Max_spout': 100000.0, 'Spliters': 6, 'Counters': 18}, {'Max_spout': 100000.0, 'Spliters': 6, 'Counters': 18}, {'Max_spout': 1000, 'Spliters': 2, 'Counters': 6}, {'Max_spout': 1000000.0, 'Spliters': 2, 'Counters': 9}, {'Max_spout': 1000, 'Spliters': 2, 'Counters': 6}, {'Max_spout': 100, 'Spliters': 2, 'Counters': 18}, {'Max_spout': 1000, 'Spliters': 2, 'Counters': 18}, {'Max_spout': 10000, 'Spliters': 2, 'Counters': 9}, {'Max_spout': 100000.0, 'Spliters': 6, 'Counters': 18}, {'Max_spout': 1000, 'Spliters': 2, 'Counters': 18}, {'Max_spout': 1000, 'Spliters': 2, 'Counters': 15}, {'Max_spout': 1000, 'Spliters': 2, 'Counters': 6}, {'Max_spout': 100, 'Spliters': 2, 'Counters': 18}, {'Max_spout': 10000, 'Spliters': 2, 'Counters': 18}
0.3961943038278054, 0.3513569799560069, 0.43093537436088897, 0.4288502324027476, 0.3340436419777277, 0.43093537436088897, 0.43093537436088897, 0.43093537436088897, 0.4143172477501114, 0.3961943038278054, 0.4143172477501114, 0.4180935235632412, 0.3513569799560069, 0.39147958309618697, 0.43093537436088897, 0.3513569799560069, 0.3340436419777277, 0.4143172477501114, 0.4180935235632412, 0.3893870191155626
0.053852081298828125, 0.05502748489379883, 0.05453944206237793, 0.05787301063537598, 0.0527496337890625, 0.053853750228881836, 0.05445504188537598, 0.05539083480834961, 0.057464599609375, 0.054799556732177734, 0.05290079116821289, 0.04891324043273926, 0.05201220512390137, 0.052571773529052734, 0.052973031997680664, 0.051985979080200195, 0.05152487754821777, 0.05323171615600586, 0.05455493927001953, 0.05375051498413086