{'Max_spout': 1000, 'Spliters': 2, 'Counters': 15}, {'Max_spout': 1000, 'Spliters': 2, 'Counters': 15}, {'Max_spout': 1000, 'Spliters': 2, 'Counters': 15}, {'Max_spout': 1000, 'Spliters': 2, 'Counters': 15}, {'Max_spout': 1000, 'Spliters': 2, 'Counters': 15}, {'Max_spout': 1000, 'Spliters': 2, 'Counters': 15}, {'Max_spout': 1000, 'Spliters': 2, 'Counters': 15}, {'Max_spout': 1000, 'Spliters': 2, 'Counters': 15}, {'Max_spout': 1000, 'Spliters': 2, 'Counters': 15}, {'Max_spout': 1000, 'Spliters': 2, 'Counters': 15}, {'Max_spout': 1000, 'Spliters': 2, 'Counters': 15}, {'Max_spout': 1000, 'Spliters': 2, 'Counters': 15}, {'Max_spout': 1000, 'Spliters': 2, 'Counters': 15}, {'Max_spout': 1000, 'Spliters': 2, 'Counters': 15}, {'Max_spout': 1000, 'Spliters': 2, 'Counters': 15}, {'Max_spout': 1000, 'Spliters': 2, 'Counters': 15}, {'Max_spout': 1000, 'Spliters': 2, 'Counters': 15}, {'Max_spout': 1000, 'Spliters': 2, 'Counters': 15}, {'Max_spout': 1000, 'Spliters': 2, 'Counters': 15}, {'Max_spout': 1000, 'Spliters': 2, 'Counters': 15}
0.3340436419777277, 0.3340436419777277, 0.3340436419777277, 0.3340436419777277, 0.3340436419777277, 0.3340436419777277, 0.3340436419777277, 0.3340436419777277, 0.3340436419777277, 0.3340436419777277, 0.3340436419777277, 0.3340436419777277, 0.3340436419777277, 0.3340436419777277, 0.3340436419777277, 0.3340436419777277, 0.3340436419777277, 0.3340436419777277, 0.3340436419777277, 0.3340436419777277
0.16072392463684082, 0.15781950950622559, 0.16175389289855957, 0.15752792358398438, 0.1585674285888672, 0.1583399772644043, 0.1614689826965332, 0.15820550918579102, 0.15790128707885742, 0.15874171257019043, 0.15857410430908203, 0.1569230556488037, 0.15836524963378906, 0.1583547592163086, 0.15832853317260742, 0.15760207176208496, 0.1560227870941162, 0.15861964225769043, 0.1559891700744629, 0.15755248069763184