{'Width': 3, 'Complexity': 0, 'Fifo': 1, 'Multiplier': 1}, {'Width': 3, 'Complexity': 0, 'Fifo': 4, 'Multiplier': 1}, {'Width': 3, 'Complexity': 0, 'Fifo': 1, 'Multiplier': 1}, {'Width': 3, 'Complexity': 0, 'Fifo': 4, 'Multiplier': 1}, {'Width': 3, 'Complexity': 0, 'Fifo': 4, 'Multiplier': 1}, {'Width': 3, 'Complexity': 0, 'Fifo': 3, 'Multiplier': 1}, {'Width': 3, 'Complexity': 0, 'Fifo': 4, 'Multiplier': 1}, {'Width': 3, 'Complexity': 0, 'Fifo': 1, 'Multiplier': 1}, {'Width': 3, 'Complexity': 0, 'Fifo': 1, 'Multiplier': 1}, {'Width': 3, 'Complexity': 0, 'Fifo': 1, 'Multiplier': 1}, {'Width': 3, 'Complexity': 0, 'Fifo': 4, 'Multiplier': 1}, {'Width': 3, 'Complexity': 0, 'Fifo': 4, 'Multiplier': 1}, {'Width': 3, 'Complexity': 0, 'Fifo': 4, 'Multiplier': 1}, {'Width': 3, 'Complexity': 0, 'Fifo': 4, 'Multiplier': 1}, {'Width': 3, 'Complexity': 0, 'Fifo': 1, 'Multiplier': 1}, {'Width': 3, 'Complexity': 0, 'Fifo': 4, 'Multiplier': 1}, {'Width': 5, 'Complexity': 1, 'Fifo': 4, 'Multiplier': 1}, {'Width': 3, 'Complexity': 0, 'Fifo': 1, 'Multiplier': 1}, {'Width': 3, 'Complexity': 0, 'Fifo': 1, 'Multiplier': 1}, {'Width': 3, 'Complexity': 0, 'Fifo': 1, 'Multiplier': 1}
0.22581417455021333, 0.22587868316250506, 0.22581417455021333, 0.22587868316250506, 0.22587868316250506, 0.22587868316250506, 0.22587868316250506, 0.22581417455021333, 0.22581417455021333, 0.22581417455021333, 0.22587868316250506, 0.22587868316250506, 0.22587868316250506, 0.22587868316250506, 0.22581417455021333, 0.22587868316250506, 0.44772479049532365, 0.22581417455021333, 0.22581417455021333, 0.22581417455021333
0.07014799118041992, 0.07073473930358887, 0.06963324546813965, 0.07040095329284668, 0.0713505744934082, 0.07052373886108398, 0.06726193428039551, 0.06865811347961426, 0.06776118278503418, 0.06696629524230957, 0.07594442367553711, 0.0692281723022461, 0.06989622116088867, 0.06708693504333496, 0.06738400459289551, 0.06992650032043457, 0.06848788261413574, 0.06656050682067871, 0.0697336196899414, 0.06713080406188965