{'Spout': 1, 'Split': 1, 'Count': 12, 'Buffer_size': 105000000.0, 'Heap': 1024}, {'Spout': 1, 'Split': 2, 'Count': 6, 'Buffer_size': 5240000.0, 'Heap': 2048}, {'Spout': 1, 'Split': 2, 'Count': 12, 'Buffer_size': 1050000.0, 'Heap': 2048}, {'Spout': 2, 'Split': 6, 'Count': 12, 'Buffer_size': 1050000.0, 'Heap': 512}, {'Spout': 1, 'Split': 2, 'Count': 9, 'Buffer_size': 10500000.0, 'Heap': 512}, {'Spout': 1, 'Split': 2, 'Count': 9, 'Buffer_size': 5240000.0, 'Heap': 2048}, {'Spout': 1, 'Split': 2, 'Count': 9, 'Buffer_size': 10500000.0, 'Heap': 512}, {'Spout': 1, 'Split': 1, 'Count': 9, 'Buffer_size': 262000.0, 'Heap': 1024}, {'Spout': 2, 'Split': 6, 'Count': 12, 'Buffer_size': 105000000.0, 'Heap': 2048}, {'Spout': 1, 'Split': 2, 'Count': 6, 'Buffer_size': 105000000.0, 'Heap': 512}, {'Spout': 1, 'Split': 1, 'Count': 9, 'Buffer_size': 1050000.0, 'Heap': 1024}, {'Spout': 3, 'Split': 6, 'Count': 12, 'Buffer_size': 105000000.0, 'Heap': 512}, {'Spout': 1, 'Split': 1, 'Count': 12, 'Buffer_size': 105000000.0, 'Heap': 1024}, {'Spout': 1, 'Split': 1, 'Count': 12, 'Buffer_size': 105000000.0, 'Heap': 512}, {'Spout': 3, 'Split': 6, 'Count': 12, 'Buffer_size': 105000000.0, 'Heap': 2048}, {'Spout': 1, 'Split': 1, 'Count': 12, 'Buffer_size': 10500000.0, 'Heap': 1024}, {'Spout': 3, 'Split': 6, 'Count': 12, 'Buffer_size': 105000000.0, 'Heap': 2048}, {'Spout': 1, 'Split': 1, 'Count': 12, 'Buffer_size': 5240000.0, 'Heap': 512}, {'Spout': 1, 'Split': 2, 'Count': 12, 'Buffer_size': 105000000.0, 'Heap': 2048}, {'Spout': 1, 'Split': 1, 'Count': 12, 'Buffer_size': 262000.0, 'Heap': 2048}
0.2342272322985072, 0.15160494025547264, 0.02628393512052983, 0.2501210786744276, 0.05143474560046549, 0.059665607462809904, 0.05143474560046549, 0.22758365564568964, 0.24861650726724427, 0.1357998039149482, 0.2113440160617417, 0.2570641251648314, 0.2342272322985072, 0.24685491658648395, 0.2709055415302204, 0.2178967506815683, 0.2709055415302204, 0.21431792843573635, 0.01592322268422131, 0.2203308792201745
0.016623973846435547, 0.014857769012451172, 0.014989137649536133, 0.020009994506835938, 0.01753544807434082, 0.017330169677734375, 0.022108793258666992, 0.017245769500732422, 0.018296003341674805, 0.02034449577331543, 0.016739606857299805, 0.01806330680847168, 0.017497539520263672, 0.015604496002197266, 0.01760268211364746, 0.017824649810791016, 0.015259742736816406, 0.017854928970336914, 0.017105579376220703, 0.017940521240234375