{'Max_spout': 1, 'Spliters': 6, 'Counters': 18}, {'Max_spout': 1, 'Spliters': 1, 'Counters': 18}, {'Max_spout': 1, 'Spliters': 1, 'Counters': 18}, {'Max_spout': 1, 'Spliters': 1, 'Counters': 12}, {'Max_spout': 1, 'Spliters': 2, 'Counters': 1}, {'Max_spout': 1, 'Spliters': 1, 'Counters': 18}, {'Max_spout': 1, 'Spliters': 1, 'Counters': 18}, {'Max_spout': 1, 'Spliters': 2, 'Counters': 1}, {'Max_spout': 1, 'Spliters': 1, 'Counters': 12}, {'Max_spout': 1, 'Spliters': 2, 'Counters': 1}, {'Max_spout': 1, 'Spliters': 1, 'Counters': 6}, {'Max_spout': 1, 'Spliters': 1, 'Counters': 12}, {'Max_spout': 1, 'Spliters': 1, 'Counters': 12}, {'Max_spout': 1, 'Spliters': 1, 'Counters': 18}, {'Max_spout': 1, 'Spliters': 1, 'Counters': 12}, {'Max_spout': 1, 'Spliters': 1, 'Counters': 6}, {'Max_spout': 1, 'Spliters': 1, 'Counters': 18}, {'Max_spout': 1, 'Spliters': 2, 'Counters': 1}, {'Max_spout': 1, 'Spliters': 1, 'Counters': 18}, {'Max_spout': 1, 'Spliters': 6, 'Counters': 18}
0.010017821857759856, 0.0015707897696077134, 0.0015707897696077134, 0.0, 0.0034219728532295193, 0.0015707897696077134, 0.0015707897696077134, 0.0034219728532295193, 0.0, 0.0034219728532295193, 0.0033617837125249194, 0.0, 0.0, 0.0015707897696077134, 0.0, 0.0033617837125249194, 0.0015707897696077134, 0.0034219728532295193, 0.0015707897696077134, 0.010017821857759856
0.14249515533447266, 0.12905168533325195, 0.11702919006347656, 0.11426472663879395, 0.11821556091308594, 0.11598587036132812, 0.11364340782165527, 0.11471772193908691, 0.11357808113098145, 0.11578965187072754, 0.12416648864746094, 0.13019227981567383, 0.11661362648010254, 0.1131894588470459, 0.12848567962646484, 0.1138157844543457, 0.11321854591369629, 0.11193585395812988, 0.11060142517089844, 0.1210172176361084