{'Max_spout': 1, 'Spliters': 6, 'Counters': 18}, {'Max_spout': 1, 'Spliters': 1, 'Counters': 18}, {'Max_spout': 1, 'Spliters': 6, 'Counters': 18}, {'Max_spout': 1, 'Spliters': 1, 'Counters': 3}, {'Max_spout': 1, 'Spliters': 1, 'Counters': 1}, {'Max_spout': 1, 'Spliters': 1, 'Counters': 18}, {'Max_spout': 1, 'Spliters': 1, 'Counters': 18}, {'Max_spout': 1, 'Spliters': 2, 'Counters': 1}, {'Max_spout': 1, 'Spliters': 1, 'Counters': 18}, {'Max_spout': 1, 'Spliters': 1, 'Counters': 1}, {'Max_spout': 1, 'Spliters': 1, 'Counters': 3}, {'Max_spout': 1, 'Spliters': 1, 'Counters': 18}, {'Max_spout': 1, 'Spliters': 1, 'Counters': 18}, {'Max_spout': 1, 'Spliters': 1, 'Counters': 18}, {'Max_spout': 1, 'Spliters': 1, 'Counters': 3}, {'Max_spout': 1, 'Spliters': 1, 'Counters': 1}, {'Max_spout': 1, 'Spliters': 1, 'Counters': 18}, {'Max_spout': 1, 'Spliters': 1, 'Counters': 1}, {'Max_spout': 1, 'Spliters': 1, 'Counters': 18}, {'Max_spout': 1, 'Spliters': 6, 'Counters': 18}
0.010017821857759856, 0.0015707897696077134, 0.010017821857759856, 0.0034219728532295193, 0.004807791117257254, 0.0015707897696077134, 0.0015707897696077134, 0.0034219728532295193, 0.0015707897696077134, 0.004807791117257254, 0.0034219728532295193, 0.0015707897696077134, 0.0015707897696077134, 0.0015707897696077134, 0.0034219728532295193, 0.004807791117257254, 0.0015707897696077134, 0.004807791117257254, 0.0015707897696077134, 0.010017821857759856
0.05542159080505371, 0.05403566360473633, 0.05450797080993652, 0.055098772048950195, 0.053824424743652344, 0.05375266075134277, 0.0586698055267334, 0.057942867279052734, 0.05443382263183594, 0.05385088920593262, 0.05352497100830078, 0.05389213562011719, 0.05611062049865723, 0.06847381591796875, 0.05602622032165527, 0.054978370666503906, 0.05617189407348633, 0.05457162857055664, 0.05405282974243164, 0.05376243591308594