{'Max_spout': 1, 'Spliters': 6, 'Counters': 18}, {'Max_spout': 1, 'Spliters': 1, 'Counters': 18}, {'Max_spout': 1, 'Spliters': 6, 'Counters': 12}, {'Max_spout': 1, 'Spliters': 1, 'Counters': 1}, {'Max_spout': 1, 'Spliters': 1, 'Counters': 1}, {'Max_spout': 1, 'Spliters': 1, 'Counters': 18}, {'Max_spout': 1, 'Spliters': 1, 'Counters': 1}, {'Max_spout': 1, 'Spliters': 1, 'Counters': 1}, {'Max_spout': 1, 'Spliters': 1, 'Counters': 1}, {'Max_spout': 1, 'Spliters': 6, 'Counters': 1}, {'Max_spout': 1, 'Spliters': 1, 'Counters': 3}, {'Max_spout': 1, 'Spliters': 2, 'Counters': 1}, {'Max_spout': 1, 'Spliters': 1, 'Counters': 18}, {'Max_spout': 1, 'Spliters': 1, 'Counters': 6}, {'Max_spout': 1, 'Spliters': 1, 'Counters': 3}, {'Max_spout': 1, 'Spliters': 1, 'Counters': 1}, {'Max_spout': 1, 'Spliters': 1, 'Counters': 18}, {'Max_spout': 1, 'Spliters': 1, 'Counters': 1}, {'Max_spout': 1, 'Spliters': 1, 'Counters': 1}, {'Max_spout': 1, 'Spliters': 1, 'Counters': 18}
0.01203333182707483, 0.0019564624347497123, 0.010963888289174847, 0.0023531105074919532, 0.0023531105074919532, 0.0019564624347497123, 0.0023531105074919532, 0.0023531105074919532, 0.0023531105074919532, 0.014498574912093084, 0.0019296845057882198, 0.001904580197386812, 0.0019564624347497123, 0.0032401294043416973, 0.0019296845057882198, 0.0023531105074919532, 0.0019564624347497123, 0.0023531105074919532, 0.0023531105074919532, 0.0019564624347497123
0.02310776710510254, 0.02389049530029297, 0.03201031684875488, 0.022791385650634766, 0.027024269104003906, 0.026340484619140625, 0.0224916934967041, 0.023197174072265625, 0.023447751998901367, 0.025553464889526367, 0.0235745906829834, 0.02277398109436035, 0.020403385162353516, 0.024990320205688477, 0.02487802505493164, 0.029460668563842773, 0.02998828887939453, 0.03312087059020996, 0.027502059936523438, 0.016097307205200195