{'Max_spout': 1, 'Spliters': 6, 'Counters': 9}, {'Max_spout': 1, 'Spliters': 1, 'Counters': 15}, {'Max_spout': 1, 'Spliters': 2, 'Counters': 1}, {'Max_spout': 1, 'Spliters': 2, 'Counters': 1}, {'Max_spout': 1, 'Spliters': 2, 'Counters': 1}, {'Max_spout': 1, 'Spliters': 1, 'Counters': 15}, {'Max_spout': 1, 'Spliters': 2, 'Counters': 1}, {'Max_spout': 1, 'Spliters': 1, 'Counters': 9}, {'Max_spout': 1, 'Spliters': 1, 'Counters': 15}, {'Max_spout': 1, 'Spliters': 6, 'Counters': 9}, {'Max_spout': 1, 'Spliters': 2, 'Counters': 1}, {'Max_spout': 1, 'Spliters': 1, 'Counters': 15}, {'Max_spout': 1, 'Spliters': 2, 'Counters': 1}, {'Max_spout': 1, 'Spliters': 1, 'Counters': 15}, {'Max_spout': 1, 'Spliters': 2, 'Counters': 1}, {'Max_spout': 1, 'Spliters': 2, 'Counters': 1}, {'Max_spout': 1, 'Spliters': 1, 'Counters': 15}, {'Max_spout': 1, 'Spliters': 2, 'Counters': 1}, {'Max_spout': 1, 'Spliters': 2, 'Counters': 1}, {'Max_spout': 1, 'Spliters': 1, 'Counters': 15}
0.009792353897109146, 0.0, 0.001904580197386812, 0.001904580197386812, 0.001904580197386812, 0.0, 0.001904580197386812, 0.0012736252462314235, 0.0, 0.009792353897109146, 0.001904580197386812, 0.0, 0.001904580197386812, 0.0, 0.001904580197386812, 0.001904580197386812, 0.0, 0.001904580197386812, 0.001904580197386812, 0.0
0.1035773754119873, 0.10333490371704102, 0.10686850547790527, 0.11069345474243164, 0.10479211807250977, 0.10308313369750977, 0.10352945327758789, 0.10273337364196777, 0.10320448875427246, 0.10183477401733398, 0.1028599739074707, 0.10230207443237305, 0.10326647758483887, 0.10333847999572754, 0.10341048240661621, 0.1031796932220459, 0.10375761985778809, 0.10285449028015137, 0.10358548164367676, 0.11815524101257324