{'Max_spout': 1, 'Spliters': 6, 'Counters': 18}, {'Max_spout': 1, 'Spliters': 1, 'Counters': 18}, {'Max_spout': 1, 'Spliters': 6, 'Counters': 12}, {'Max_spout': 1, 'Spliters': 1, 'Counters': 1}, {'Max_spout': 1, 'Spliters': 1, 'Counters': 1}, {'Max_spout': 1, 'Spliters': 1, 'Counters': 18}, {'Max_spout': 1, 'Spliters': 1, 'Counters': 18}, {'Max_spout': 1, 'Spliters': 1, 'Counters': 1}, {'Max_spout': 1, 'Spliters': 1, 'Counters': 18}, {'Max_spout': 1, 'Spliters': 1, 'Counters': 1}, {'Max_spout': 1, 'Spliters': 1, 'Counters': 3}, {'Max_spout': 1, 'Spliters': 1, 'Counters': 18}, {'Max_spout': 1, 'Spliters': 1, 'Counters': 18}, {'Max_spout': 1, 'Spliters': 1, 'Counters': 6}, {'Max_spout': 1, 'Spliters': 1, 'Counters': 3}, {'Max_spout': 1, 'Spliters': 1, 'Counters': 1}, {'Max_spout': 1, 'Spliters': 1, 'Counters': 18}, {'Max_spout': 1, 'Spliters': 1, 'Counters': 1}, {'Max_spout': 1, 'Spliters': 1, 'Counters': 1}, {'Max_spout': 1, 'Spliters': 6, 'Counters': 18}
0.011702457855632514, 0.0, 0.014659191578239477, 0.004705878549212082, 0.004705878549212082, 0.0, 0.0, 0.004705878549212082, 0.0, 0.004705878549212082, 0.0031668897553783866, 0.0, 0.0, 0.0020255808389428856, 0.0031668897553783866, 0.004705878549212082, 0.0, 0.004705878549212082, 0.004705878549212082, 0.011702457855632514
0.02747631072998047, 0.02633523941040039, 0.028558015823364258, 0.027302980422973633, 0.02606821060180664, 0.023557424545288086, 0.023586750030517578, 0.029283523559570312, 0.02466297149658203, 0.024198293685913086, 0.024120569229125977, 0.022967815399169922, 0.0302126407623291, 0.029654264450073242, 0.02698516845703125, 0.02727961540222168, 0.026239395141601562, 0.023003101348876953, 0.022663354873657227, 0.023442983627319336