{'Max_spout': 1, 'Spliters': 1, 'Counters': 1}, {'Max_spout': 1, 'Spliters': 1, 'Counters': 18}, {'Max_spout': 1, 'Spliters': 1, 'Counters': 1}, {'Max_spout': 1, 'Spliters': 1, 'Counters': 1}, {'Max_spout': 1, 'Spliters': 1, 'Counters': 18}, {'Max_spout': 1, 'Spliters': 1, 'Counters': 18}, {'Max_spout': 1, 'Spliters': 1, 'Counters': 18}, {'Max_spout': 1, 'Spliters': 1, 'Counters': 1}, {'Max_spout': 1, 'Spliters': 1, 'Counters': 18}, {'Max_spout': 1, 'Spliters': 1, 'Counters': 1}, {'Max_spout': 1, 'Spliters': 1, 'Counters': 3}, {'Max_spout': 1, 'Spliters': 1, 'Counters': 18}, {'Max_spout': 1, 'Spliters': 1, 'Counters': 18}, {'Max_spout': 1, 'Spliters': 1, 'Counters': 18}, {'Max_spout': 1, 'Spliters': 1, 'Counters': 3}, {'Max_spout': 1, 'Spliters': 1, 'Counters': 3}, {'Max_spout': 1, 'Spliters': 1, 'Counters': 18}, {'Max_spout': 1, 'Spliters': 1, 'Counters': 1}, {'Max_spout': 1, 'Spliters': 1, 'Counters': 1}, {'Max_spout': 1, 'Spliters': 6, 'Counters': 18}
0.004705878549212082, 0.0, 0.004705878549212082, 0.004705878549212082, 0.0, 0.0, 0.0, 0.004705878549212082, 0.0, 0.004705878549212082, 0.0031668897553783866, 0.0, 0.0, 0.0, 0.0031668897553783866, 0.0031668897553783866, 0.0, 0.004705878549212082, 0.004705878549212082, 0.011702457855632514
0.053299665451049805, 0.0561525821685791, 0.05378985404968262, 0.05492973327636719, 0.05184316635131836, 0.05402970314025879, 0.05351138114929199, 0.05379462242126465, 0.04659247398376465, 0.050581932067871094, 0.051831722259521484, 0.052675485610961914, 0.05333566665649414, 0.05544328689575195, 0.051137685775756836, 0.051325321197509766, 0.0509188175201416, 0.05179476737976074, 0.05583047866821289, 0.05258750915527344