{'Max_spout': 1, 'Spliters': 1, 'Counters': 1}, {'Max_spout': 1, 'Spliters': 1, 'Counters': 18}, {'Max_spout': 1, 'Spliters': 1, 'Counters': 1}, {'Max_spout': 1, 'Spliters': 1, 'Counters': 3}, {'Max_spout': 1, 'Spliters': 1, 'Counters': 18}, {'Max_spout': 1, 'Spliters': 1, 'Counters': 18}, {'Max_spout': 1, 'Spliters': 1, 'Counters': 18}, {'Max_spout': 1, 'Spliters': 1, 'Counters': 3}, {'Max_spout': 1, 'Spliters': 1, 'Counters': 18}, {'Max_spout': 1, 'Spliters': 1, 'Counters': 18}, {'Max_spout': 1, 'Spliters': 1, 'Counters': 6}, {'Max_spout': 1, 'Spliters': 1, 'Counters': 18}, {'Max_spout': 1, 'Spliters': 1, 'Counters': 18}, {'Max_spout': 1, 'Spliters': 1, 'Counters': 18}, {'Max_spout': 1, 'Spliters': 1, 'Counters': 6}, {'Max_spout': 1, 'Spliters': 1, 'Counters': 6}, {'Max_spout': 1, 'Spliters': 1, 'Counters': 18}, {'Max_spout': 1, 'Spliters': 1, 'Counters': 3}, {'Max_spout': 1, 'Spliters': 1, 'Counters': 1}, {'Max_spout': 1, 'Spliters': 6, 'Counters': 15}
0.004705878549212082, 0.0, 0.004705878549212082, 0.0031668897553783866, 0.0, 0.0, 0.0, 0.0031668897553783866, 0.0, 0.0, 0.0020255808389428856, 0.0, 0.0, 0.0, 0.0020255808389428856, 0.0020255808389428856, 0.0, 0.0031668897553783866, 0.004705878549212082, 0.011018642456691697
0.11499714851379395, 0.11415600776672363, 0.11476564407348633, 0.11394858360290527, 0.12190890312194824, 0.11442780494689941, 0.11466670036315918, 0.11463260650634766, 0.1185750961303711, 0.11535811424255371, 0.1369485855102539, 0.11989426612854004, 0.1190793514251709, 0.12083244323730469, 0.12423276901245117, 0.11863422393798828, 0.11884593963623047, 0.11725163459777832, 0.11786723136901855, 0.11673331260681152