{
  "incumbent_ids": [
    1
  ],
  "rejected_config_ids": [
    2,
    3,
    4,
    5,
    6,
    7,
    8,
    9,
    10,
    11,
    12
  ],
  "incumbents_changed": 1,
  "trajectory": [
    {
      "config_ids": [
        1
      ],
      "costs": [
        130.06082448326003
      ],
      "trial": 1,
      "walltime": 0.003930807113647461
    }
  ],
  "state": {
    "queue": [
      [
        12,
        1
      ]
    ]
  }
}