run_id,best_config,best_value,runtime
0,"{'Spout_wait': 10.0, 'Spliters': 6.0, 'Counters': 17.0}",0.0007473637588413267,3.3416695594787598
1,"{'Spout_wait': 10.0, 'Spliters': 6.0, 'Counters': 17.0}",0.0007473637588413267,3.3557517528533936
2,"{'Spout_wait': 10.0, 'Spliters': 6.0, 'Counters': 17.0}",0.0007473637588413267,3.151501178741455
3,"{'Spout_wait': 10.0, 'Spliters': 6.0, 'Counters': 17.0}",0.0007473637588413267,3.256309747695923
4,"{'Spout_wait': 10.0, 'Spliters': 6.0, 'Counters': 17.0}",0.0007473637588413267,3.2481439113616943
5,"{'Spout_wait': 10.0, 'Spliters': 6.0, 'Counters': 17.0}",0.0007473637588413267,3.1101298332214355
6,"{'Spout_wait': 10.0, 'Spliters': 6.0, 'Counters': 17.0}",0.0007473637588413267,3.228775978088379
7,"{'Spout_wait': 10.0, 'Spliters': 6.0, 'Counters': 17.0}",0.0007473637588413267,3.1742162704467773
8,"{'Spout_wait': 10.0, 'Spliters': 6.0, 'Counters': 17.0}",0.0007473637588413267,3.1192727088928223
9,"{'Spout_wait': 10.0, 'Spliters': 6.0, 'Counters': 17.0}",0.0007473637588413267,3.253915786743164
