{
  "incumbent_ids": [
    2
  ],
  "rejected_config_ids": [
    1,
    3,
    4,
    5,
    6
  ],
  "incumbents_changed": 2,
  "trajectory": [
    {
      "config_ids": [
        1
      ],
      "costs": [
        130.06082448326003
      ],
      "trial": 1,
      "walltime": 0.004299640655517578
    },
    {
      "config_ids": [
        2
      ],
      "costs": [
        100.16005779374451
      ],
      "trial": 2,
      "walltime": 1.200918197631836
    }
  ],
  "state": {
    "queue": [
      [
        6,
        1
      ]
    ]
  }
}