{'Clndrs': 4.0, 'Volume': 85.0, 'Model': 76.0, 'origin': 1.0}, {'Clndrs': 4.0, 'Volume': 78.0, 'Model': 78.0, 'origin': 3.0}, {'Clndrs': 4.0, 'Volume': 90.0, 'Model': 78.0, 'origin': 2.0}, {'Clndrs': 4.0, 'Volume': 72.0, 'Model': 71.0, 'origin': 3.0}, {'Clndrs': 4.0, 'Volume': 85.0, 'Model': 80.0, 'origin': 3.0}, {'Clndrs': 4.0, 'Volume': 97.0, 'Model': 82.0, 'origin': 2.0}, {'Clndrs': 4.0, 'Volume': 90.0, 'Model': 78.0, 'origin': 2.0}, {'Clndrs': 4.0, 'Volume': 97.0, 'Model': 82.0, 'origin': 2.0}, {'Clndrs': 4.0, 'Volume': 79.0, 'Model': 77.0, 'origin': 2.0}, {'Clndrs': 4.0, 'Volume': 98.0, 'Model': 82.0, 'origin': 1.0}, {'Clndrs': 5.0, 'Volume': 121.0, 'Model': 80.0, 'origin': 2.0}, {'Clndrs': 4.0, 'Volume': 97.0, 'Model': 82.0, 'origin': 2.0}, {'Clndrs': 4.0, 'Volume': 72.0, 'Model': 71.0, 'origin': 3.0}, {'Clndrs': 5.0, 'Volume': 121.0, 'Model': 80.0, 'origin': 2.0}, {'Clndrs': 4.0, 'Volume': 89.0, 'Model': 80.0, 'origin': 3.0}, {'Clndrs': 4.0, 'Volume': 85.0, 'Model': 80.0, 'origin': 3.0}, {'Clndrs': 4.0, 'Volume': 72.0, 'Model': 71.0, 'origin': 3.0}, {'Clndrs': 4.0, 'Volume': 97.0, 'Model': 82.0, 'origin': 2.0}, {'Clndrs': 4.0, 'Volume': 97.0, 'Model': 82.0, 'origin': 2.0}, {'Clndrs': 5.0, 'Volume': 121.0, 'Model': 80.0, 'origin': 2.0}
0.30998225385304745, 0.34854013859025934, 0.19339815732352839, 0.27467083302654305, 0.25394722064135844, 0.16745989117220028, 0.19339815732352839, 0.16745989117220028, 0.2596851205899111, 0.30706763493134415, 0.31159152325128536, 0.16745989117220028, 0.27467083302654305, 0.31159152325128536, 0.25831625843393935, 0.25394722064135844, 0.27467083302654305, 0.16745989117220028, 0.16745989117220028, 0.31159152325128536
127.71153092384338, 80.01765036582947, 82.42839241027832, 95.28766179084778, 85.38243985176086, 99.08228063583374, 81.88573598861694, 83.69716167449951, 75.66778302192688, 77.38093781471252, 78.61887335777283, 80.19750499725342, 77.08809566497803, 86.32619166374207, 87.04493856430054, 75.2423312664032, 83.7424066066742, 86.92336893081665, 77.94204783439636, 76.10416531562805