{'Clndrs': 4.0, 'Volume': 98.0, 'Model': 82.0, 'origin': 1.0}, {'Clndrs': 4.0, 'Volume': 79.0, 'Model': 74.0, 'origin': 2.0}, {'Clndrs': 4.0, 'Volume': 97.0, 'Model': 71.0, 'origin': 2.0}, {'Clndrs': 5.0, 'Volume': 121.0, 'Model': 80.0, 'origin': 2.0}, {'Clndrs': 6.0, 'Volume': 145.0, 'Model': 81.0, 'origin': 2.0}, {'Clndrs': 4.0, 'Volume': 98.0, 'Model': 82.0, 'origin': 1.0}, {'Clndrs': 4.0, 'Volume': 97.0, 'Model': 72.0, 'origin': 3.0}, {'Clndrs': 4.0, 'Volume': 105.0, 'Model': 82.0, 'origin': 2.0}, {'Clndrs': 4.0, 'Volume': 85.0, 'Model': 77.0, 'origin': 3.0}, {'Clndrs': 4.0, 'Volume': 97.0, 'Model': 71.0, 'origin': 2.0}, {'Clndrs': 4.0, 'Volume': 141.0, 'Model': 81.0, 'origin': 2.0}, {'Clndrs': 4.0, 'Volume': 91.0, 'Model': 78.0, 'origin': 3.0}, {'Clndrs': 4.0, 'Volume': 97.0, 'Model': 72.0, 'origin': 3.0}, {'Clndrs': 4.0, 'Volume': 110.0, 'Model': 70.0, 'origin': 2.0}, {'Clndrs': 5.0, 'Volume': 121.0, 'Model': 80.0, 'origin': 2.0}, {'Clndrs': 4.0, 'Volume': 97.0, 'Model': 73.0, 'origin': 2.0}, {'Clndrs': 5.0, 'Volume': 121.0, 'Model': 80.0, 'origin': 2.0}, {'Clndrs': 4.0, 'Volume': 91.0, 'Model': 71.0, 'origin': 1.0}, {'Clndrs': 4.0, 'Volume': 85.0, 'Model': 76.0, 'origin': 1.0}, {'Clndrs': 5.0, 'Volume': 121.0, 'Model': 80.0, 'origin': 2.0}
0.30706763493134415, 0.4228537919864892, 0.35266393508851945, 0.31159152325128536, 0.4235521708778065, 0.30706763493134415, 0.4091404918618775, 0.36198096077750375, 0.40233402905237403, 0.35266393508851945, 0.419834366701459, 0.3241969946908646, 0.4091404918618775, 0.419906382732522, 0.31159152325128536, 0.3216062143047753, 0.31159152325128536, 0.32909678259718966, 0.30998225385304745, 0.31159152325128536
76.17603302001953, 21.83346462249756, 22.68905019760132, 30.12622570991516, 28.285414695739746, 19.495797157287598, 20.62732458114624, 30.222151279449463, 23.64834427833557, 21.304739236831665, 26.592801570892334, 25.27786874771118, 27.94453001022339, 27.456467866897583, 30.554384469985962, 24.60305404663086, 33.20098114013672, 29.394575595855713, 24.41468834877014, 52.65217852592468