{'Clndrs': 4.0, 'Volume': 98.0, 'Model': 78.0, 'origin': 3.0}, {'Clndrs': 5.0, 'Volume': 183.0, 'Model': 79.0, 'origin': 2.0}, {'Clndrs': 6.0, 'Volume': 262.0, 'Model': 82.0, 'origin': 1.0}, {'Clndrs': 4.0, 'Volume': 78.0, 'Model': 78.0, 'origin': 3.0}, {'Clndrs': 4.0, 'Volume': 97.0, 'Model': 72.0, 'origin': 2.0}, {'Clndrs': 4.0, 'Volume': 98.0, 'Model': 82.0, 'origin': 1.0}, {'Clndrs': 4.0, 'Volume': 97.0, 'Model': 72.0, 'origin': 3.0}, {'Clndrs': 4.0, 'Volume': 91.0, 'Model': 82.0, 'origin': 3.0}, {'Clndrs': 4.0, 'Volume': 85.0, 'Model': 77.0, 'origin': 3.0}, {'Clndrs': 4.0, 'Volume': 146.0, 'Model': 80.0, 'origin': 2.0}, {'Clndrs': 4.0, 'Volume': 140.0, 'Model': 71.0, 'origin': 1.0}, {'Clndrs': 5.0, 'Volume': 121.0, 'Model': 80.0, 'origin': 2.0}, {'Clndrs': 4.0, 'Volume': 97.0, 'Model': 72.0, 'origin': 3.0}, {'Clndrs': 4.0, 'Volume': 98.0, 'Model': 71.0, 'origin': 1.0}, {'Clndrs': 4.0, 'Volume': 98.0, 'Model': 76.0, 'origin': 1.0}, {'Clndrs': 4.0, 'Volume': 98.0, 'Model': 76.0, 'origin': 1.0}, {'Clndrs': 5.0, 'Volume': 121.0, 'Model': 80.0, 'origin': 2.0}, {'Clndrs': 6.0, 'Volume': 262.0, 'Model': 82.0, 'origin': 1.0}, {'Clndrs': 4.0, 'Volume': 105.0, 'Model': 82.0, 'origin': 1.0}, {'Clndrs': 5.0, 'Volume': 121.0, 'Model': 80.0, 'origin': 2.0}
0.41236767459335466, 0.4559540336686524, 0.38125731428387977, 0.34854013859025934, 0.4477787960673256, 0.30706763493134415, 0.4091404918618775, 0.3348019145129377, 0.40233402905237403, 0.4071477874217173, 0.4436626620892513, 0.31159152325128536, 0.4091404918618775, 0.3578925042330301, 0.3923177859578426, 0.3923177859578426, 0.31159152325128536, 0.38125731428387977, 0.38514201560003136, 0.31159152325128536
44.41476225852966, 4.039302110671997, 2.948009729385376, 3.0868406295776367, 2.8765196800231934, 2.9348080158233643, 3.0000388622283936, 3.025533676147461, 2.8886826038360596, 2.8537497520446777, 1.7230405807495117, 3.0298032760620117, 2.9483516216278076, 4.513835191726685, 4.436090707778931, 3.2368197441101074, 2.915125846862793, 2.5833733081817627, 4.292426347732544, 3.5238358974456787