{'Clndrs': 4.0, 'Volume': 78.0, 'Model': 78.0, 'origin': 3.0}, {'Clndrs': 4.0, 'Volume': 90.0, 'Model': 78.0, 'origin': 2.0}, {'Clndrs': 4.0, 'Volume': 97.0, 'Model': 73.0, 'origin': 2.0}, {'Clndrs': 5.0, 'Volume': 121.0, 'Model': 80.0, 'origin': 2.0}, {'Clndrs': 4.0, 'Volume': 141.0, 'Model': 79.0, 'origin': 2.0}, {'Clndrs': 4.0, 'Volume': 97.0, 'Model': 82.0, 'origin': 2.0}, {'Clndrs': 4.0, 'Volume': 96.0, 'Model': 72.0, 'origin': 2.0}, {'Clndrs': 4.0, 'Volume': 105.0, 'Model': 82.0, 'origin': 2.0}, {'Clndrs': 4.0, 'Volume': 85.0, 'Model': 77.0, 'origin': 3.0}, {'Clndrs': 4.0, 'Volume': 85.0, 'Model': 79.0, 'origin': 3.0}, {'Clndrs': 4.0, 'Volume': 68.0, 'Model': 73.0, 'origin': 2.0}, {'Clndrs': 4.0, 'Volume': 97.0, 'Model': 75.0, 'origin': 3.0}, {'Clndrs': 4.0, 'Volume': 79.0, 'Model': 77.0, 'origin': 2.0}, {'Clndrs': 4.0, 'Volume': 97.0, 'Model': 72.0, 'origin': 3.0}, {'Clndrs': 4.0, 'Volume': 97.0, 'Model': 71.0, 'origin': 2.0}, {'Clndrs': 4.0, 'Volume': 98.0, 'Model': 76.0, 'origin': 1.0}, {'Clndrs': 5.0, 'Volume': 121.0, 'Model': 80.0, 'origin': 2.0}, {'Clndrs': 6.0, 'Volume': 262.0, 'Model': 82.0, 'origin': 1.0}, {'Clndrs': 4.0, 'Volume': 71.0, 'Model': 71.0, 'origin': 3.0}, {'Clndrs': 4.0, 'Volume': 79.0, 'Model': 77.0, 'origin': 2.0}
0.34854013859025934, 0.19339815732352839, 0.3216062143047753, 0.31159152325128536, 0.3872631585390678, 0.16745989117220028, 0.3831896297390449, 0.36198096077750375, 0.40233402905237403, 0.35328328444748114, 0.34385632337349503, 0.42794322946981855, 0.2596851205899111, 0.4091404918618775, 0.35266393508851945, 0.3923177859578426, 0.31159152325128536, 0.38125731428387977, 0.3517798862205761, 0.2596851205899111
93.05963563919067, 41.32180309295654, 47.20941376686096, 50.05523133277893, 47.52520775794983, 35.43954849243164, 46.76617097854614, 45.25533843040466, 54.56368088722229, 36.409340620040894, 48.00760245323181, 45.29998826980591, 44.376587867736816, 40.78044319152832, 52.904922008514404, 39.29209017753601, 34.03018260002136, 33.75402641296387, 38.68001961708069, 48.41425895690918