{'Clndrs': 5.0, 'Volume': 121.0, 'Model': 80.0, 'origin': 2.0}, {'Clndrs': 4.0, 'Volume': 97.0, 'Model': 70.0, 'origin': 2.0}, {'Clndrs': 4.0, 'Volume': 98.0, 'Model': 77.0, 'origin': 3.0}, {'Clndrs': 5.0, 'Volume': 121.0, 'Model': 80.0, 'origin': 2.0}, {'Clndrs': 4.0, 'Volume': 141.0, 'Model': 81.0, 'origin': 2.0}, {'Clndrs': 4.0, 'Volume': 98.0, 'Model': 82.0, 'origin': 1.0}, {'Clndrs': 5.0, 'Volume': 121.0, 'Model': 80.0, 'origin': 2.0}, {'Clndrs': 4.0, 'Volume': 85.0, 'Model': 76.0, 'origin': 1.0}, {'Clndrs': 5.0, 'Volume': 121.0, 'Model': 80.0, 'origin': 2.0}, {'Clndrs': 4.0, 'Volume': 85.0, 'Model': 76.0, 'origin': 1.0}, {'Clndrs': 5.0, 'Volume': 121.0, 'Model': 80.0, 'origin': 2.0}, {'Clndrs': 4.0, 'Volume': 71.0, 'Model': 74.0, 'origin': 3.0}, {'Clndrs': 4.0, 'Volume': 96.0, 'Model': 72.0, 'origin': 2.0}, {'Clndrs': 4.0, 'Volume': 98.0, 'Model': 77.0, 'origin': 3.0}, {'Clndrs': 4.0, 'Volume': 98.0, 'Model': 82.0, 'origin': 1.0}, {'Clndrs': 4.0, 'Volume': 98.0, 'Model': 76.0, 'origin': 1.0}, {'Clndrs': 4.0, 'Volume': 97.0, 'Model': 82.0, 'origin': 2.0}, {'Clndrs': 4.0, 'Volume': 86.0, 'Model': 81.0, 'origin': 1.0}, {'Clndrs': 5.0, 'Volume': 121.0, 'Model': 80.0, 'origin': 2.0}, {'Clndrs': 5.0, 'Volume': 121.0, 'Model': 80.0, 'origin': 2.0}
0.31159152325128536, 0.3263298147356364, 0.36770788046948644, 0.31159152325128536, 0.419834366701459, 0.30706763493134415, 0.31159152325128536, 0.30998225385304745, 0.31159152325128536, 0.30998225385304745, 0.31159152325128536, 0.3189355873546329, 0.3831896297390449, 0.36770788046948644, 0.30706763493134415, 0.3923177859578426, 0.16745989117220028, 0.3255856910455688, 0.31159152325128536, 0.31159152325128536
94.63967704772949, 44.8108286857605, 42.88732194900513, 49.718636989593506, 43.9471697807312, 41.456384897232056, 47.258326053619385, 42.23262929916382, 49.51903057098389, 46.075034618377686, 42.84707570075989, 58.7354736328125, 52.269280195236206, 65.8819739818573, 60.32438778877258, 53.60923504829407, 47.046579360961914, 56.046168088912964, 48.268922090530396, 42.70425343513489