{'Spout_wait': 8.0, 'Spliters': 6.0, 'Counters': 13.0}, {'Spout_wait': 5.0, 'Spliters': 4.0, 'Counters': 18.0}, {'Spout_wait': 8.0, 'Spliters': 5.0, 'Counters': 18.0}, {'Spout_wait': 5.0, 'Spliters': 6.0, 'Counters': 18.0}, {'Spout_wait': 9.0, 'Spliters': 6.0, 'Counters': 15.0}, {'Spout_wait': 3.0, 'Spliters': 3.0, 'Counters': 15.0}, {'Spout_wait': 7.0, 'Spliters': 3.0, 'Counters': 17.0}, {'Spout_wait': 10.0, 'Spliters': 5.0, 'Counters': 17.0}, {'Spout_wait': 9.0, 'Spliters': 3.0, 'Counters': 10.0}, {'Spout_wait': 10.0, 'Spliters': 5.0, 'Counters': 12.0}, {'Spout_wait': 9.0, 'Spliters': 6.0, 'Counters': 12.0}, {'Spout_wait': 7.0, 'Spliters': 5.0, 'Counters': 18.0}, {'Spout_wait': 100.0, 'Spliters': 2.0, 'Counters': 13.0}, {'Spout_wait': 5.0, 'Spliters': 6.0, 'Counters': 17.0}, {'Spout_wait': 4.0, 'Spliters': 4.0, 'Counters': 15.0}, {'Spout_wait': 7.0, 'Spliters': 6.0, 'Counters': 18.0}, {'Spout_wait': 5.0, 'Spliters': 5.0, 'Counters': 15.0}, {'Spout_wait': 3.0, 'Spliters': 3.0, 'Counters': 13.0}, {'Spout_wait': 7.0, 'Spliters': 2.0, 'Counters': 16.0}, {'Spout_wait': 8.0, 'Spliters': 6.0, 'Counters': 18.0}
0.07341688033487981, 0.05961471117699191, 0.07722248905842, 0.03893991222898485, 0.05703678646842847, 0.06530366529199416, 0.02967052168107598, 0.019199269545525532, 0.08781142502184214, 0.07727105045676619, 0.06901207886297123, 0.05556866859947385, 0.08631061307197851, 0.05169565262832132, 0.07739346614557374, 0.0613639952768652, 0.06522933540472042, 0.10025448726349229, 0.07469957232036739, 0.02340892060562716
75.66940355300903, 59.97910737991333, 52.50245809555054, 40.72715187072754, 41.113088607788086, 39.62927794456482, 43.036274909973145, 40.87114691734314, 39.15406537055969, 37.778170347213745, 37.55449175834656, 37.611896276474, 38.050697565078735, 34.95295548439026, 34.69960069656372, 35.39681553840637, 36.6700074672699, 36.840877294540405, 35.11966896057129, 34.939194202423096