{'Spout_wait': 10.0, 'Spliters': 6.0, 'Counters': 17.0}, {'Spout_wait': 10.0, 'Spliters': 6.0, 'Counters': 17.0}, {'Spout_wait': 10.0, 'Spliters': 6.0, 'Counters': 17.0}, {'Spout_wait': 10.0, 'Spliters': 6.0, 'Counters': 17.0}, {'Spout_wait': 10.0, 'Spliters': 6.0, 'Counters': 17.0}, {'Spout_wait': 10.0, 'Spliters': 6.0, 'Counters': 17.0}, {'Spout_wait': 10.0, 'Spliters': 6.0, 'Counters': 17.0}, {'Spout_wait': 10.0, 'Spliters': 6.0, 'Counters': 17.0}, {'Spout_wait': 10.0, 'Spliters': 6.0, 'Counters': 17.0}, {'Spout_wait': 10.0, 'Spliters': 6.0, 'Counters': 17.0}, {'Spout_wait': 10.0, 'Spliters': 6.0, 'Counters': 17.0}, {'Spout_wait': 10.0, 'Spliters': 6.0, 'Counters': 17.0}, {'Spout_wait': 10.0, 'Spliters': 6.0, 'Counters': 17.0}, {'Spout_wait': 10.0, 'Spliters': 6.0, 'Counters': 17.0}, {'Spout_wait': 10.0, 'Spliters': 6.0, 'Counters': 17.0}, {'Spout_wait': 10.0, 'Spliters': 6.0, 'Counters': 17.0}, {'Spout_wait': 10.0, 'Spliters': 6.0, 'Counters': 17.0}, {'Spout_wait': 10.0, 'Spliters': 6.0, 'Counters': 17.0}, {'Spout_wait': 10.0, 'Spliters': 6.0, 'Counters': 17.0}, {'Spout_wait': 10.0, 'Spliters': 6.0, 'Counters': 17.0}
0.000747363758841324, 0.000747363758841324, 0.000747363758841324, 0.000747363758841324, 0.000747363758841324, 0.000747363758841324, 0.000747363758841324, 0.000747363758841324, 0.000747363758841324, 0.000747363758841324, 0.000747363758841324, 0.000747363758841324, 0.000747363758841324, 0.000747363758841324, 0.000747363758841324, 0.000747363758841324, 0.000747363758841324, 0.000747363758841324, 0.000747363758841324, 0.000747363758841324
299.9764451980591, 288.4285566806793, 301.349618434906, 301.67280411720276, 295.5912525653839, 296.1156942844391, 288.2606792449951, 298.6220042705536, 295.5942859649658, 295.1245894432068, 293.53060507774353, 281.6604368686676, 289.93856716156006, 290.73747634887695, 283.3558418750763, 286.03521704673767, 302.31886291503906, 287.3308699131012, 284.5202157497406, 281.27530169487