{'Spout_wait': 7.0, 'Spliters': 6.0, 'Counters': 10.0}, {'Spout_wait': 9.0, 'Spliters': 3.0, 'Counters': 15.0}, {'Spout_wait': 100.0, 'Spliters': 5.0, 'Counters': 15.0}, {'Spout_wait': 3.0, 'Spliters': 5.0, 'Counters': 15.0}, {'Spout_wait': 8.0, 'Spliters': 5.0, 'Counters': 13.0}, {'Spout_wait': 6.0, 'Spliters': 5.0, 'Counters': 11.0}, {'Spout_wait': 4.0, 'Spliters': 3.0, 'Counters': 17.0}, {'Spout_wait': 6.0, 'Spliters': 6.0, 'Counters': 18.0}, {'Spout_wait': 4.0, 'Spliters': 5.0, 'Counters': 17.0}, {'Spout_wait': 8.0, 'Spliters': 6.0, 'Counters': 11.0}, {'Spout_wait': 9.0, 'Spliters': 3.0, 'Counters': 12.0}, {'Spout_wait': 8.0, 'Spliters': 6.0, 'Counters': 13.0}, {'Spout_wait': 5.0, 'Spliters': 4.0, 'Counters': 15.0}, {'Spout_wait': 6.0, 'Spliters': 6.0, 'Counters': 17.0}, {'Spout_wait': 6.0, 'Spliters': 6.0, 'Counters': 13.0}, {'Spout_wait': 6.0, 'Spliters': 4.0, 'Counters': 10.0}, {'Spout_wait': 10.0, 'Spliters': 5.0, 'Counters': 12.0}, {'Spout_wait': 100.0, 'Spliters': 6.0, 'Counters': 10.0}, {'Spout_wait': 5.0, 'Spliters': 3.0, 'Counters': 15.0}, {'Spout_wait': 7.0, 'Spliters': 3.0, 'Counters': 15.0}
0.11050898741435955, 0.06049968112044146, 0.07235023372512694, 0.07707461787446546, 0.06869452197396686, 0.1020206611595107, 0.0456255158854183, 0.06722737255341427, 0.0492717305442536, 0.09753192843590452, 0.07312910112384696, 0.07341688033487981, 0.08261887043698013, 0.025597877256524737, 0.09880055588592773, 0.11758535031937278, 0.07727105045676619, 0.1030066304811641, 0.08243577024755122, 0.07197053377438078
62.875131607055664, 54.48667931556702, 32.946556091308594, 39.86508393287659, 32.58980894088745, 33.16596579551697, 34.52004337310791, 38.750892162323, 31.30556297302246, 35.03162097930908, 33.090166091918945, 34.67375349998474, 31.27782940864563, 32.970099210739136, 32.86251735687256, 32.610217571258545, 30.15135645866394, 33.42512392997742, 33.4917368888855, 33.41170024871826