{'Spout_wait': 10.0, 'Spliters': 6.0, 'Counters': 17.0}, {'Spout_wait': 10.0, 'Spliters': 6.0, 'Counters': 17.0}, {'Spout_wait': 10.0, 'Spliters': 6.0, 'Counters': 18.0}, {'Spout_wait': 8.0, 'Spliters': 6.0, 'Counters': 17.0}, {'Spout_wait': 10.0, 'Spliters': 5.0, 'Counters': 17.0}, {'Spout_wait': 8.0, 'Spliters': 6.0, 'Counters': 18.0}, {'Spout_wait': 5.0, 'Spliters': 3.0, 'Counters': 17.0}, {'Spout_wait': 8.0, 'Spliters': 6.0, 'Counters': 17.0}, {'Spout_wait': 10.0, 'Spliters': 6.0, 'Counters': 18.0}, {'Spout_wait': 10.0, 'Spliters': 6.0, 'Counters': 17.0}, {'Spout_wait': 10.0, 'Spliters': 5.0, 'Counters': 13.0}, {'Spout_wait': 10.0, 'Spliters': 6.0, 'Counters': 18.0}, {'Spout_wait': 10.0, 'Spliters': 5.0, 'Counters': 17.0}, {'Spout_wait': 10.0, 'Spliters': 6.0, 'Counters': 18.0}, {'Spout_wait': 8.0, 'Spliters': 6.0, 'Counters': 18.0}, {'Spout_wait': 9.0, 'Spliters': 6.0, 'Counters': 17.0}, {'Spout_wait': 8.0, 'Spliters': 6.0, 'Counters': 18.0}, {'Spout_wait': 9.0, 'Spliters': 6.0, 'Counters': 17.0}, {'Spout_wait': 10.0, 'Spliters': 6.0, 'Counters': 18.0}, {'Spout_wait': 10.0, 'Spliters': 5.0, 'Counters': 17.0}
0.000747363758841324, 0.000747363758841324, 0.029511347490367323, 0.006111178207122481, 0.019199269545525532, 0.02340892060562716, 0.021277644326842537, 0.006111178207122481, 0.029511347490367323, 0.000747363758841324, 0.06555986454644991, 0.029511347490367323, 0.019199269545525532, 0.029511347490367323, 0.02340892060562716, 0.008586239120553896, 0.02340892060562716, 0.008586239120553896, 0.029511347490367323, 0.019199269545525532
120.12129831314087, 80.6603775024414, 79.28707480430603, 79.97513341903687, 84.00891184806824, 80.24074530601501, 79.49213027954102, 78.98558688163757, 78.54261064529419, 77.40286755561829, 79.7446117401123, 77.47266507148743, 77.55083179473877, 78.44500589370728, 78.04352140426636, 78.06143164634705, 78.20053505897522, 77.76779246330261, 77.9947030544281, 78.33241200447083