{'Spout_wait': 8.0, 'Spliters': 6.0, 'Counters': 17.0}, {'Spout_wait': 4.0, 'Spliters': 5.0, 'Counters': 17.0}, {'Spout_wait': 8.0, 'Spliters': 6.0, 'Counters': 17.0}, {'Spout_wait': 8.0, 'Spliters': 6.0, 'Counters': 18.0}, {'Spout_wait': 6.0, 'Spliters': 6.0, 'Counters': 15.0}, {'Spout_wait': 9.0, 'Spliters': 6.0, 'Counters': 11.0}, {'Spout_wait': 2.0, 'Spliters': 6.0, 'Counters': 17.0}, {'Spout_wait': 5.0, 'Spliters': 6.0, 'Counters': 18.0}, {'Spout_wait': 6.0, 'Spliters': 6.0, 'Counters': 15.0}, {'Spout_wait': 4.0, 'Spliters': 5.0, 'Counters': 15.0}, {'Spout_wait': 7.0, 'Spliters': 4.0, 'Counters': 17.0}, {'Spout_wait': 5.0, 'Spliters': 6.0, 'Counters': 18.0}, {'Spout_wait': 9.0, 'Spliters': 5.0, 'Counters': 13.0}, {'Spout_wait': 8.0, 'Spliters': 6.0, 'Counters': 17.0}, {'Spout_wait': 8.0, 'Spliters': 6.0, 'Counters': 15.0}, {'Spout_wait': 10.0, 'Spliters': 5.0, 'Counters': 17.0}, {'Spout_wait': 5.0, 'Spliters': 5.0, 'Counters': 15.0}, {'Spout_wait': 9.0, 'Spliters': 6.0, 'Counters': 18.0}, {'Spout_wait': 9.0, 'Spliters': 3.0, 'Counters': 16.0}, {'Spout_wait': 8.0, 'Spliters': 6.0, 'Counters': 18.0}
0.006111178207122481, 0.0492717305442536, 0.006111178207122481, 0.02340892060562716, 0.0516294898461388, 0.09877264668340935, 0.03826415626869606, 0.03893991222898485, 0.0516294898461388, 0.06713198483889915, 0.05180976722346198, 0.03893991222898485, 0.08851714266019262, 0.006111178207122481, 0.045320344504342636, 0.019199269545525532, 0.06522933540472042, 0.03142005946668358, 0.06610529136170162, 0.02340892060562716
69.23611974716187, 62.832499504089355, 47.78256607055664, 37.14031767845154, 38.77016854286194, 41.16644859313965, 37.76461887359619, 36.94994759559631, 40.06683683395386, 35.88267517089844, 34.91003131866455, 35.127032995224, 35.98603343963623, 34.48293995857239, 34.474358797073364, 32.92081093788147, 32.41616082191467, 35.07584881782532, 32.52448129653931, 33.173510789871216