{'Spout_wait': 7.0, 'Spliters': 4.0, 'Counters': 12.0}, {'Spout_wait': 10.0, 'Spliters': 3.0, 'Counters': 15.0}, {'Spout_wait': 4.0, 'Spliters': 2.0, 'Counters': 14.0}, {'Spout_wait': 3.0, 'Spliters': 4.0, 'Counters': 15.0}, {'Spout_wait': 10.0, 'Spliters': 2.0, 'Counters': 16.0}, {'Spout_wait': 6.0, 'Spliters': 4.0, 'Counters': 11.0}, {'Spout_wait': 4.0, 'Spliters': 3.0, 'Counters': 17.0}, {'Spout_wait': 6.0, 'Spliters': 4.0, 'Counters': 18.0}, {'Spout_wait': 3.0, 'Spliters': 5.0, 'Counters': 13.0}, {'Spout_wait': 4.0, 'Spliters': 3.0, 'Counters': 6.0}, {'Spout_wait': 9.0, 'Spliters': 3.0, 'Counters': 12.0}, {'Spout_wait': 7.0, 'Spliters': 5.0, 'Counters': 16.0}, {'Spout_wait': 5.0, 'Spliters': 6.0, 'Counters': 17.0}, {'Spout_wait': 10.0, 'Spliters': 3.0, 'Counters': 16.0}, {'Spout_wait': 6.0, 'Spliters': 6.0, 'Counters': 13.0}, {'Spout_wait': 6.0, 'Spliters': 4.0, 'Counters': 10.0}, {'Spout_wait': 5.0, 'Spliters': 4.0, 'Counters': 15.0}, {'Spout_wait': 100.0, 'Spliters': 6.0, 'Counters': 10.0}, {'Spout_wait': 5.0, 'Spliters': 5.0, 'Counters': 11.0}, {'Spout_wait': 8.0, 'Spliters': 3.0, 'Counters': 18.0}
0.10607804371386897, 0.0647745105971006, 0.14455968187745794, 0.11551858582781471, 0.10485873221361419, 0.1366030469287337, 0.0456255158854183, 0.09215494647517553, 0.12146821587714862, 0.2108299460888552, 0.07312910112384696, 0.08321882360229349, 0.05169565262832132, 0.08563426221181725, 0.09880055588592773, 0.11758535031937278, 0.08261887043698013, 0.1030066304811641, 0.1156778510474743, 0.07389354972440831
27.150968551635742, 11.600312948226929, 11.234405517578125, 8.371410608291626, 8.282300233840942, 8.807542324066162, 14.716541290283203, 31.077282190322876, 8.346185445785522, 8.331287622451782, 8.44559931755066, 8.21097207069397, 8.42546033859253, 14.674838781356812, 8.517772912979126, 8.425002813339233, 8.184650182723999, 11.581141471862793, 8.359232187271118, 8.1737060546875