{'Spout_wait': 5.0, 'Spliters': 5.0, 'Counters': 13.0}, {'Spout_wait': 3.0, 'Spliters': 4.0, 'Counters': 18.0}, {'Spout_wait': 4.0, 'Spliters': 3.0, 'Counters': 11.0}, {'Spout_wait': 6.0, 'Spliters': 3.0, 'Counters': 15.0}, {'Spout_wait': 6.0, 'Spliters': 6.0, 'Counters': 12.0}, {'Spout_wait': 1.0, 'Spliters': 3.0, 'Counters': 11.0}, {'Spout_wait': 5.0, 'Spliters': 3.0, 'Counters': 17.0}, {'Spout_wait': 4.0, 'Spliters': 6.0, 'Counters': 14.0}, {'Spout_wait': 5.0, 'Spliters': 6.0, 'Counters': 14.0}, {'Spout_wait': 3.0, 'Spliters': 6.0, 'Counters': 16.0}, {'Spout_wait': 2.0, 'Spliters': 6.0, 'Counters': 15.0}, {'Spout_wait': 5.0, 'Spliters': 6.0, 'Counters': 15.0}, {'Spout_wait': 3.0, 'Spliters': 3.0, 'Counters': 7.0}, {'Spout_wait': 6.0, 'Spliters': 4.0, 'Counters': 15.0}, {'Spout_wait': 5.0, 'Spliters': 5.0, 'Counters': 1.0}, {'Spout_wait': 5.0, 'Spliters': 3.0, 'Counters': 12.0}, {'Spout_wait': 6.0, 'Spliters': 4.0, 'Counters': 12.0}, {'Spout_wait': 5.0, 'Spliters': 5.0, 'Counters': 4.0}, {'Spout_wait': 5.0, 'Spliters': 5.0, 'Counters': 11.0}, {'Spout_wait': 3.0, 'Spliters': 5.0, 'Counters': 16.0}
0.06575009723038128, 0.06347431254953839, 0.08700781127469737, 0.06658807043310322, 0.08461235338551698, 0.09048089118900249, 0.08431319156724504, 0.07305533855603463, 0.05053990568724742, 0.08095941142227692, 0.07335444121653811, 0.08209737193835487, 0.12025388213917376, 0.051797308758049, 4.1023799471462397e-05, 0.06856444270796458, 0.06053988789959308, 0.054612027473105784, 0.09569061366428855, 0.0877261627975725
101.8309805393219, 68.8602306842804, 54.69168949127197, 56.64106225967407, 58.661158323287964, 53.42209529876709, 58.64159607887268, 52.70604848861694, 53.8344988822937, 52.95427107810974, 56.03474259376526, 53.51762413978577, 56.390071630477905, 53.322742223739624, 53.83087968826294, 53.24455213546753, 57.23963499069214, 53.35450291633606, 55.77405071258545, 53.32971000671387