{'Spout_wait': 5.0, 'Spliters': 5.0, 'Counters': 1.0}, {'Spout_wait': 5.0, 'Spliters': 5.0, 'Counters': 1.0}, {'Spout_wait': 5.0, 'Spliters': 5.0, 'Counters': 10.0}, {'Spout_wait': 5.0, 'Spliters': 5.0, 'Counters': 10.0}, {'Spout_wait': 5.0, 'Spliters': 5.0, 'Counters': 1.0}, {'Spout_wait': 5.0, 'Spliters': 5.0, 'Counters': 1.0}, {'Spout_wait': 5.0, 'Spliters': 5.0, 'Counters': 10.0}, {'Spout_wait': 5.0, 'Spliters': 5.0, 'Counters': 1.0}, {'Spout_wait': 6.0, 'Spliters': 3.0, 'Counters': 1.0}, {'Spout_wait': 5.0, 'Spliters': 5.0, 'Counters': 1.0}, {'Spout_wait': 5.0, 'Spliters': 5.0, 'Counters': 1.0}, {'Spout_wait': 6.0, 'Spliters': 3.0, 'Counters': 1.0}, {'Spout_wait': 5.0, 'Spliters': 5.0, 'Counters': 1.0}, {'Spout_wait': 5.0, 'Spliters': 5.0, 'Counters': 1.0}, {'Spout_wait': 5.0, 'Spliters': 5.0, 'Counters': 1.0}, {'Spout_wait': 6.0, 'Spliters': 3.0, 'Counters': 1.0}, {'Spout_wait': 5.0, 'Spliters': 5.0, 'Counters': 1.0}, {'Spout_wait': 6.0, 'Spliters': 3.0, 'Counters': 1.0}, {'Spout_wait': 5.0, 'Spliters': 5.0, 'Counters': 1.0}, {'Spout_wait': 5.0, 'Spliters': 5.0, 'Counters': 1.0}
4.1023799471462397e-05, 4.1023799471462397e-05, 0.04293529150197439, 0.04293529150197439, 4.1023799471462397e-05, 4.1023799471462397e-05, 0.04293529150197439, 4.1023799471462397e-05, 0.04227664546194576, 4.1023799471462397e-05, 4.1023799471462397e-05, 0.04227664546194576, 4.1023799471462397e-05, 4.1023799471462397e-05, 4.1023799471462397e-05, 0.04227664546194576, 4.1023799471462397e-05, 0.04227664546194576, 4.1023799471462397e-05, 4.1023799471462397e-05
684.064296245575, 669.060521364212, 663.8548035621643, 617.3766858577728, 639.2244484424591, 651.5920977592468, 612.6663205623627, 618.1170890331268, 638.2515659332275, 622.5167164802551, 658.705216884613, 636.7776098251343, 667.4459884166718, 663.2408421039581, 636.3632383346558, 666.1120414733887, 709.1936583518982, 683.5428125858307, 685.1527700424194, 658.1063089370728