{'Spout_wait': 5.0, 'Spliters': 2.0, 'Counters': 15.0}, {'Spout_wait': 1.0, 'Spliters': 4.0, 'Counters': 13.0}, {'Spout_wait': 5.0, 'Spliters': 5.0, 'Counters': 14.0}, {'Spout_wait': 4.0, 'Spliters': 4.0, 'Counters': 15.0}, {'Spout_wait': 2.0, 'Spliters': 3.0, 'Counters': 17.0}, {'Spout_wait': 6.0, 'Spliters': 4.0, 'Counters': 11.0}, {'Spout_wait': 5.0, 'Spliters': 3.0, 'Counters': 17.0}, {'Spout_wait': 3.0, 'Spliters': 4.0, 'Counters': 17.0}, {'Spout_wait': 2.0, 'Spliters': 5.0, 'Counters': 2.0}, {'Spout_wait': 4.0, 'Spliters': 3.0, 'Counters': 6.0}, {'Spout_wait': 1.0, 'Spliters': 4.0, 'Counters': 7.0}, {'Spout_wait': 6.0, 'Spliters': 5.0, 'Counters': 14.0}, {'Spout_wait': 4.0, 'Spliters': 2.0, 'Counters': 7.0}, {'Spout_wait': 2.0, 'Spliters': 3.0, 'Counters': 16.0}, {'Spout_wait': 2.0, 'Spliters': 6.0, 'Counters': 12.0}, {'Spout_wait': 4.0, 'Spliters': 3.0, 'Counters': 10.0}, {'Spout_wait': 5.0, 'Spliters': 4.0, 'Counters': 15.0}, {'Spout_wait': 2.0, 'Spliters': 6.0, 'Counters': 8.0}, {'Spout_wait': 1.0, 'Spliters': 6.0, 'Counters': 2.0}, {'Spout_wait': 4.0, 'Spliters': 6.0, 'Counters': 2.0}
0.17202178131023693, 0.10233729881652087, 0.10377441808149357, 0.1077263214979961, 0.15440390079000277, 0.09545076570216127, 0.08431319156724504, 0.09676836675537115, 0.0714984759902183, 0.10180021728171962, 0.15002689098061084, 0.10227727448505708, 0.1832145955733986, 0.06682831248794607, 0.10952322874726539, 0.1065289721117112, 0.07173785106193742, 0.1286249563402212, 0.09826551235264591, 0.09119933091037646
41.40648365020752, 5.102926254272461, 4.921937465667725, 8.211498022079468, 7.194594860076904, 32.09805655479431, 5.388948440551758, 4.9168455600738525, 4.928882360458374, 4.964657306671143, 5.395599603652954, 4.946178197860718, 7.049636363983154, 17.315043687820435, 4.93756103515625, 4.904423952102661, 6.9691972732543945, 6.511625051498413, 6.8524487018585205, 7.146063804626465