{'Spout_wait': 6.0, 'Spliters': 3.0, 'Counters': 1.0}, {'Spout_wait': 6.0, 'Spliters': 4.0, 'Counters': 15.0}, {'Spout_wait': 5.0, 'Spliters': 5.0, 'Counters': 1.0}, {'Spout_wait': 5.0, 'Spliters': 5.0, 'Counters': 1.0}, {'Spout_wait': 5.0, 'Spliters': 5.0, 'Counters': 1.0}, {'Spout_wait': 4.0, 'Spliters': 5.0, 'Counters': 10.0}, {'Spout_wait': 5.0, 'Spliters': 5.0, 'Counters': 1.0}, {'Spout_wait': 5.0, 'Spliters': 6.0, 'Counters': 14.0}, {'Spout_wait': 5.0, 'Spliters': 5.0, 'Counters': 1.0}, {'Spout_wait': 6.0, 'Spliters': 3.0, 'Counters': 1.0}, {'Spout_wait': 5.0, 'Spliters': 5.0, 'Counters': 1.0}, {'Spout_wait': 5.0, 'Spliters': 5.0, 'Counters': 1.0}, {'Spout_wait': 5.0, 'Spliters': 5.0, 'Counters': 1.0}, {'Spout_wait': 6.0, 'Spliters': 4.0, 'Counters': 12.0}, {'Spout_wait': 5.0, 'Spliters': 5.0, 'Counters': 10.0}, {'Spout_wait': 5.0, 'Spliters': 5.0, 'Counters': 1.0}, {'Spout_wait': 3.0, 'Spliters': 4.0, 'Counters': 15.0}, {'Spout_wait': 6.0, 'Spliters': 3.0, 'Counters': 1.0}, {'Spout_wait': 5.0, 'Spliters': 6.0, 'Counters': 14.0}, {'Spout_wait': 5.0, 'Spliters': 5.0, 'Counters': 1.0}
0.04227664546194576, 0.051797308758049, 4.1023799471462397e-05, 4.1023799471462397e-05, 4.1023799471462397e-05, 0.04928309323600877, 4.1023799471462397e-05, 0.05053990568724742, 4.1023799471462397e-05, 0.04227664546194576, 4.1023799471462397e-05, 4.1023799471462397e-05, 4.1023799471462397e-05, 0.06053988789959308, 0.04293529150197439, 4.1023799471462397e-05, 0.050780020257953695, 0.04227664546194576, 0.05053990568724742, 4.1023799471462397e-05
325.4626986980438, 309.3143239021301, 314.2398102283478, 300.8909606933594, 312.0073299407959, 330.7122914791107, 320.36392164230347, 301.79371905326843, 304.3988904953003, 295.886039018631, 298.67071318626404, 311.3228566646576, 321.9589138031006, 293.2134873867035, 280.673442363739, 296.6033573150635, 288.73953676223755, 317.76314663887024, 303.2579312324524, 297.4972047805786