{'Spout_wait': 3.0, 'Spliters': 5.0, 'Counters': 6.0}, {'Spout_wait': 2.0, 'Spliters': 4.0, 'Counters': 10.0}, {'Spout_wait': 3.0, 'Spliters': 4.0, 'Counters': 18.0}, {'Spout_wait': 3.0, 'Spliters': 6.0, 'Counters': 13.0}, {'Spout_wait': 2.0, 'Spliters': 4.0, 'Counters': 17.0}, {'Spout_wait': 1.0, 'Spliters': 5.0, 'Counters': 10.0}, {'Spout_wait': 5.0, 'Spliters': 3.0, 'Counters': 17.0}, {'Spout_wait': 4.0, 'Spliters': 3.0, 'Counters': 2.0}, {'Spout_wait': 2.0, 'Spliters': 5.0, 'Counters': 2.0}, {'Spout_wait': 1.0, 'Spliters': 6.0, 'Counters': 16.0}, {'Spout_wait': 4.0, 'Spliters': 6.0, 'Counters': 15.0}, {'Spout_wait': 3.0, 'Spliters': 3.0, 'Counters': 10.0}, {'Spout_wait': 4.0, 'Spliters': 4.0, 'Counters': 7.0}, {'Spout_wait': 6.0, 'Spliters': 4.0, 'Counters': 12.0}, {'Spout_wait': 6.0, 'Spliters': 2.0, 'Counters': 10.0}, {'Spout_wait': 4.0, 'Spliters': 3.0, 'Counters': 10.0}, {'Spout_wait': 5.0, 'Spliters': 4.0, 'Counters': 15.0}, {'Spout_wait': 6.0, 'Spliters': 3.0, 'Counters': 1.0}, {'Spout_wait': 6.0, 'Spliters': 5.0, 'Counters': 5.0}, {'Spout_wait': 5.0, 'Spliters': 5.0, 'Counters': 13.0}
0.101259417423478, 0.054792021290341, 0.06347431254953839, 0.060540270892268655, 0.10640922568906164, 0.07143996632719907, 0.08431319156724504, 0.11132036960296687, 0.0714984759902183, 0.08317541227496894, 0.08844466465132061, 0.13484058054452686, 0.09892441800360019, 0.06053988789959308, 0.11933914905256437, 0.1065289721117112, 0.07173785106193742, 0.04227664546194576, 0.09742756565917288, 0.06575009723038128
59.19697022438049, 31.380159378051758, 32.989404916763306, 46.23152732849121, 30.71682858467102, 36.62048411369324, 37.84894800186157, 32.32560968399048, 30.27492594718933, 30.284873962402344, 33.56563973426819, 31.66507577896118, 30.710008144378662, 33.62993407249451, 30.8812358379364, 34.76585292816162, 38.44467115402222, 36.34601187705994, 31.868293523788452, 31.79352378845215