{'Spout_wait': 5.0, 'Spliters': 5.0, 'Counters': 13.0}, {'Spout_wait': 6.0, 'Spliters': 6.0, 'Counters': 18.0}, {'Spout_wait': 3.0, 'Spliters': 6.0, 'Counters': 4.0}, {'Spout_wait': 4.0, 'Spliters': 6.0, 'Counters': 10.0}, {'Spout_wait': 6.0, 'Spliters': 4.0, 'Counters': 14.0}, {'Spout_wait': 5.0, 'Spliters': 5.0, 'Counters': 10.0}, {'Spout_wait': 5.0, 'Spliters': 4.0, 'Counters': 1.0}, {'Spout_wait': 5.0, 'Spliters': 5.0, 'Counters': 13.0}, {'Spout_wait': 6.0, 'Spliters': 4.0, 'Counters': 2.0}, {'Spout_wait': 3.0, 'Spliters': 6.0, 'Counters': 1.0}, {'Spout_wait': 2.0, 'Spliters': 6.0, 'Counters': 18.0}, {'Spout_wait': 5.0, 'Spliters': 5.0, 'Counters': 13.0}, {'Spout_wait': 2.0, 'Spliters': 4.0, 'Counters': 10.0}, {'Spout_wait': 4.0, 'Spliters': 5.0, 'Counters': 10.0}, {'Spout_wait': 6.0, 'Spliters': 4.0, 'Counters': 12.0}, {'Spout_wait': 6.0, 'Spliters': 6.0, 'Counters': 10.0}, {'Spout_wait': 5.0, 'Spliters': 5.0, 'Counters': 1.0}, {'Spout_wait': 5.0, 'Spliters': 5.0, 'Counters': 10.0}, {'Spout_wait': 5.0, 'Spliters': 5.0, 'Counters': 13.0}, {'Spout_wait': 5.0, 'Spliters': 4.0, 'Counters': 18.0}
0.06575009723038128, 0.06317483948161395, 0.08970301763308575, 0.07305530287202056, 0.09652883356114972, 0.04293529150197439, 0.05485197085539084, 0.06575009723038128, 0.06473198371359523, 0.06095920606992189, 0.05658818806113297, 0.06575009723038128, 0.054792021290341, 0.04928309323600877, 0.06053988789959308, 0.06527079973415661, 4.1023799471462397e-05, 0.04293529150197439, 0.06575009723038128, 0.08604950129794131
124.11168670654297, 81.42431712150574, 74.28311038017273, 65.51231360435486, 65.48747944831848, 66.22200298309326, 68.57203817367554, 69.70967245101929, 64.96458649635315, 71.03792548179626, 68.61989712715149, 66.37373757362366, 64.98963475227356, 65.60108995437622, 74.19141149520874, 65.74744391441345, 67.28399968147278, 65.36678385734558, 63.32872915267944, 64.56652069091797