{'Spout_wait': 3.0, 'Spliters': 6.0, 'Counters': 13.0}, {'Spout_wait': 5.0, 'Spliters': 5.0, 'Counters': 10.0}, {'Spout_wait': 5.0, 'Spliters': 5.0, 'Counters': 4.0}, {'Spout_wait': 3.0, 'Spliters': 4.0, 'Counters': 15.0}, {'Spout_wait': 4.0, 'Spliters': 5.0, 'Counters': 15.0}, {'Spout_wait': 6.0, 'Spliters': 3.0, 'Counters': 1.0}, {'Spout_wait': 5.0, 'Spliters': 6.0, 'Counters': 16.0}, {'Spout_wait': 3.0, 'Spliters': 6.0, 'Counters': 13.0}, {'Spout_wait': 6.0, 'Spliters': 3.0, 'Counters': 2.0}, {'Spout_wait': 1.0, 'Spliters': 6.0, 'Counters': 15.0}, {'Spout_wait': 6.0, 'Spliters': 5.0, 'Counters': 16.0}, {'Spout_wait': 3.0, 'Spliters': 6.0, 'Counters': 13.0}, {'Spout_wait': 3.0, 'Spliters': 4.0, 'Counters': 15.0}, {'Spout_wait': 3.0, 'Spliters': 4.0, 'Counters': 15.0}, {'Spout_wait': 6.0, 'Spliters': 3.0, 'Counters': 1.0}, {'Spout_wait': 6.0, 'Spliters': 5.0, 'Counters': 16.0}, {'Spout_wait': 5.0, 'Spliters': 5.0, 'Counters': 10.0}, {'Spout_wait': 6.0, 'Spliters': 3.0, 'Counters': 2.0}, {'Spout_wait': 5.0, 'Spliters': 4.0, 'Counters': 1.0}, {'Spout_wait': 1.0, 'Spliters': 3.0, 'Counters': 2.0}
0.060540270892268655, 0.04293529150197439, 0.054612027473105784, 0.050780020257953695, 0.05317513139432972, 0.04227664546194576, 0.05281542808411355, 0.060540270892268655, 0.05413328559005237, 0.06658790750308663, 0.05874364051266878, 0.060540270892268655, 0.050780020257953695, 0.050780020257953695, 0.04227664546194576, 0.05874364051266878, 0.04293529150197439, 0.05413328559005237, 0.05485197085539084, 0.0846123759215458
241.67930006980896, 183.53939628601074, 187.21089482307434, 192.24716925621033, 182.10973930358887, 176.29802417755127, 177.6543173789978, 174.44773769378662, 172.04166865348816, 174.43389439582825, 175.76664233207703, 173.18495678901672, 173.32580876350403, 178.28909015655518, 173.51819610595703, 178.961754322052, 187.07067227363586, 175.7967927455902, 175.3839831352234, 174.20630502700806