{'Max_spout': 10000.0, 'Spliters': 1.0, 'Counters': 18.0}, {'Max_spout': 100000.0, 'Spliters': 2.0, 'Counters': 12.0}, {'Max_spout': 100.0, 'Spliters': 6.0, 'Counters': 15.0}, {'Max_spout': 1000000.0, 'Spliters': 2.0, 'Counters': 18.0}, {'Max_spout': 10000.0, 'Spliters': 2.0, 'Counters': 18.0}, {'Max_spout': 10000.0, 'Spliters': 2.0, 'Counters': 12.0}, {'Max_spout': 10000.0, 'Spliters': 2.0, 'Counters': 12.0}, {'Max_spout': 1000.0, 'Spliters': 3.0, 'Counters': 9.0}, {'Max_spout': 1000000.0, 'Spliters': 6.0, 'Counters': 9.0}, {'Max_spout': 1000.0, 'Spliters': 2.0, 'Counters': 6.0}, {'Max_spout': 1000.0, 'Spliters': 1.0, 'Counters': 6.0}, {'Max_spout': 10000.0, 'Spliters': 3.0, 'Counters': 15.0}, {'Max_spout': 1000000.0, 'Spliters': 6.0, 'Counters': 18.0}, {'Max_spout': 100.0, 'Spliters': 3.0, 'Counters': 15.0}, {'Max_spout': 10000.0, 'Spliters': 2.0, 'Counters': 6.0}, {'Max_spout': 1000.0, 'Spliters': 2.0, 'Counters': 9.0}, {'Max_spout': 1000.0, 'Spliters': 2.0, 'Counters': 15.0}, {'Max_spout': 100000.0, 'Spliters': 3.0, 'Counters': 18.0}, {'Max_spout': 100.0, 'Spliters': 2.0, 'Counters': 15.0}, {'Max_spout': 1000000.0, 'Spliters': 1.0, 'Counters': 3.0}
0.519680962742378, 0.4409963825425648, 0.4817930394651002, 0.3164259069728935, 0.38803073678533906, 0.3482003422813653, 0.3482003422813653, 0.4905387254901873, 0.44400910161431717, 0.4574555529336537, 0.500780182192749, 0.5064962756981907, 0.44459959447439834, 0.4867655869588914, 0.4166887504479434, 0.4308876598834952, 0.36892976043895076, 0.5064661599384707, 0.45581047217279547, 0.39445597231778273
89.90719485282898, 54.3021674156189, 51.79849171638489, 49.83582067489624, 47.23385429382324, 44.268107414245605, 45.58609747886658, 48.80567502975464, 48.03995490074158, 48.202311754226685, 51.036855936050415, 52.15433430671692, 47.62668180465698, 47.77764701843262, 49.628806829452515, 50.03160214424133, 49.92583155632019, 46.277711153030396, 48.03215718269348, 49.80519890785217