{'Max_spout': 10000.0, 'Spliters': 2.0, 'Counters': 12.0}, {'Max_spout': 1000000.0, 'Spliters': 1.0, 'Counters': 9.0}, {'Max_spout': 1000000.0, 'Spliters': 2.0, 'Counters': 18.0}, {'Max_spout': 1000000.0, 'Spliters': 2.0, 'Counters': 18.0}, {'Max_spout': 100000.0, 'Spliters': 2.0, 'Counters': 15.0}, {'Max_spout': 10000.0, 'Spliters': 2.0, 'Counters': 12.0}, {'Max_spout': 10000.0, 'Spliters': 2.0, 'Counters': 12.0}, {'Max_spout': 100000.0, 'Spliters': 6.0, 'Counters': 15.0}, {'Max_spout': 1000000.0, 'Spliters': 6.0, 'Counters': 9.0}, {'Max_spout': 1000.0, 'Spliters': 2.0, 'Counters': 15.0}, {'Max_spout': 100000.0, 'Spliters': 6.0, 'Counters': 18.0}, {'Max_spout': 1000.0, 'Spliters': 2.0, 'Counters': 15.0}, {'Max_spout': 1000.0, 'Spliters': 2.0, 'Counters': 15.0}, {'Max_spout': 1000000.0, 'Spliters': 2.0, 'Counters': 18.0}, {'Max_spout': 10000.0, 'Spliters': 2.0, 'Counters': 12.0}, {'Max_spout': 1000.0, 'Spliters': 2.0, 'Counters': 18.0}, {'Max_spout': 1000.0, 'Spliters': 2.0, 'Counters': 15.0}, {'Max_spout': 100.0, 'Spliters': 2.0, 'Counters': 15.0}, {'Max_spout': 1000000.0, 'Spliters': 6.0, 'Counters': 1.0}, {'Max_spout': 1000000.0, 'Spliters': 2.0, 'Counters': 18.0}
0.3482003422813653, 0.32012653299473015, 0.3164259069728935, 0.3164259069728935, 0.42412389951739193, 0.3482003422813653, 0.3482003422813653, 0.4560848893772902, 0.44400910161431717, 0.36892976043895076, 0.42495585890769383, 0.36892976043895076, 0.36892976043895076, 0.3164259069728935, 0.3482003422813653, 0.37732074296275253, 0.36892976043895076, 0.45581047217279547, 0.40357683359835317, 0.3164259069728935
326.54248428344727, 220.8949317932129, 215.8566710948944, 218.32190990447998, 215.17191886901855, 216.61102676391602, 221.01259851455688, 225.58629059791565, 222.62637376785278, 224.0504503250122, 224.55459642410278, 223.24010467529297, 219.76023530960083, 220.84893798828125, 224.30448126792908, 219.6171841621399, 227.8577265739441, 221.62819242477417, 221.10356664657593, 220.24100303649902