{'Max_spout': 1000000.0, 'Spliters': 2.0, 'Counters': 18.0}, {'Max_spout': 100000.0, 'Spliters': 2.0, 'Counters': 18.0}, {'Max_spout': 100.0, 'Spliters': 2.0, 'Counters': 15.0}, {'Max_spout': 1000000.0, 'Spliters': 2.0, 'Counters': 18.0}, {'Max_spout': 100000.0, 'Spliters': 2.0, 'Counters': 12.0}, {'Max_spout': 10000.0, 'Spliters': 2.0, 'Counters': 12.0}, {'Max_spout': 10000.0, 'Spliters': 2.0, 'Counters': 12.0}, {'Max_spout': 10000.0, 'Spliters': 1.0, 'Counters': 6.0}, {'Max_spout': 1000000.0, 'Spliters': 1.0, 'Counters': 9.0}, {'Max_spout': 1000.0, 'Spliters': 2.0, 'Counters': 18.0}, {'Max_spout': 1000000.0, 'Spliters': 6.0, 'Counters': 1.0}, {'Max_spout': 1000000.0, 'Spliters': 1.0, 'Counters': 6.0}, {'Max_spout': 100000.0, 'Spliters': 1.0, 'Counters': 9.0}, {'Max_spout': 1000.0, 'Spliters': 2.0, 'Counters': 12.0}, {'Max_spout': 100000.0, 'Spliters': 2.0, 'Counters': 12.0}, {'Max_spout': 1000.0, 'Spliters': 2.0, 'Counters': 9.0}, {'Max_spout': 1000.0, 'Spliters': 2.0, 'Counters': 15.0}, {'Max_spout': 100000.0, 'Spliters': 2.0, 'Counters': 15.0}, {'Max_spout': 100000.0, 'Spliters': 6.0, 'Counters': 12.0}, {'Max_spout': 1000000.0, 'Spliters': 1.0, 'Counters': 3.0}
0.3164259069728935, 0.43400974818367466, 0.45581047217279547, 0.3164259069728935, 0.4409963825425648, 0.3482003422813653, 0.3482003422813653, 0.41494030786695557, 0.32012653299473015, 0.37732074296275253, 0.40357683359835317, 0.36846990554864756, 0.35166741075975727, 0.38207560321211176, 0.4409963825425648, 0.4308876598834952, 0.36892976043895076, 0.42412389951739193, 0.4516582690455384, 0.39445597231778273
137.6277768611908, 88.06405353546143, 80.59127020835876, 79.32195496559143, 79.05357146263123, 81.36234211921692, 82.14513278007507, 79.85784077644348, 79.53587555885315, 79.58545160293579, 80.86100196838379, 79.41204476356506, 78.9420440196991, 80.1097719669342, 79.58012461662292, 78.96062636375427, 79.97154688835144, 80.60261034965515, 79.0281503200531, 80.68305945396423