{'Max_spout': 10000.0, 'Spliters': 2.0, 'Counters': 12.0}, {'Max_spout': 100000.0, 'Spliters': 2.0, 'Counters': 15.0}, {'Max_spout': 1000.0, 'Spliters': 6.0, 'Counters': 12.0}, {'Max_spout': 1000000.0, 'Spliters': 2.0, 'Counters': 18.0}, {'Max_spout': 1000.0, 'Spliters': 2.0, 'Counters': 15.0}, {'Max_spout': 10000.0, 'Spliters': 2.0, 'Counters': 12.0}, {'Max_spout': 10000.0, 'Spliters': 2.0, 'Counters': 12.0}, {'Max_spout': 10000.0, 'Spliters': 2.0, 'Counters': 12.0}, {'Max_spout': 10000.0, 'Spliters': 2.0, 'Counters': 18.0}, {'Max_spout': 10000.0, 'Spliters': 2.0, 'Counters': 15.0}, {'Max_spout': 10000.0, 'Spliters': 2.0, 'Counters': 12.0}, {'Max_spout': 10000.0, 'Spliters': 2.0, 'Counters': 18.0}, {'Max_spout': 1000.0, 'Spliters': 2.0, 'Counters': 15.0}, {'Max_spout': 1000000.0, 'Spliters': 1.0, 'Counters': 6.0}, {'Max_spout': 1000.0, 'Spliters': 2.0, 'Counters': 15.0}, {'Max_spout': 1000000.0, 'Spliters': 2.0, 'Counters': 18.0}, {'Max_spout': 10000.0, 'Spliters': 2.0, 'Counters': 12.0}, {'Max_spout': 10000.0, 'Spliters': 2.0, 'Counters': 6.0}, {'Max_spout': 10000.0, 'Spliters': 2.0, 'Counters': 18.0}, {'Max_spout': 1000000.0, 'Spliters': 1.0, 'Counters': 3.0}
0.3482003422813653, 0.42412389951739193, 0.4484068363379843, 0.3164259069728935, 0.36892976043895076, 0.3482003422813653, 0.3482003422813653, 0.3482003422813653, 0.38803073678533906, 0.37396253693787807, 0.3482003422813653, 0.38803073678533906, 0.36892976043895076, 0.36846990554864756, 0.36892976043895076, 0.3164259069728935, 0.3482003422813653, 0.4166887504479434, 0.38803073678533906, 0.39445597231778273
394.0435748100281, 377.63125348091125, 378.2677581310272, 375.97452330589294, 380.9747576713562, 369.7460129261017, 365.9015212059021, 370.43071126937866, 361.66913199424744, 376.045357465744, 369.14282059669495, 366.3601830005646, 369.3969027996063, 363.68234419822693, 366.08841466903687, 368.57002568244934, 364.25511384010315, 381.70877981185913, 385.5791697502136, 369.13036012649536