{'Max_spout': 1000.0, 'Spliters': 1.0, 'Counters': 14.0}, {'Max_spout': 10000.0, 'Spliters': 1.0, 'Counters': 13.0}, {'Max_spout': 100000.0, 'Spliters': 2.0, 'Counters': 10.0}, {'Max_spout': 1000.0, 'Spliters': 2.0, 'Counters': 15.0}, {'Max_spout': 1000.0, 'Spliters': 1.0, 'Counters': 17.0}, {'Max_spout': 100000.0, 'Spliters': 2.0, 'Counters': 15.0}, {'Max_spout': 1000.0, 'Spliters': 2.0, 'Counters': 17.0}, {'Max_spout': 100000.0, 'Spliters': 1.0, 'Counters': 16.0}, {'Max_spout': 1000000.0, 'Spliters': 2.0, 'Counters': 13.0}, {'Max_spout': 10000.0, 'Spliters': 5.0, 'Counters': 12.0}, {'Max_spout': 1000.0, 'Spliters': 1.0, 'Counters': 7.0}, {'Max_spout': 100000.0, 'Spliters': 1.0, 'Counters': 15.0}, {'Max_spout': 1000.0, 'Spliters': 4.0, 'Counters': 13.0}, {'Max_spout': 1000000.0, 'Spliters': 3.0, 'Counters': 9.0}, {'Max_spout': 100000.0, 'Spliters': 3.0, 'Counters': 13.0}, {'Max_spout': 1000.0, 'Spliters': 5.0, 'Counters': 14.0}, {'Max_spout': 1000.0, 'Spliters': 3.0, 'Counters': 15.0}, {'Max_spout': 1000.0, 'Spliters': 1.0, 'Counters': 16.0}, {'Max_spout': 100000.0, 'Spliters': 2.0, 'Counters': 11.0}, {'Max_spout': 1000.0, 'Spliters': 3.0, 'Counters': 2.0}
0.21626152942507804, 0.24227665075601124, 0.26157209069131104, 0.22087845968356934, 0.24206428500135546, 0.132539345926719, 0.20413732624457137, 0.270247788790447, 0.1753336643562795, 0.3054919767995985, 0.2850163144846505, 0.26551465639284955, 0.28822778994031817, 0.2891545294288054, 0.2942828815365135, 0.2993859888962045, 0.2933316605133143, 0.19199060033478188, 0.17117835533245507, 0.2692960039718406
28.231768369674683, 7.334683418273926, 7.541724681854248, 7.3722825050354, 9.431378841400146, 32.951337814331055, 7.796827554702759, 7.716624975204468, 8.562182188034058, 7.776442766189575, 8.19012713432312, 14.371990442276001, 7.187877893447876, 7.951185941696167, 7.252886533737183, 7.094300746917725, 7.372682094573975, 7.186230897903442, 8.688615560531616, 11.789070844650269