{'Max_spout': 1000.0, 'Spliters': 1.0, 'Counters': 14.0}, {'Max_spout': 1000.0, 'Spliters': 1.0, 'Counters': 12.0}, {'Max_spout': 1000.0, 'Spliters': 2.0, 'Counters': 16.0}, {'Max_spout': 1000.0, 'Spliters': 2.0, 'Counters': 15.0}, {'Max_spout': 100000.0, 'Spliters': 2.0, 'Counters': 13.0}, {'Max_spout': 100000.0, 'Spliters': 2.0, 'Counters': 7.0}, {'Max_spout': 100000.0, 'Spliters': 2.0, 'Counters': 15.0}, {'Max_spout': 1000.0, 'Spliters': 5.0, 'Counters': 18.0}, {'Max_spout': 1000000.0, 'Spliters': 2.0, 'Counters': 13.0}, {'Max_spout': 10000.0, 'Spliters': 2.0, 'Counters': 18.0}, {'Max_spout': 10000.0, 'Spliters': 2.0, 'Counters': 14.0}, {'Max_spout': 10000.0, 'Spliters': 4.0, 'Counters': 16.0}, {'Max_spout': 1000000.0, 'Spliters': 2.0, 'Counters': 8.0}, {'Max_spout': 1000000.0, 'Spliters': 2.0, 'Counters': 8.0}, {'Max_spout': 100000.0, 'Spliters': 1.0, 'Counters': 10.0}, {'Max_spout': 1000.0, 'Spliters': 2.0, 'Counters': 10.0}, {'Max_spout': 100000.0, 'Spliters': 3.0, 'Counters': 11.0}, {'Max_spout': 1000000.0, 'Spliters': 2.0, 'Counters': 9.0}, {'Max_spout': 1000.0, 'Spliters': 2.0, 'Counters': 18.0}, {'Max_spout': 1000000.0, 'Spliters': 2.0, 'Counters': 13.0}
0.21626152942507804, 0.2226217790786872, 0.24800718592450477, 0.22087845968356934, 0.14855608246731045, 0.2515018951539617, 0.132539345926719, 0.2812314825436557, 0.1753336643562795, 0.13646979561984285, 0.15332396214456634, 0.28616706290700367, 0.2540840823667212, 0.2540840823667212, 0.2534341111142201, 0.3018829129797359, 0.2907086941804491, 0.2103927465921025, 0.2352639057826642, 0.1753336643562795
122.34538221359253, 39.238582372665405, 32.061975955963135, 31.639948844909668, 29.03138303756714, 32.77347016334534, 31.630460262298584, 29.19563913345337, 28.30982780456543, 27.615100622177124, 28.621519565582275, 28.735366344451904, 30.93706440925598, 30.639842748641968, 27.519651889801025, 28.795525550842285, 28.974074125289917, 30.405125617980957, 27.466833353042603, 30.080770254135132