{'Max_spout': 1000.0, 'Spliters': 1.0, 'Counters': 14.0}, {'Max_spout': 100000.0, 'Spliters': 2.0, 'Counters': 18.0}, {'Max_spout': 10000.0, 'Spliters': 2.0, 'Counters': 11.0}, {'Max_spout': 1000000.0, 'Spliters': 2.0, 'Counters': 15.0}, {'Max_spout': 10000.0, 'Spliters': 1.0, 'Counters': 9.0}, {'Max_spout': 1000.0, 'Spliters': 1.0, 'Counters': 11.0}, {'Max_spout': 10000.0, 'Spliters': 2.0, 'Counters': 17.0}, {'Max_spout': 10000.0, 'Spliters': 1.0, 'Counters': 11.0}, {'Max_spout': 1000000.0, 'Spliters': 2.0, 'Counters': 13.0}, {'Max_spout': 1000000.0, 'Spliters': 1.0, 'Counters': 9.0}, {'Max_spout': 1000000.0, 'Spliters': 1.0, 'Counters': 14.0}, {'Max_spout': 1000.0, 'Spliters': 1.0, 'Counters': 16.0}, {'Max_spout': 1000.0, 'Spliters': 1.0, 'Counters': 14.0}, {'Max_spout': 100000.0, 'Spliters': 2.0, 'Counters': 18.0}, {'Max_spout': 100.0, 'Spliters': 2.0, 'Counters': 11.0}, {'Max_spout': 1000000.0, 'Spliters': 2.0, 'Counters': 12.0}, {'Max_spout': 1000000.0, 'Spliters': 3.0, 'Counters': 15.0}, {'Max_spout': 100000.0, 'Spliters': 1.0, 'Counters': 8.0}, {'Max_spout': 10000.0, 'Spliters': 2.0, 'Counters': 12.0}, {'Max_spout': 1000000.0, 'Spliters': 2.0, 'Counters': 18.0}
0.21626152942507804, 0.15717968355457912, 0.17147007144779203, 0.19052519703880066, 0.24205134551675467, 0.24193039619683, 0.13361873109709843, 0.22938914119097897, 0.1753336643562795, 0.265291457122927, 0.2737265488931854, 0.19199060033478188, 0.21626152942507804, 0.15717968355457912, 0.2923709776072295, 0.17863486685012364, 0.2761052592209492, 0.27990932392186396, 0.16476005941792837, 0.13380251720146819
97.292973279953, 65.5987057685852, 63.224018812179565, 60.70927977561951, 61.664032220840454, 63.07342886924744, 60.380600690841675, 61.10760998725891, 60.461289167404175, 59.78995084762573, 60.16927766799927, 60.049073219299316, 60.11906599998474, 62.353450536727905, 60.26466727256775, 63.05893135070801, 60.16908645629883, 60.4156231880188, 60.27314829826355, 59.897058725357056