{'Max_spout': 10000.0, 'Spliters': 2.0, 'Counters': 17.0}, {'Max_spout': 10000.0, 'Spliters': 1.0, 'Counters': 13.0}, {'Max_spout': 1000.0, 'Spliters': 1.0, 'Counters': 14.0}, {'Max_spout': 10000.0, 'Spliters': 2.0, 'Counters': 15.0}, {'Max_spout': 1000.0, 'Spliters': 1.0, 'Counters': 17.0}, {'Max_spout': 10000.0, 'Spliters': 2.0, 'Counters': 15.0}, {'Max_spout': 100000.0, 'Spliters': 2.0, 'Counters': 17.0}, {'Max_spout': 10000.0, 'Spliters': 2.0, 'Counters': 18.0}, {'Max_spout': 100000.0, 'Spliters': 2.0, 'Counters': 12.0}, {'Max_spout': 100000.0, 'Spliters': 2.0, 'Counters': 15.0}, {'Max_spout': 1000.0, 'Spliters': 4.0, 'Counters': 7.0}, {'Max_spout': 1000.0, 'Spliters': 5.0, 'Counters': 15.0}, {'Max_spout': 100000.0, 'Spliters': 2.0, 'Counters': 11.0}, {'Max_spout': 1000000.0, 'Spliters': 2.0, 'Counters': 12.0}, {'Max_spout': 10000.0, 'Spliters': 2.0, 'Counters': 15.0}, {'Max_spout': 10000.0, 'Spliters': 3.0, 'Counters': 2.0}, {'Max_spout': 1000000.0, 'Spliters': 4.0, 'Counters': 1.0}, {'Max_spout': 1000000.0, 'Spliters': 2.0, 'Counters': 9.0}, {'Max_spout': 100000.0, 'Spliters': 2.0, 'Counters': 17.0}, {'Max_spout': 10000.0, 'Spliters': 2.0, 'Counters': 18.0}
0.13361873109709843, 0.24227665075601124, 0.21626152942507804, 0.12284324324612461, 0.24206428500135546, 0.12284324324612461, 0.12371969767889157, 0.13646979561984285, 0.14512965696185742, 0.132539345926719, 0.2806426046559899, 0.2826370604953454, 0.17117835533245507, 0.17863486685012364, 0.12284324324612461, 0.24761777002500884, 0.2633732602683787, 0.2103927465921025, 0.12371969767889157, 0.13646979561984285
121.92318081855774, 101.11556792259216, 90.39382433891296, 95.07128715515137, 91.99937343597412, 85.60727429389954, 83.0392017364502, 83.93076157569885, 81.59189057350159, 81.03380060195923, 85.66396808624268, 92.45004487037659, 91.0035252571106, 86.02666592597961, 83.63430786132812, 81.45928931236267, 80.76313972473145, 81.05041980743408, 93.11535358428955, 81.96584630012512