{'Max_spout': 10000.0, 'Spliters': 2.0, 'Counters': 10.0}, {'Max_spout': 1000000.0, 'Spliters': 2.0, 'Counters': 18.0}, {'Max_spout': 10000.0, 'Spliters': 2.0, 'Counters': 15.0}, {'Max_spout': 10000.0, 'Spliters': 2.0, 'Counters': 15.0}, {'Max_spout': 10000.0, 'Spliters': 2.0, 'Counters': 15.0}, {'Max_spout': 100000.0, 'Spliters': 2.0, 'Counters': 17.0}, {'Max_spout': 100000.0, 'Spliters': 2.0, 'Counters': 17.0}, {'Max_spout': 10000.0, 'Spliters': 2.0, 'Counters': 15.0}, {'Max_spout': 1000000.0, 'Spliters': 2.0, 'Counters': 18.0}, {'Max_spout': 10000.0, 'Spliters': 2.0, 'Counters': 15.0}, {'Max_spout': 1000.0, 'Spliters': 1.0, 'Counters': 13.0}, {'Max_spout': 100000.0, 'Spliters': 2.0, 'Counters': 15.0}, {'Max_spout': 10000.0, 'Spliters': 2.0, 'Counters': 15.0}, {'Max_spout': 10000.0, 'Spliters': 2.0, 'Counters': 15.0}, {'Max_spout': 10000.0, 'Spliters': 2.0, 'Counters': 15.0}, {'Max_spout': 100000.0, 'Spliters': 2.0, 'Counters': 17.0}, {'Max_spout': 10000.0, 'Spliters': 2.0, 'Counters': 15.0}, {'Max_spout': 10000.0, 'Spliters': 2.0, 'Counters': 15.0}, {'Max_spout': 10000.0, 'Spliters': 2.0, 'Counters': 15.0}, {'Max_spout': 1000000.0, 'Spliters': 3.0, 'Counters': 2.0}
0.21484928662395242, 0.13380251720146819, 0.12284324324612461, 0.12284324324612461, 0.12284324324612461, 0.12371969767889157, 0.12371969767889157, 0.12284324324612461, 0.13380251720146819, 0.12284324324612461, 0.21612041686248584, 0.132539345926719, 0.12284324324612461, 0.12284324324612461, 0.12284324324612461, 0.12371969767889157, 0.12284324324612461, 0.12284324324612461, 0.12284324324612461, 0.2418857553379542
142.10788655281067, 96.16843771934509, 96.84752869606018, 93.06705069541931, 93.84691143035889, 93.65785717964172, 89.865403175354, 87.24105286598206, 90.55231404304504, 88.00360822677612, 90.67857146263123, 88.2722270488739, 89.09031629562378, 88.16254138946533, 88.3541944026947, 86.98602652549744, 86.11269307136536, 100.9281394481659, 86.90073132514954, 85.63750767707825