{'Max_spout': 10000.0, 'Spliters': 2.0, 'Counters': 15.0}, {'Max_spout': 10000.0, 'Spliters': 2.0, 'Counters': 15.0}, {'Max_spout': 10000.0, 'Spliters': 2.0, 'Counters': 15.0}, {'Max_spout': 10000.0, 'Spliters': 2.0, 'Counters': 15.0}, {'Max_spout': 100000.0, 'Spliters': 2.0, 'Counters': 17.0}, {'Max_spout': 10000.0, 'Spliters': 2.0, 'Counters': 15.0}, {'Max_spout': 10000.0, 'Spliters': 2.0, 'Counters': 15.0}, {'Max_spout': 10000.0, 'Spliters': 2.0, 'Counters': 15.0}, {'Max_spout': 100000.0, 'Spliters': 2.0, 'Counters': 17.0}, {'Max_spout': 10000.0, 'Spliters': 2.0, 'Counters': 15.0}, {'Max_spout': 1000000.0, 'Spliters': 2.0, 'Counters': 18.0}, {'Max_spout': 10000.0, 'Spliters': 2.0, 'Counters': 17.0}, {'Max_spout': 10000.0, 'Spliters': 2.0, 'Counters': 15.0}, {'Max_spout': 10000.0, 'Spliters': 2.0, 'Counters': 15.0}, {'Max_spout': 10000.0, 'Spliters': 2.0, 'Counters': 15.0}, {'Max_spout': 10000.0, 'Spliters': 2.0, 'Counters': 15.0}, {'Max_spout': 10000.0, 'Spliters': 2.0, 'Counters': 15.0}, {'Max_spout': 100000.0, 'Spliters': 2.0, 'Counters': 17.0}, {'Max_spout': 10000.0, 'Spliters': 2.0, 'Counters': 15.0}, {'Max_spout': 10000.0, 'Spliters': 2.0, 'Counters': 15.0}
0.12284324324612461, 0.12284324324612461, 0.12284324324612461, 0.12284324324612461, 0.12371969767889157, 0.12284324324612461, 0.12284324324612461, 0.12284324324612461, 0.12371969767889157, 0.12284324324612461, 0.13380251720146819, 0.13361873109709843, 0.12284324324612461, 0.12284324324612461, 0.12284324324612461, 0.12284324324612461, 0.12284324324612461, 0.12371969767889157, 0.12284324324612461, 0.12284324324612461
338.74921202659607, 324.2288193702698, 327.4936571121216, 318.7505581378937, 319.7313086986542, 321.7344551086426, 328.0998058319092, 321.63619685173035, 321.3446841239929, 324.6158256530762, 317.57336926460266, 318.0380883216858, 331.3093857765198, 312.8545105457306, 320.8089768886566, 313.4595408439636, 308.2406508922577, 319.9728887081146, 317.3312976360321, 312.53395104408264