{'Max_spout': 100000.0, 'Spliters': 2.0, 'Counters': 9.0}, {'Max_spout': 100000.0, 'Spliters': 2.0, 'Counters': 12.0}, {'Max_spout': 100000.0, 'Spliters': 2.0, 'Counters': 15.0}, {'Max_spout': 1000.0, 'Spliters': 2.0, 'Counters': 15.0}, {'Max_spout': 1000.0, 'Spliters': 1.0, 'Counters': 18.0}, {'Max_spout': 10000.0, 'Spliters': 2.0, 'Counters': 12.0}, {'Max_spout': 1000.0, 'Spliters': 2.0, 'Counters': 15.0}, {'Max_spout': 100.0, 'Spliters': 6.0, 'Counters': 9.0}, {'Max_spout': 1000000.0, 'Spliters': 6.0, 'Counters': 9.0}, {'Max_spout': 1000.0, 'Spliters': 2.0, 'Counters': 6.0}, {'Max_spout': 10000.0, 'Spliters': 6.0, 'Counters': 9.0}, {'Max_spout': 1000000.0, 'Spliters': 6.0, 'Counters': 18.0}, {'Max_spout': 1000000.0, 'Spliters': 2.0, 'Counters': 12.0}, {'Max_spout': 1000000.0, 'Spliters': 2.0, 'Counters': 9.0}, {'Max_spout': 100000.0, 'Spliters': 2.0, 'Counters': 12.0}, {'Max_spout': 1000.0, 'Spliters': 2.0, 'Counters': 9.0}, {'Max_spout': 1000.0, 'Spliters': 2.0, 'Counters': 12.0}, {'Max_spout': 1000.0, 'Spliters': 1.0, 'Counters': 6.0}, {'Max_spout': 100000.0, 'Spliters': 6.0, 'Counters': 9.0}, {'Max_spout': 1000.0, 'Spliters': 2.0, 'Counters': 9.0}
0.4706443900630809, 0.43816135911088994, 0.43629833300548926, 0.3534006710681069, 0.48580836249766923, 0.4060542266639211, 0.3534006710681069, 0.512611113287679, 0.4550215006629207, 0.42471564247809135, 0.46278694480825155, 0.45684852732534786, 0.47464293365645127, 0.41464190904005405, 0.43816135911088994, 0.3843556979164898, 0.34825220828017067, 0.504753926626011, 0.4702548652592582, 0.3843556979164898
73.17093014717102, 43.73837399482727, 41.28463554382324, 42.0492684841156, 41.014424324035645, 41.8677761554718, 40.558897972106934, 42.68377137184143, 40.41881465911865, 41.286884784698486, 39.96056890487671, 40.725199460983276, 41.78912711143494, 40.37974214553833, 40.48538017272949, 39.73572325706482, 40.71679711341858, 39.814762592315674, 40.7942419052124, 40.29558181762695