{'Max_spout': 1000.0, 'Spliters': 2.0, 'Counters': 15.0}, {'Max_spout': 100000.0, 'Spliters': 2.0, 'Counters': 12.0}, {'Max_spout': 100.0, 'Spliters': 2.0, 'Counters': 12.0}, {'Max_spout': 1000.0, 'Spliters': 2.0, 'Counters': 15.0}, {'Max_spout': 10000.0, 'Spliters': 2.0, 'Counters': 15.0}, {'Max_spout': 10000.0, 'Spliters': 2.0, 'Counters': 6.0}, {'Max_spout': 1000.0, 'Spliters': 2.0, 'Counters': 15.0}, {'Max_spout': 100000.0, 'Spliters': 6.0, 'Counters': 6.0}, {'Max_spout': 1000000.0, 'Spliters': 6.0, 'Counters': 12.0}, {'Max_spout': 10000.0, 'Spliters': 2.0, 'Counters': 15.0}, {'Max_spout': 1000.0, 'Spliters': 6.0, 'Counters': 15.0}, {'Max_spout': 10000.0, 'Spliters': 2.0, 'Counters': 15.0}, {'Max_spout': 100000.0, 'Spliters': 2.0, 'Counters': 15.0}, {'Max_spout': 1000.0, 'Spliters': 2.0, 'Counters': 12.0}, {'Max_spout': 1000.0, 'Spliters': 2.0, 'Counters': 12.0}, {'Max_spout': 1000.0, 'Spliters': 2.0, 'Counters': 9.0}, {'Max_spout': 1000.0, 'Spliters': 2.0, 'Counters': 12.0}, {'Max_spout': 10000.0, 'Spliters': 2.0, 'Counters': 9.0}, {'Max_spout': 100000.0, 'Spliters': 2.0, 'Counters': 18.0}, {'Max_spout': 1000.0, 'Spliters': 2.0, 'Counters': 18.0}
0.3534006710681069, 0.43816135911088994, 0.405608670201996, 0.3534006710681069, 0.3975491585218419, 0.4048595507354926, 0.3534006710681069, 0.48398850162979323, 0.45132372310007496, 0.3975491585218419, 0.4687885535894645, 0.3975491585218419, 0.43629833300548926, 0.34825220828017067, 0.34825220828017067, 0.3843556979164898, 0.34825220828017067, 0.3915810157618045, 0.4412970247361895, 0.3670307857723123
234.54758548736572, 200.494460105896, 199.54170727729797, 197.9512903690338, 201.0233154296875, 199.3226718902588, 204.58961272239685, 200.4950408935547, 200.53230333328247, 201.21226930618286, 197.558899641037, 191.92943811416626, 191.62466430664062, 192.14488911628723, 194.17375779151917, 194.4368233680725, 193.81532979011536, 195.41767692565918, 193.88155674934387, 194.19697856903076