{'Max_spout': 1000.0, 'Spliters': 2.0, 'Counters': 15.0}, {'Max_spout': 10000.0, 'Spliters': 2.0, 'Counters': 9.0}, {'Max_spout': 10000.0, 'Spliters': 2.0, 'Counters': 15.0}, {'Max_spout': 1000.0, 'Spliters': 2.0, 'Counters': 15.0}, {'Max_spout': 1000.0, 'Spliters': 2.0, 'Counters': 12.0}, {'Max_spout': 10000.0, 'Spliters': 2.0, 'Counters': 12.0}, {'Max_spout': 1000.0, 'Spliters': 2.0, 'Counters': 12.0}, {'Max_spout': 1000.0, 'Spliters': 2.0, 'Counters': 12.0}, {'Max_spout': 100000.0, 'Spliters': 6.0, 'Counters': 12.0}, {'Max_spout': 1000.0, 'Spliters': 2.0, 'Counters': 12.0}, {'Max_spout': 100000.0, 'Spliters': 2.0, 'Counters': 15.0}, {'Max_spout': 1000.0, 'Spliters': 2.0, 'Counters': 12.0}, {'Max_spout': 1000.0, 'Spliters': 2.0, 'Counters': 15.0}, {'Max_spout': 1000.0, 'Spliters': 2.0, 'Counters': 15.0}, {'Max_spout': 1000.0, 'Spliters': 2.0, 'Counters': 15.0}, {'Max_spout': 1000.0, 'Spliters': 2.0, 'Counters': 18.0}, {'Max_spout': 1000.0, 'Spliters': 2.0, 'Counters': 12.0}, {'Max_spout': 1000.0, 'Spliters': 2.0, 'Counters': 12.0}, {'Max_spout': 1000.0, 'Spliters': 2.0, 'Counters': 12.0}, {'Max_spout': 1000.0, 'Spliters': 2.0, 'Counters': 9.0}
0.3534006710681069, 0.3915810157618045, 0.3975491585218419, 0.3534006710681069, 0.34825220828017067, 0.4060542266639211, 0.34825220828017067, 0.34825220828017067, 0.4488602405241635, 0.34825220828017067, 0.43629833300548926, 0.34825220828017067, 0.3534006710681069, 0.3534006710681069, 0.3534006710681069, 0.3670307857723123, 0.34825220828017067, 0.34825220828017067, 0.34825220828017067, 0.3843556979164898
386.78859758377075, 296.03543853759766, 294.646422624588, 279.6404273509979, 272.3772716522217, 272.05048537254333, 271.74881863594055, 271.27816104888916, 272.1839439868927, 274.8898169994354, 276.8011372089386, 275.7901301383972, 276.56880235671997, 277.41599702835083, 281.72010469436646, 278.75215220451355, 279.7794005870819, 273.90704250335693, 275.25268149375916, 272.08398962020874