{'Max_spout': 1000.0, 'Spliters': 2.0, 'Counters': 12.0}, {'Max_spout': 10000.0, 'Spliters': 6.0, 'Counters': 12.0}, {'Max_spout': 100.0, 'Spliters': 6.0, 'Counters': 18.0}, {'Max_spout': 1000.0, 'Spliters': 2.0, 'Counters': 15.0}, {'Max_spout': 10000.0, 'Spliters': 6.0, 'Counters': 6.0}, {'Max_spout': 10000.0, 'Spliters': 2.0, 'Counters': 12.0}, {'Max_spout': 1000.0, 'Spliters': 2.0, 'Counters': 15.0}, {'Max_spout': 100000.0, 'Spliters': 6.0, 'Counters': 3.0}, {'Max_spout': 100000.0, 'Spliters': 6.0, 'Counters': 18.0}, {'Max_spout': 10000.0, 'Spliters': 2.0, 'Counters': 18.0}, {'Max_spout': 10000.0, 'Spliters': 2.0, 'Counters': 12.0}, {'Max_spout': 10000.0, 'Spliters': 6.0, 'Counters': 9.0}, {'Max_spout': 10000.0, 'Spliters': 6.0, 'Counters': 6.0}, {'Max_spout': 100000.0, 'Spliters': 6.0, 'Counters': 12.0}, {'Max_spout': 10000.0, 'Spliters': 2.0, 'Counters': 15.0}, {'Max_spout': 1000.0, 'Spliters': 2.0, 'Counters': 9.0}, {'Max_spout': 1000.0, 'Spliters': 2.0, 'Counters': 15.0}, {'Max_spout': 100.0, 'Spliters': 2.0, 'Counters': 15.0}, {'Max_spout': 100000.0, 'Spliters': 6.0, 'Counters': 18.0}, {'Max_spout': 1000.0, 'Spliters': 2.0, 'Counters': 18.0}
0.353038171607748, 0.4350877441709323, 0.47093358474716607, 0.33404364197772773, 0.43515614436816086, 0.3777081854880393, 0.33404364197772773, 0.5203276478698825, 0.430935374360889, 0.3893870191155626, 0.3777081854880393, 0.4512162617317901, 0.43515614436816086, 0.4526470286993124, 0.42572488935337316, 0.40781820730939655, 0.33404364197772773, 0.41821186046824166, 0.430935374360889, 0.3513569799560069
200.85454177856445, 166.97752833366394, 166.96122026443481, 163.62145900726318, 162.22798681259155, 162.3761465549469, 163.32556748390198, 162.2517478466034, 159.98277878761292, 155.1123993396759, 159.71082592010498, 163.50085735321045, 164.31791234016418, 161.30072331428528, 156.4293270111084, 156.67793774604797, 158.0105631351471, 153.2809362411499, 152.77825379371643, 152.6946680545807