{'Max_spout': 100.0, 'Spliters': 6.0, 'Counters': 12.0}, {'Max_spout': 1000.0, 'Spliters': 2.0, 'Counters': 18.0}, {'Max_spout': 1000.0, 'Spliters': 2.0, 'Counters': 18.0}, {'Max_spout': 1000.0, 'Spliters': 2.0, 'Counters': 15.0}, {'Max_spout': 1000.0, 'Spliters': 1.0, 'Counters': 18.0}, {'Max_spout': 1000.0, 'Spliters': 2.0, 'Counters': 12.0}, {'Max_spout': 1000.0, 'Spliters': 2.0, 'Counters': 15.0}, {'Max_spout': 10000.0, 'Spliters': 2.0, 'Counters': 15.0}, {'Max_spout': 100.0, 'Spliters': 2.0, 'Counters': 15.0}, {'Max_spout': 1000.0, 'Spliters': 2.0, 'Counters': 6.0}, {'Max_spout': 1000.0, 'Spliters': 2.0, 'Counters': 18.0}, {'Max_spout': 10000.0, 'Spliters': 6.0, 'Counters': 6.0}, {'Max_spout': 1000000.0, 'Spliters': 6.0, 'Counters': 18.0}, {'Max_spout': 10000.0, 'Spliters': 2.0, 'Counters': 18.0}, {'Max_spout': 1000.0, 'Spliters': 2.0, 'Counters': 15.0}, {'Max_spout': 1000.0, 'Spliters': 2.0, 'Counters': 18.0}, {'Max_spout': 1000.0, 'Spliters': 2.0, 'Counters': 15.0}, {'Max_spout': 1000.0, 'Spliters': 2.0, 'Counters': 12.0}, {'Max_spout': 100000.0, 'Spliters': 6.0, 'Counters': 9.0}, {'Max_spout': 1000.0, 'Spliters': 2.0, 'Counters': 18.0}
0.47649569730883223, 0.3513569799560069, 0.3513569799560069, 0.33404364197772773, 0.4716801687125022, 0.353038171607748, 0.33404364197772773, 0.42572488935337316, 0.41821186046824166, 0.41431724775011136, 0.3513569799560069, 0.43515614436816086, 0.44333117752233564, 0.3893870191155626, 0.33404364197772773, 0.3513569799560069, 0.33404364197772773, 0.353038171607748, 0.45112191811043734, 0.3513569799560069
213.16630601882935, 147.9969835281372, 142.57686257362366, 143.49156403541565, 142.93722915649414, 143.6225311756134, 141.5835154056549, 140.7006974220276, 142.47100615501404, 140.0746831893921, 139.87670946121216, 141.040860414505, 142.58893871307373, 141.86843943595886, 141.38277196884155, 140.16153502464294, 142.08447337150574, 141.1077048778534, 141.99559593200684, 142.85332608222961