{'Max_spout': 1000.0, 'Spliters': 2.0, 'Counters': 9.0}, {'Max_spout': 1000.0, 'Spliters': 2.0, 'Counters': 15.0}, {'Max_spout': 100000.0, 'Spliters': 6.0, 'Counters': 15.0}, {'Max_spout': 1000.0, 'Spliters': 2.0, 'Counters': 15.0}, {'Max_spout': 100000.0, 'Spliters': 6.0, 'Counters': 18.0}, {'Max_spout': 1000.0, 'Spliters': 2.0, 'Counters': 15.0}, {'Max_spout': 1000.0, 'Spliters': 2.0, 'Counters': 15.0}, {'Max_spout': 10000.0, 'Spliters': 2.0, 'Counters': 12.0}, {'Max_spout': 1000000.0, 'Spliters': 2.0, 'Counters': 9.0}, {'Max_spout': 1000.0, 'Spliters': 2.0, 'Counters': 15.0}, {'Max_spout': 1000.0, 'Spliters': 2.0, 'Counters': 18.0}, {'Max_spout': 1000.0, 'Spliters': 2.0, 'Counters': 15.0}, {'Max_spout': 100000.0, 'Spliters': 6.0, 'Counters': 15.0}, {'Max_spout': 1000.0, 'Spliters': 2.0, 'Counters': 15.0}, {'Max_spout': 1000.0, 'Spliters': 2.0, 'Counters': 18.0}, {'Max_spout': 1000.0, 'Spliters': 2.0, 'Counters': 15.0}, {'Max_spout': 1000.0, 'Spliters': 2.0, 'Counters': 15.0}, {'Max_spout': 10000.0, 'Spliters': 2.0, 'Counters': 18.0}, {'Max_spout': 10000.0, 'Spliters': 2.0, 'Counters': 12.0}, {'Max_spout': 1000.0, 'Spliters': 2.0, 'Counters': 9.0}
0.40781820730939655, 0.33404364197772773, 0.43816779038423925, 0.33404364197772773, 0.430935374360889, 0.33404364197772773, 0.33404364197772773, 0.3777081854880393, 0.3961943038278054, 0.33404364197772773, 0.3513569799560069, 0.33404364197772773, 0.43816779038423925, 0.33404364197772773, 0.3513569799560069, 0.33404364197772773, 0.33404364197772773, 0.3893870191155626, 0.3777081854880393, 0.40781820730939655
410.88396286964417, 407.3889799118042, 398.1279764175415, 396.8406431674957, 394.94063210487366, 395.10072803497314, 400.5821039676666, 404.5425269603729, 389.481627702713, 396.7344105243683, 398.0413682460785, 403.39340329170227, 399.12002205848694, 392.380930185318, 394.42679047584534, 401.6478741168976, 395.269807100296, 388.6855351924896, 393.5523533821106, 391.28858375549316