{'Max_spout': 100.0, 'Spliters': 2.0, 'Counters': 3.0}, {'Max_spout': 100000.0, 'Spliters': 2.0, 'Counters': 12.0}, {'Max_spout': 100.0, 'Spliters': 6.0, 'Counters': 15.0}, {'Max_spout': 1000.0, 'Spliters': 2.0, 'Counters': 15.0}, {'Max_spout': 1000.0, 'Spliters': 1.0, 'Counters': 18.0}, {'Max_spout': 10000.0, 'Spliters': 2.0, 'Counters': 12.0}, {'Max_spout': 1000.0, 'Spliters': 2.0, 'Counters': 15.0}, {'Max_spout': 1000.0, 'Spliters': 2.0, 'Counters': 9.0}, {'Max_spout': 1000000.0, 'Spliters': 6.0, 'Counters': 9.0}, {'Max_spout': 1000.0, 'Spliters': 2.0, 'Counters': 6.0}, {'Max_spout': 1000.0, 'Spliters': 1.0, 'Counters': 6.0}, {'Max_spout': 1000000.0, 'Spliters': 6.0, 'Counters': 1.0}, {'Max_spout': 1000000.0, 'Spliters': 3.0, 'Counters': 15.0}, {'Max_spout': 100000.0, 'Spliters': 2.0, 'Counters': 18.0}, {'Max_spout': 100000.0, 'Spliters': 6.0, 'Counters': 18.0}, {'Max_spout': 1000.0, 'Spliters': 2.0, 'Counters': 9.0}, {'Max_spout': 1000.0, 'Spliters': 2.0, 'Counters': 15.0}, {'Max_spout': 1000.0, 'Spliters': 6.0, 'Counters': 15.0}, {'Max_spout': 100000.0, 'Spliters': 6.0, 'Counters': 9.0}, {'Max_spout': 1000.0, 'Spliters': 2.0, 'Counters': 9.0}
0.5318920961128565, 0.47839076138278025, 0.493974959551124, 0.33404364197772773, 0.4716801687125022, 0.3777081854880393, 0.33404364197772773, 0.40781820730939655, 0.45474848674620594, 0.41431724775011136, 0.49240578970723936, 0.47918935692224895, 0.5150609041420104, 0.42885023240274767, 0.430935374360889, 0.40781820730939655, 0.33404364197772773, 0.4620269596269353, 0.45112191811043734, 0.40781820730939655
85.09786868095398, 47.24336314201355, 47.48623752593994, 47.11333918571472, 47.04397463798523, 47.29636597633362, 48.254133224487305, 45.446991205215454, 43.38714265823364, 45.13013029098511, 45.98845982551575, 41.73981595039368, 42.003828048706055, 45.14949083328247, 44.20578646659851, 42.27130436897278, 42.22929239273071, 44.65065383911133, 44.697778940200806, 47.12487864494324