{'Width': 4.0, 'Complexity': 0.0, 'Fifo': 2.0, 'Multiplier': 2.0}, {'Width': 3.0, 'Complexity': 0.0, 'Fifo': 2.0, 'Multiplier': 1.0}, {'Width': 5.0, 'Complexity': 1.0, 'Fifo': 1.0, 'Multiplier': 1.0}, {'Width': 3.0, 'Complexity': 0.0, 'Fifo': 1.0, 'Multiplier': 1.0}, {'Width': 3.0, 'Complexity': 1.0, 'Fifo': 3.0, 'Multiplier': 1.0}, {'Width': 3.0, 'Complexity': 1.0, 'Fifo': 2.0, 'Multiplier': 1.0}, {'Width': 3.0, 'Complexity': 1.0, 'Fifo': 3.0, 'Multiplier': 2.0}, {'Width': 6.0, 'Complexity': 1.0, 'Fifo': 4.0, 'Multiplier': 1.0}, {'Width': 3.0, 'Complexity': 0.0, 'Fifo': 1.0, 'Multiplier': 1.0}, {'Width': 4.0, 'Complexity': 0.0, 'Fifo': 4.0, 'Multiplier': 2.0}, {'Width': 4.0, 'Complexity': 0.0, 'Fifo': 2.0, 'Multiplier': 1.0}, {'Width': 3.0, 'Complexity': 0.0, 'Fifo': 2.0, 'Multiplier': 1.0}, {'Width': 3.0, 'Complexity': 0.0, 'Fifo': 3.0, 'Multiplier': 2.0}, {'Width': 3.0, 'Complexity': 0.0, 'Fifo': 3.0, 'Multiplier': 2.0}, {'Width': 3.0, 'Complexity': 0.0, 'Fifo': 4.0, 'Multiplier': 1.0}, {'Width': 3.0, 'Complexity': 0.0, 'Fifo': 4.0, 'Multiplier': 2.0}, {'Width': 6.0, 'Complexity': 1.0, 'Fifo': 1.0, 'Multiplier': 2.0}, {'Width': 3.0, 'Complexity': 0.0, 'Fifo': 4.0, 'Multiplier': 1.0}, {'Width': 3.0, 'Complexity': 0.0, 'Fifo': 4.0, 'Multiplier': 1.0}, {'Width': 3.0, 'Complexity': 0.0, 'Fifo': 4.0, 'Multiplier': 1.0}
0.5408570998371044, 0.22587868316250503, 0.44576155393974004, 0.22581417455021324, 0.3139305450653319, 0.3139305450653319, 0.45467580971289023, 0.4847424486775527, 0.22581417455021324, 0.5408570998371044, 0.377903417660034, 0.22587868316250503, 0.419850993356651, 0.419850993356651, 0.22587868316250503, 0.419850993356651, 0.6010428856631523, 0.22587868316250503, 0.22587868316250503, 0.22587868316250503
80.7158715724945, 23.16558074951172, 30.944857120513916, 24.917953491210938, 24.649008750915527, 23.86245107650757, 24.611677646636963, 21.87692093849182, 22.380298614501953, 21.851000547409058, 22.69624638557434, 23.103656768798828, 25.028587341308594, 21.97236204147339, 22.235732555389404, 22.5979061126709, 26.21840214729309, 22.912965297698975, 22.883350372314453, 22.573806762695312