{'Width': 3.0, 'Complexity': 1.0, 'Fifo': 1.0, 'Multiplier': 2.0}, {'Width': 3.0, 'Complexity': 1.0, 'Fifo': 2.0, 'Multiplier': 1.0}, {'Width': 3.0, 'Complexity': 1.0, 'Fifo': 1.0, 'Multiplier': 2.0}, {'Width': 3.0, 'Complexity': 0.0, 'Fifo': 1.0, 'Multiplier': 1.0}, {'Width': 4.0, 'Complexity': 1.0, 'Fifo': 2.0, 'Multiplier': 1.0}, {'Width': 3.0, 'Complexity': 1.0, 'Fifo': 2.0, 'Multiplier': 1.0}, {'Width': 6.0, 'Complexity': 1.0, 'Fifo': 3.0, 'Multiplier': 2.0}, {'Width': 6.0, 'Complexity': 1.0, 'Fifo': 2.0, 'Multiplier': 1.0}, {'Width': 4.0, 'Complexity': 0.0, 'Fifo': 3.0, 'Multiplier': 1.0}, {'Width': 7.0, 'Complexity': 0.0, 'Fifo': 2.0, 'Multiplier': 2.0}, {'Width': 6.0, 'Complexity': 0.0, 'Fifo': 3.0, 'Multiplier': 1.0}, {'Width': 3.0, 'Complexity': 1.0, 'Fifo': 4.0, 'Multiplier': 5.0}, {'Width': 3.0, 'Complexity': 0.0, 'Fifo': 3.0, 'Multiplier': 2.0}, {'Width': 3.0, 'Complexity': 0.0, 'Fifo': 3.0, 'Multiplier': 2.0}, {'Width': 5.0, 'Complexity': 1.0, 'Fifo': 4.0, 'Multiplier': 1.0}, {'Width': 3.0, 'Complexity': 1.0, 'Fifo': 2.0, 'Multiplier': 2.0}, {'Width': 7.0, 'Complexity': 1.0, 'Fifo': 3.0, 'Multiplier': 5.0}, {'Width': 4.0, 'Complexity': 0.0, 'Fifo': 1.0, 'Multiplier': 2.0}, {'Width': 6.0, 'Complexity': 1.0, 'Fifo': 1.0, 'Multiplier': 2.0}, {'Width': 7.0, 'Complexity': 1.0, 'Fifo': 2.0, 'Multiplier': 2.0}
0.4475718587069908, 0.3139305450653319, 0.4475718587069908, 0.22581417455021324, 0.3877806214317866, 0.3139305450653319, 0.6011336985066399, 0.4847424486775527, 0.3779034501993668, 0.6202339879203385, 0.5090215664735307, 0.6391991176499863, 0.419850993356651, 0.419850993356651, 0.44772479049532365, 0.45467580971289023, 0.684310726931179, 0.5408491849332049, 0.6010428856631523, 0.6099934834895173
57.81045436859131, 5.1180808544158936, 5.364562749862671, 4.728562116622925, 4.823296546936035, 4.734086036682129, 4.772124290466309, 4.85499906539917, 5.8535497188568115, 15.277695894241333, 9.568655729293823, 5.099110126495361, 4.7924017906188965, 4.885834693908691, 4.614633798599243, 4.988880395889282, 4.81256365776062, 4.885801315307617, 6.832444429397583, 5.962157726287842