{'Spout': 1.0, 'Split': 2.0, 'Count': 9.0, 'Buffer_size': 5240000.0, 'Heap': 1024.0}, {'Spout': 3.0, 'Split': 6.0, 'Count': 12.0, 'Buffer_size': 10500000.0, 'Heap': 1024.0}, {'Spout': 1.0, 'Split': 2.0, 'Count': 12.0, 'Buffer_size': 5240000.0, 'Heap': 512.0}, {'Spout': 3.0, 'Split': 6.0, 'Count': 12.0, 'Buffer_size': 10500000.0, 'Heap': 1024.0}, {'Spout': 3.0, 'Split': 3.0, 'Count': 12.0, 'Buffer_size': 1050000.0, 'Heap': 1024.0}, {'Spout': 1.0, 'Split': 2.0, 'Count': 9.0, 'Buffer_size': 5240000.0, 'Heap': 512.0}, {'Spout': 1.0, 'Split': 2.0, 'Count': 12.0, 'Buffer_size': 5240000.0, 'Heap': 512.0}, {'Spout': 3.0, 'Split': 6.0, 'Count': 12.0, 'Buffer_size': 10500000.0, 'Heap': 1024.0}, {'Spout': 1.0, 'Split': 1.0, 'Count': 12.0, 'Buffer_size': 5240000.0, 'Heap': 1024.0}, {'Spout': 1.0, 'Split': 2.0, 'Count': 12.0, 'Buffer_size': 5240000.0, 'Heap': 512.0}, {'Spout': 1.0, 'Split': 1.0, 'Count': 12.0, 'Buffer_size': 10500000.0, 'Heap': 2048.0}, {'Spout': 1.0, 'Split': 2.0, 'Count': 9.0, 'Buffer_size': 262000.0, 'Heap': 2048.0}, {'Spout': 1.0, 'Split': 2.0, 'Count': 9.0, 'Buffer_size': 105000000.0, 'Heap': 2048.0}, {'Spout': 1.0, 'Split': 2.0, 'Count': 12.0, 'Buffer_size': 1050000.0, 'Heap': 512.0}, {'Spout': 2.0, 'Split': 3.0, 'Count': 12.0, 'Buffer_size': 10500000.0, 'Heap': 2048.0}, {'Spout': 1.0, 'Split': 1.0, 'Count': 6.0, 'Buffer_size': 10500000.0, 'Heap': 1024.0}, {'Spout': 1.0, 'Split': 2.0, 'Count': 12.0, 'Buffer_size': 105000000.0, 'Heap': 1024.0}, {'Spout': 1.0, 'Split': 2.0, 'Count': 3.0, 'Buffer_size': 1050000.0, 'Heap': 2048.0}, {'Spout': 1.0, 'Split': 2.0, 'Count': 12.0, 'Buffer_size': 1050000.0, 'Heap': 2048.0}, {'Spout': 1.0, 'Split': 6.0, 'Count': 9.0, 'Buffer_size': 5240000.0, 'Heap': 512.0}
0.03312051691775342, 0.23756918589154719, 0.0, 0.23756918589154719, 0.24975586433515196, 0.04063900334810655, 0.0, 0.23756918589154719, 0.225343614343524, 0.0, 0.22725055302482722, 0.02293834193154254, 0.03571956165975776, 0.004885495408456952, 0.2668607013800588, 0.2594009595333633, 0.0063027704413145536, 0.25209802487556265, 0.026283935120529844, 0.2800621839757551
126.07749080657959, 53.93514060974121, 44.95507502555847, 50.20865488052368, 53.26502704620361, 51.83400249481201, 51.119516134262085, 53.64224910736084, 50.022034645080566, 49.5611891746521, 46.585657835006714, 46.19647550582886, 46.32060241699219, 42.00494384765625, 45.47971987724304, 44.27484107017517, 43.273146867752075, 45.252177715301514, 45.679656744003296, 48.723893880844116