{'Max_spout': 1.0, 'Spliters': 1.0, 'Counters': 12.0}, {'Max_spout': 1.0, 'Spliters': 1.0, 'Counters': 12.0}, {'Max_spout': 1.0, 'Spliters': 6.0, 'Counters': 6.0}, {'Max_spout': 1.0, 'Spliters': 1.0, 'Counters': 6.0}, {'Max_spout': 1.0, 'Spliters': 1.0, 'Counters': 9.0}, {'Max_spout': 1.0, 'Spliters': 2.0, 'Counters': 1.0}, {'Max_spout': 1.0, 'Spliters': 1.0, 'Counters': 12.0}, {'Max_spout': 1.0, 'Spliters': 1.0, 'Counters': 12.0}, {'Max_spout': 1.0, 'Spliters': 2.0, 'Counters': 1.0}, {'Max_spout': 1.0, 'Spliters': 1.0, 'Counters': 15.0}, {'Max_spout': 1.0, 'Spliters': 2.0, 'Counters': 18.0}, {'Max_spout': 1.0, 'Spliters': 1.0, 'Counters': 18.0}, {'Max_spout': 1.0, 'Spliters': 1.0, 'Counters': 12.0}, {'Max_spout': 1.0, 'Spliters': 1.0, 'Counters': 12.0}, {'Max_spout': 1.0, 'Spliters': 1.0, 'Counters': 3.0}, {'Max_spout': 1.0, 'Spliters': 1.0, 'Counters': 12.0}, {'Max_spout': 1.0, 'Spliters': 1.0, 'Counters': 6.0}, {'Max_spout': 1.0, 'Spliters': 1.0, 'Counters': 12.0}, {'Max_spout': 1.0, 'Spliters': 2.0, 'Counters': 6.0}, {'Max_spout': 1.0, 'Spliters': 1.0, 'Counters': 12.0}
0.0, 0.0, 0.013611553966170753, 0.003361783712524935, 0.0018937558904615903, 0.003421972853229538, 0.0, 0.0, 0.003421972853229538, 0.002165341037543289, 0.0048591720910294844, 0.0015707897696076722, 0.0, 0.0, 0.003421972853229538, 0.0, 0.003361783712524935, 0.0, 0.007622000452152555, 0.0
422.7836968898773, 376.22379875183105, 370.2467007637024, 368.8627030849457, 365.57966113090515, 364.7078757286072, 368.93703842163086, 375.97426295280457, 379.3046259880066, 372.7756824493408, 367.55375838279724, 372.2508268356323, 383.31444025039673, 376.44734358787537, 369.2183952331543, 376.53133153915405, 367.1448976993561, 379.46195220947266, 374.2917573451996, 369.4014928340912