{'Max_spout': 1.0, 'Spliters': 3.0, 'Counters': 12.0}, {'Max_spout': 10000.0, 'Spliters': 1.0, 'Counters': 12.0}, {'Max_spout': 10.0, 'Spliters': 1.0, 'Counters': 12.0}, {'Max_spout': 1.0, 'Spliters': 2.0, 'Counters': 9.0}, {'Max_spout': 1.0, 'Spliters': 6.0, 'Counters': 18.0}, {'Max_spout': 10000.0, 'Spliters': 2.0, 'Counters': 1.0}, {'Max_spout': 10.0, 'Spliters': 3.0, 'Counters': 6.0}, {'Max_spout': 1000.0, 'Spliters': 6.0, 'Counters': 1.0}, {'Max_spout': 100000.0, 'Spliters': 1.0, 'Counters': 1.0}, {'Max_spout': 1000.0, 'Spliters': 2.0, 'Counters': 1.0}, {'Max_spout': 1.0, 'Spliters': 6.0, 'Counters': 18.0}, {'Max_spout': 1.0, 'Spliters': 3.0, 'Counters': 15.0}, {'Max_spout': 1000.0, 'Spliters': 6.0, 'Counters': 1.0}, {'Max_spout': 1000000.0, 'Spliters': 3.0, 'Counters': 9.0}, {'Max_spout': 1.0, 'Spliters': 3.0, 'Counters': 9.0}, {'Max_spout': 10.0, 'Spliters': 3.0, 'Counters': 3.0}, {'Max_spout': 100000.0, 'Spliters': 3.0, 'Counters': 3.0}, {'Max_spout': 1.0, 'Spliters': 6.0, 'Counters': 6.0}, {'Max_spout': 10.0, 'Spliters': 3.0, 'Counters': 15.0}, {'Max_spout': 1.0, 'Spliters': 1.0, 'Counters': 6.0}
0.012569254212505876, 0.25117368824373953, 0.15745479208321955, 0.007009832850352171, 0.010017821857759901, 0.06821925289128083, 0.18769616521772314, 0.07417650979321366, 0.07136817256960648, 0.0698663801076358, 0.010017821857759901, 0.012736609384221054, 0.07417650979321366, 0.24828167343427487, 0.014429245463060014, 0.18382057176747613, 0.20980466421799626, 0.013611553966170753, 0.1854060418153045, 0.003361783712524935
69.59692001342773, 40.9140408039093, 40.99648642539978, 40.6539523601532, 41.498881340026855, 50.05079674720764, 54.567883014678955, 52.046870708465576, 48.682177782058716, 52.348811864852905, 50.66321539878845, 48.70709443092346, 50.537612438201904, 48.675029039382935, 48.36209583282471, 45.8144428730011, 45.41250991821289, 46.798351526260376, 47.273377418518066, 49.83046317100525