{'Max_spout': 1.0, 'Spliters': 3.0, 'Counters': 12.0}, {'Max_spout': 1.0, 'Spliters': 6.0, 'Counters': 15.0}, {'Max_spout': 1.0, 'Spliters': 2.0, 'Counters': 9.0}, {'Max_spout': 1.0, 'Spliters': 2.0, 'Counters': 15.0}, {'Max_spout': 1.0, 'Spliters': 2.0, 'Counters': 15.0}, {'Max_spout': 1.0, 'Spliters': 1.0, 'Counters': 15.0}, {'Max_spout': 1.0, 'Spliters': 6.0, 'Counters': 6.0}, {'Max_spout': 100000.0, 'Spliters': 2.0, 'Counters': 1.0}, {'Max_spout': 100000.0, 'Spliters': 1.0, 'Counters': 1.0}, {'Max_spout': 1.0, 'Spliters': 2.0, 'Counters': 9.0}, {'Max_spout': 10.0, 'Spliters': 3.0, 'Counters': 3.0}, {'Max_spout': 1.0, 'Spliters': 6.0, 'Counters': 18.0}, {'Max_spout': 10.0, 'Spliters': 1.0, 'Counters': 12.0}, {'Max_spout': 1.0, 'Spliters': 6.0, 'Counters': 18.0}, {'Max_spout': 1000.0, 'Spliters': 2.0, 'Counters': 1.0}, {'Max_spout': 1.0, 'Spliters': 2.0, 'Counters': 1.0}, {'Max_spout': 10.0, 'Spliters': 3.0, 'Counters': 1.0}, {'Max_spout': 1.0, 'Spliters': 1.0, 'Counters': 3.0}, {'Max_spout': 1.0, 'Spliters': 2.0, 'Counters': 1.0}, {'Max_spout': 1.0, 'Spliters': 1.0, 'Counters': 18.0}
0.012569254212505876, 0.010632925515204339, 0.007009832850352171, 0.005399406329548717, 0.005399406329548717, 0.002165341037543289, 0.013611553966170753, 0.0543493260284269, 0.07136817256960648, 0.007009832850352171, 0.18382057176747613, 0.010017821857759901, 0.15745479208321955, 0.010017821857759901, 0.0698663801076358, 0.003421972853229538, 0.0605502755488222, 0.003421972853229538, 0.003421972853229538, 0.0015707897696076722
232.71609544754028, 202.71749711036682, 192.5129861831665, 193.54036593437195, 197.27059388160706, 200.48912048339844, 192.70576119422913, 188.5021688938141, 183.60808515548706, 196.29916906356812, 199.4406979084015, 200.06283283233643, 201.67252397537231, 201.29751896858215, 199.50886821746826, 201.5655255317688, 194.11672282218933, 195.34756469726562, 200.24862265586853, 203.34593725204468