{'Max_spout': 1.0, 'Spliters': 2.0, 'Counters': 12.0}, {'Max_spout': 1.0, 'Spliters': 2.0, 'Counters': 1.0}, {'Max_spout': 1.0, 'Spliters': 1.0, 'Counters': 18.0}, {'Max_spout': 1.0, 'Spliters': 1.0, 'Counters': 12.0}, {'Max_spout': 1.0, 'Spliters': 3.0, 'Counters': 12.0}, {'Max_spout': 10000.0, 'Spliters': 2.0, 'Counters': 1.0}, {'Max_spout': 1.0, 'Spliters': 2.0, 'Counters': 18.0}, {'Max_spout': 1.0, 'Spliters': 1.0, 'Counters': 1.0}, {'Max_spout': 1.0, 'Spliters': 2.0, 'Counters': 18.0}, {'Max_spout': 1.0, 'Spliters': 1.0, 'Counters': 9.0}, {'Max_spout': 1.0, 'Spliters': 1.0, 'Counters': 18.0}, {'Max_spout': 1.0, 'Spliters': 1.0, 'Counters': 12.0}, {'Max_spout': 1.0, 'Spliters': 1.0, 'Counters': 15.0}, {'Max_spout': 1000.0, 'Spliters': 2.0, 'Counters': 1.0}, {'Max_spout': 1.0, 'Spliters': 1.0, 'Counters': 9.0}, {'Max_spout': 1.0, 'Spliters': 1.0, 'Counters': 9.0}, {'Max_spout': 1000.0, 'Spliters': 2.0, 'Counters': 1.0}, {'Max_spout': 1.0, 'Spliters': 1.0, 'Counters': 9.0}, {'Max_spout': 1.0, 'Spliters': 2.0, 'Counters': 15.0}, {'Max_spout': 1000.0, 'Spliters': 2.0, 'Counters': 1.0}
0.006037998432146252, 0.003421972853229538, 0.0015707897696076722, 0.0, 0.012569254212505876, 0.06821925289128083, 0.0048591720910294844, 0.004807791117257265, 0.0048591720910294844, 0.0018937558904615903, 0.0015707897696076722, 0.0, 0.002165341037543289, 0.0698663801076358, 0.0018937558904615903, 0.0018937558904615903, 0.0698663801076358, 0.0018937558904615903, 0.005399406329548717, 0.0698663801076358
418.1270673274994, 394.623929977417, 364.55140113830566, 356.9981963634491, 372.2259337902069, 354.69664192199707, 349.26762986183167, 298.53958010673523, 296.32237696647644, 297.65562319755554, 289.02273774147034, 290.68422961235046, 292.11957454681396, 285.6482889652252, 287.9123001098633, 330.3089473247528, 351.1979720592499, 337.95426774024963, 332.5136682987213, 323.57914447784424