{'Max_spout': 1.0, 'Spliters': 2.0, 'Counters': 1.0}, {'Max_spout': 1.0, 'Spliters': 1.0, 'Counters': 15.0}, {'Max_spout': 1.0, 'Spliters': 3.0, 'Counters': 12.0}, {'Max_spout': 1.0, 'Spliters': 1.0, 'Counters': 15.0}, {'Max_spout': 100000.0, 'Spliters': 2.0, 'Counters': 1.0}, {'Max_spout': 1.0, 'Spliters': 1.0, 'Counters': 12.0}, {'Max_spout': 1.0, 'Spliters': 3.0, 'Counters': 12.0}, {'Max_spout': 1.0, 'Spliters': 2.0, 'Counters': 1.0}, {'Max_spout': 10.0, 'Spliters': 2.0, 'Counters': 1.0}, {'Max_spout': 1.0, 'Spliters': 2.0, 'Counters': 6.0}, {'Max_spout': 1.0, 'Spliters': 2.0, 'Counters': 15.0}, {'Max_spout': 1.0, 'Spliters': 1.0, 'Counters': 12.0}, {'Max_spout': 10.0, 'Spliters': 1.0, 'Counters': 3.0}, {'Max_spout': 1.0, 'Spliters': 2.0, 'Counters': 1.0}, {'Max_spout': 1.0, 'Spliters': 3.0, 'Counters': 12.0}, {'Max_spout': 1.0, 'Spliters': 1.0, 'Counters': 15.0}, {'Max_spout': 1.0, 'Spliters': 1.0, 'Counters': 15.0}, {'Max_spout': 1.0, 'Spliters': 1.0, 'Counters': 12.0}, {'Max_spout': 1.0, 'Spliters': 2.0, 'Counters': 1.0}, {'Max_spout': 1.0, 'Spliters': 1.0, 'Counters': 18.0}
0.0019045801973868182, 0.0, 0.01014716145584904, 0.0, 0.037256467288249384, 0.0008150532127657595, 0.01014716145584904, 0.0019045801973868182, 0.048416169182955215, 0.002341395163571347, 0.003507908693956674, 0.0008150532127657595, 0.1457171213056918, 0.0019045801973868182, 0.01014716145584904, 0.0, 0.0, 0.0008150532127657595, 0.0019045801973868182, 0.001956462434749673
378.267751455307, 339.8818635940552, 334.1583650112152, 343.879686832428, 325.10234665870667, 328.97747564315796, 331.61316537857056, 328.52257347106934, 326.790403842926, 330.8401343822479, 326.941264629364, 332.8887424468994, 323.77071738243103, 326.84266924858093, 327.33037662506104, 331.09239625930786, 325.1107077598572, 323.36381793022156, 320.8235101699829, 322.60024881362915