{'Max_spout': 1.0, 'Spliters': 3.0, 'Counters': 12.0}, {'Max_spout': 10000.0, 'Spliters': 1.0, 'Counters': 12.0}, {'Max_spout': 1000.0, 'Spliters': 1.0, 'Counters': 1.0}, {'Max_spout': 1.0, 'Spliters': 2.0, 'Counters': 9.0}, {'Max_spout': 10.0, 'Spliters': 3.0, 'Counters': 15.0}, {'Max_spout': 10000.0, 'Spliters': 2.0, 'Counters': 1.0}, {'Max_spout': 1.0, 'Spliters': 6.0, 'Counters': 9.0}, {'Max_spout': 1.0, 'Spliters': 1.0, 'Counters': 15.0}, {'Max_spout': 1.0, 'Spliters': 1.0, 'Counters': 1.0}, {'Max_spout': 10000.0, 'Spliters': 1.0, 'Counters': 1.0}, {'Max_spout': 1.0, 'Spliters': 6.0, 'Counters': 9.0}, {'Max_spout': 1.0, 'Spliters': 3.0, 'Counters': 15.0}, {'Max_spout': 10000.0, 'Spliters': 3.0, 'Counters': 6.0}, {'Max_spout': 10.0, 'Spliters': 6.0, 'Counters': 1.0}, {'Max_spout': 1000.0, 'Spliters': 2.0, 'Counters': 1.0}, {'Max_spout': 1.0, 'Spliters': 3.0, 'Counters': 15.0}, {'Max_spout': 100000.0, 'Spliters': 3.0, 'Counters': 3.0}, {'Max_spout': 1.0, 'Spliters': 6.0, 'Counters': 6.0}, {'Max_spout': 1.0, 'Spliters': 3.0, 'Counters': 12.0}, {'Max_spout': 10000.0, 'Spliters': 2.0, 'Counters': 1.0}
0.01014716145584904, 0.2544020404781868, 0.08456637328098249, 0.003837611944295216, 0.1973817879957892, 0.04904545051355047, 0.009792353897109196, 0.0, 0.0023531105074919845, 0.08075721288620885, 0.009792353897109196, 0.011732080126257927, 0.20141521354561542, 0.060514772211873624, 0.06312562028562008, 0.011732080126257927, 0.2372474297372249, 0.012276006808288442, 0.01014716145584904, 0.04904545051355047
74.42362833023071, 44.46935844421387, 45.937883138656616, 45.161375522613525, 44.550782442092896, 44.99651336669922, 44.97273015975952, 44.692697286605835, 44.933801889419556, 45.68019986152649, 44.63961172103882, 44.389044761657715, 44.676703453063965, 46.00100350379944, 45.36096549034119, 44.40356945991516, 44.907471895217896, 45.68986916542053, 45.33797597885132, 45.92739462852478