{'Max_spout': 1.0, 'Spliters': 1.0, 'Counters': 12.0}, {'Max_spout': 1.0, 'Spliters': 1.0, 'Counters': 15.0}, {'Max_spout': 1.0, 'Spliters': 1.0, 'Counters': 12.0}, {'Max_spout': 1.0, 'Spliters': 2.0, 'Counters': 1.0}, {'Max_spout': 1.0, 'Spliters': 1.0, 'Counters': 15.0}, {'Max_spout': 1.0, 'Spliters': 1.0, 'Counters': 15.0}, {'Max_spout': 1.0, 'Spliters': 1.0, 'Counters': 9.0}, {'Max_spout': 1.0, 'Spliters': 2.0, 'Counters': 9.0}, {'Max_spout': 1.0, 'Spliters': 3.0, 'Counters': 12.0}, {'Max_spout': 1.0, 'Spliters': 1.0, 'Counters': 15.0}, {'Max_spout': 1.0, 'Spliters': 1.0, 'Counters': 15.0}, {'Max_spout': 1.0, 'Spliters': 1.0, 'Counters': 15.0}, {'Max_spout': 1.0, 'Spliters': 1.0, 'Counters': 12.0}, {'Max_spout': 1.0, 'Spliters': 1.0, 'Counters': 12.0}, {'Max_spout': 1.0, 'Spliters': 2.0, 'Counters': 6.0}, {'Max_spout': 1.0, 'Spliters': 1.0, 'Counters': 15.0}, {'Max_spout': 1.0, 'Spliters': 1.0, 'Counters': 6.0}, {'Max_spout': 1.0, 'Spliters': 2.0, 'Counters': 1.0}, {'Max_spout': 1.0, 'Spliters': 2.0, 'Counters': 18.0}, {'Max_spout': 1.0, 'Spliters': 2.0, 'Counters': 1.0}
0.0008150532127657595, 0.0, 0.0008150532127657595, 0.0019045801973868182, 0.0, 0.0, 0.0012736252462314246, 0.003837611944295216, 0.01014716145584904, 0.0, 0.0, 0.0, 0.0008150532127657595, 0.0008150532127657595, 0.002341395163571347, 0.0, 0.0032401294043417073, 0.0019045801973868182, 0.00412714830119143, 0.0019045801973868182
442.28106021881104, 398.11487793922424, 393.95053243637085, 392.0365979671478, 385.8573980331421, 398.2928569316864, 386.11993432044983, 385.6555314064026, 378.57309579849243, 385.0986068248749, 374.81757378578186, 396.1913707256317, 385.29854345321655, 382.0941343307495, 378.63973093032837, 380.6260290145874, 378.0609359741211, 388.83003783226013, 375.87340474128723, 386.6148133277893