{'Max_spout': 1.0, 'Spliters': 1.0, 'Counters': 12.0}, {'Max_spout': 1.0, 'Spliters': 1.0, 'Counters': 6.0}, {'Max_spout': 10.0, 'Spliters': 1.0, 'Counters': 12.0}, {'Max_spout': 1.0, 'Spliters': 2.0, 'Counters': 15.0}, {'Max_spout': 1.0, 'Spliters': 1.0, 'Counters': 15.0}, {'Max_spout': 1.0, 'Spliters': 1.0, 'Counters': 3.0}, {'Max_spout': 10.0, 'Spliters': 2.0, 'Counters': 1.0}, {'Max_spout': 1.0, 'Spliters': 2.0, 'Counters': 1.0}, {'Max_spout': 1.0, 'Spliters': 2.0, 'Counters': 1.0}, {'Max_spout': 1.0, 'Spliters': 6.0, 'Counters': 12.0}, {'Max_spout': 1.0, 'Spliters': 1.0, 'Counters': 3.0}, {'Max_spout': 1.0, 'Spliters': 1.0, 'Counters': 12.0}, {'Max_spout': 10.0, 'Spliters': 6.0, 'Counters': 1.0}, {'Max_spout': 1.0, 'Spliters': 1.0, 'Counters': 15.0}, {'Max_spout': 1.0, 'Spliters': 6.0, 'Counters': 6.0}, {'Max_spout': 1000.0, 'Spliters': 2.0, 'Counters': 1.0}, {'Max_spout': 1.0, 'Spliters': 2.0, 'Counters': 3.0}, {'Max_spout': 1.0, 'Spliters': 1.0, 'Counters': 12.0}, {'Max_spout': 1.0, 'Spliters': 3.0, 'Counters': 3.0}, {'Max_spout': 1000.0, 'Spliters': 3.0, 'Counters': 1.0}
0.0008150532127657595, 0.0032401294043417073, 0.15438647580697795, 0.003507908693956674, 0.0, 0.0019296845057882317, 0.048416169182955215, 0.0019045801973868182, 0.0019045801973868182, 0.010963888289174828, 0.0019296845057882317, 0.0008150532127657595, 0.060514772211873624, 0.0, 0.012276006808288442, 0.06312562028562008, 0.0038543481498961585, 0.0008150532127657595, 0.012711148153912832, 0.06796907818653175
191.14204359054565, 149.0675904750824, 148.5191102027893, 145.27805042266846, 145.54036808013916, 144.00002431869507, 141.20375084877014, 140.86546087265015, 144.1553270816803, 140.4159655570984, 138.53110122680664, 138.8270881175995, 137.4075882434845, 138.9800295829773, 137.59164786338806, 139.7918484210968, 138.4517502784729, 139.17898535728455, 138.34905433654785, 138.92801308631897