{'Max_spout': 1.0, 'Spliters': 3.0, 'Counters': 12.0}, {'Max_spout': 1.0, 'Spliters': 2.0, 'Counters': 9.0}, {'Max_spout': 1.0, 'Spliters': 1.0, 'Counters': 3.0}, {'Max_spout': 1.0, 'Spliters': 1.0, 'Counters': 9.0}, {'Max_spout': 1.0, 'Spliters': 1.0, 'Counters': 6.0}, {'Max_spout': 1.0, 'Spliters': 3.0, 'Counters': 12.0}, {'Max_spout': 1.0, 'Spliters': 1.0, 'Counters': 9.0}, {'Max_spout': 10.0, 'Spliters': 2.0, 'Counters': 1.0}, {'Max_spout': 1.0, 'Spliters': 3.0, 'Counters': 9.0}, {'Max_spout': 1.0, 'Spliters': 2.0, 'Counters': 9.0}, {'Max_spout': 1.0, 'Spliters': 6.0, 'Counters': 6.0}, {'Max_spout': 1.0, 'Spliters': 3.0, 'Counters': 12.0}, {'Max_spout': 10.0, 'Spliters': 6.0, 'Counters': 1.0}, {'Max_spout': 10.0, 'Spliters': 2.0, 'Counters': 1.0}, {'Max_spout': 1.0, 'Spliters': 3.0, 'Counters': 9.0}, {'Max_spout': 10000.0, 'Spliters': 3.0, 'Counters': 1.0}, {'Max_spout': 10.0, 'Spliters': 2.0, 'Counters': 1.0}, {'Max_spout': 1.0, 'Spliters': 1.0, 'Counters': 3.0}, {'Max_spout': 10.0, 'Spliters': 3.0, 'Counters': 6.0}, {'Max_spout': 10.0, 'Spliters': 1.0, 'Counters': 1.0}
0.009127238161748985, 0.006553635052732987, 0.003166889755378377, 0.003115159039619231, 0.0020255808389428864, 0.009127238161748985, 0.003115159039619231, 0.04917651166850956, 0.013299643704695163, 0.006553635052732987, 0.014272827794913567, 0.009127238161748985, 0.057550421282016484, 0.04917651166850956, 0.013299643704695163, 0.07628502331115383, 0.04917651166850956, 0.003166889755378377, 0.1903011374291127, 0.06889723046680507
189.22952938079834, 165.90721583366394, 164.78299856185913, 167.22794342041016, 164.53886485099792, 166.9212338924408, 165.39042735099792, 164.6001012325287, 164.7061641216278, 164.33425641059875, 165.3005473613739, 164.57429695129395, 165.08128190040588, 166.6513705253601, 164.29847168922424, 165.27548718452454, 164.6384723186493, 166.6488757133484, 166.78140592575073, 165.04115056991577