{'Max_spout': 1.0, 'Spliters': 3.0, 'Counters': 12.0}, {'Max_spout': 1000.0, 'Spliters': 3.0, 'Counters': 6.0}, {'Max_spout': 1.0, 'Spliters': 2.0, 'Counters': 1.0}, {'Max_spout': 1.0, 'Spliters': 2.0, 'Counters': 9.0}, {'Max_spout': 100.0, 'Spliters': 3.0, 'Counters': 3.0}, {'Max_spout': 10000.0, 'Spliters': 2.0, 'Counters': 1.0}, {'Max_spout': 10.0, 'Spliters': 3.0, 'Counters': 6.0}, {'Max_spout': 100.0, 'Spliters': 2.0, 'Counters': 1.0}, {'Max_spout': 1.0, 'Spliters': 2.0, 'Counters': 3.0}, {'Max_spout': 1.0, 'Spliters': 6.0, 'Counters': 12.0}, {'Max_spout': 10.0, 'Spliters': 3.0, 'Counters': 3.0}, {'Max_spout': 1.0, 'Spliters': 3.0, 'Counters': 12.0}, {'Max_spout': 10.0, 'Spliters': 2.0, 'Counters': 1.0}, {'Max_spout': 100000.0, 'Spliters': 2.0, 'Counters': 3.0}, {'Max_spout': 1000.0, 'Spliters': 1.0, 'Counters': 1.0}, {'Max_spout': 10.0, 'Spliters': 3.0, 'Counters': 9.0}, {'Max_spout': 100000.0, 'Spliters': 3.0, 'Counters': 3.0}, {'Max_spout': 1.0, 'Spliters': 6.0, 'Counters': 6.0}, {'Max_spout': 1000.0, 'Spliters': 1.0, 'Counters': 1.0}, {'Max_spout': 1000000.0, 'Spliters': 3.0, 'Counters': 15.0}
0.009127238161748985, 0.25693676566632395, 0.005342812986996237, 0.006553635052732987, 0.20978098508215481, 0.056051847109869546, 0.1903011374291127, 0.07730185519279387, 0.0061333229871901596, 0.014659191578239472, 0.17179124069655405, 0.009127238161748985, 0.04917651166850956, 0.2837074110716664, 0.09818813168053697, 0.21333747179059404, 0.22546185829663679, 0.014272827794913567, 0.09818813168053697, 0.2482233732306478
67.55435037612915, 42.96078419685364, 41.31619167327881, 40.861454486846924, 40.22196078300476, 42.40212273597717, 40.63524866104126, 40.5374321937561, 40.74782133102417, 43.36252307891846, 43.069287061691284, 41.163440227508545, 40.6934540271759, 41.55822563171387, 41.69580364227295, 43.30039405822754, 40.699445962905884, 42.958062410354614, 41.42923402786255, 40.706533908843994