{'Max_spout': 1.0, 'Spliters': 1.0, 'Counters': 9.0}, {'Max_spout': 100000.0, 'Spliters': 1.0, 'Counters': 1.0}, {'Max_spout': 100000.0, 'Spliters': 2.0, 'Counters': 1.0}, {'Max_spout': 1.0, 'Spliters': 2.0, 'Counters': 18.0}, {'Max_spout': 10000.0, 'Spliters': 2.0, 'Counters': 1.0}, {'Max_spout': 10.0, 'Spliters': 2.0, 'Counters': 1.0}, {'Max_spout': 1.0, 'Spliters': 1.0, 'Counters': 6.0}, {'Max_spout': 1.0, 'Spliters': 2.0, 'Counters': 12.0}, {'Max_spout': 1.0, 'Spliters': 1.0, 'Counters': 9.0}, {'Max_spout': 1.0, 'Spliters': 1.0, 'Counters': 9.0}, {'Max_spout': 1.0, 'Spliters': 1.0, 'Counters': 9.0}, {'Max_spout': 1.0, 'Spliters': 2.0, 'Counters': 15.0}, {'Max_spout': 1.0, 'Spliters': 1.0, 'Counters': 6.0}, {'Max_spout': 1.0, 'Spliters': 2.0, 'Counters': 12.0}, {'Max_spout': 1.0, 'Spliters': 1.0, 'Counters': 18.0}, {'Max_spout': 1.0, 'Spliters': 3.0, 'Counters': 15.0}, {'Max_spout': 100000.0, 'Spliters': 1.0, 'Counters': 1.0}, {'Max_spout': 1.0, 'Spliters': 1.0, 'Counters': 18.0}, {'Max_spout': 10.0, 'Spliters': 2.0, 'Counters': 1.0}, {'Max_spout': 1.0, 'Spliters': 1.0, 'Counters': 18.0}
0.003115159039619231, 0.05673727909367787, 0.05259397207834615, 0.004397110839524876, 0.056051847109869546, 0.04917651166850956, 0.0020255808389428864, 0.005236118385743005, 0.003115159039619231, 0.003115159039619231, 0.003115159039619231, 0.005286232516634626, 0.0020255808389428864, 0.005236118385743005, 0.0, 0.012987642825273094, 0.05673727909367787, 0.0, 0.04917651166850956, 0.0
299.89986777305603, 281.21051573753357, 273.27613401412964, 281.65412616729736, 269.4467203617096, 269.6566495895386, 279.9343640804291, 278.7458162307739, 280.7188973426819, 276.8105390071869, 276.7196571826935, 274.80788826942444, 275.9445860385895, 272.7859880924225, 271.1017065048218, 264.93510031700134, 277.86108446121216, 280.7524666786194, 272.70347261428833, 270.4664590358734