{
  "incumbent_ids": [
    11
  ],
  "rejected_config_ids": [
    1,
    2,
    4,
    5,
    6,
    7,
    8,
    9,
    10,
    3,
    12
  ],
  "incumbents_changed": 4,
  "trajectory": [
    {
      "config_ids": [
        1
      ],
      "costs": [
        239.1799065742844
      ],
      "trial": 1,
      "walltime": 0.004090309143066406
    },
    {
      "config_ids": [
        2
      ],
      "costs": [
        228.02815418440503
      ],
      "trial": 2,
      "walltime": 0.010769128799438477
    },
    {
      "config_ids": [
        3
      ],
      "costs": [
        157.96729439744382
      ],
      "trial": 3,
      "walltime": 0.017735719680786133
    },
    {
      "config_ids": [
        11
      ],
      "costs": [
        138.88882264319633
      ],
      "trial": 11,
      "walltime": 1.2673261165618896
    }
  ],
  "state": {
    "queue": [
      [
        12,
        1
      ]
    ]
  }
}