{
  "incumbent_ids": [
    2
  ],
  "rejected_config_ids": [
    1,
    3,
    4,
    5,
    6,
    7,
    8,
    9,
    10,
    11,
    12
  ],
  "incumbents_changed": 2,
  "trajectory": [
    {
      "config_ids": [
        1
      ],
      "costs": [
        276.9436495899974
      ],
      "trial": 1,
      "walltime": 0.004571676254272461
    },
    {
      "config_ids": [
        2
      ],
      "costs": [
        131.96101542458487
      ],
      "trial": 2,
      "walltime": 0.011201620101928711
    }
  ],
  "state": {
    "queue": [
      [
        12,
        1
      ]
    ]
  }
}