{
  "incumbent_ids": [
    4
  ],
  "rejected_config_ids": [
    2,
    1,
    3,
    5,
    6
  ],
  "incumbents_changed": 3,
  "trajectory": [
    {
      "config_ids": [
        1
      ],
      "costs": [
        202.22669153634175
      ],
      "trial": 1,
      "walltime": 0.003943443298339844
    },
    {
      "config_ids": [
        3
      ],
      "costs": [
        169.7783737146924
      ],
      "trial": 3,
      "walltime": 1.1698784828186035
    },
    {
      "config_ids": [
        4
      ],
      "costs": [
        144.97425534575
      ],
      "trial": 4,
      "walltime": 1.1778357028961182
    }
  ],
  "state": {
    "queue": [
      [
        6,
        1
      ]
    ]
  }
}