{
  "incumbent_ids": [
    3
  ],
  "rejected_config_ids": [
    1,
    2,
    4,
    5,
    6,
    7,
    8,
    9,
    10
  ],
  "incumbents_changed": 3,
  "trajectory": [
    {
      "config_ids": [
        1
      ],
      "costs": [
        0.3734618574815862
      ],
      "trial": 1,
      "walltime": 0.24305438995361328
    },
    {
      "config_ids": [
        2
      ],
      "costs": [
        0.3247970864302603
      ],
      "trial": 2,
      "walltime": 0.4862830638885498
    },
    {
      "config_ids": [
        3
      ],
      "costs": [
        0.09918027616827851
      ],
      "trial": 3,
      "walltime": 2.705507278442383
    }
  ],
  "state": {
    "queue": [
      [
        10,
        1
      ]
    ]
  }
}