{
  "incumbent_ids": [
    3
  ],
  "rejected_config_ids": [
    2,
    1,
    4,
    5,
    6
  ],
  "incumbents_changed": 2,
  "trajectory": [
    {
      "config_ids": [
        1
      ],
      "costs": [
        229.130516375274
      ],
      "trial": 1,
      "walltime": 0.006443500518798828
    },
    {
      "config_ids": [
        3
      ],
      "costs": [
        189.86499686079281
      ],
      "trial": 3,
      "walltime": 1.1263742446899414
    }
  ],
  "state": {
    "queue": [
      [
        6,
        1
      ]
    ]
  }
}