{
  "incumbent_ids": [
    6
  ],
  "rejected_config_ids": [
    2,
    3,
    1,
    5,
    4
  ],
  "incumbents_changed": 3,
  "trajectory": [
    {
      "config_ids": [
        1
      ],
      "costs": [
        251.2755742559567
      ],
      "trial": 1,
      "walltime": 0.004001617431640625
    },
    {
      "config_ids": [
        4
      ],
      "costs": [
        186.45656734936028
      ],
      "trial": 4,
      "walltime": 1.1620280742645264
    },
    {
      "config_ids": [
        6
      ],
      "costs": [
        167.81227118018612
      ],
      "trial": 6,
      "walltime": 1.1783764362335205
    }
  ],
  "state": {
    "queue": [
      [
        6,
        1
      ]
    ]
  }
}