{
  "incumbent_ids": [
    3
  ],
  "rejected_config_ids": [
    1,
    2,
    4,
    5,
    6
  ],
  "incumbents_changed": 3,
  "trajectory": [
    {
      "config_ids": [
        1
      ],
      "costs": [
        299.7133855723754
      ],
      "trial": 1,
      "walltime": 0.0041103363037109375
    },
    {
      "config_ids": [
        2
      ],
      "costs": [
        202.50548128667646
      ],
      "trial": 2,
      "walltime": 1.1736397743225098
    },
    {
      "config_ids": [
        3
      ],
      "costs": [
        147.12675778683612
      ],
      "trial": 3,
      "walltime": 1.1822280883789062
    }
  ],
  "state": {
    "queue": [
      [
        6,
        1
      ]
    ]
  }
}