{'Clndrs': 4, 'Volume': 91, 'HpX': 67, 'Model': 82}, {'Clndrs': 4, 'Volume': 97, 'HpX': 52, 'Model': 82}, {'Clndrs': 4, 'Volume': 72, 'HpX': 69, 'Model': 71}, {'Clndrs': 4, 'Volume': 91, 'HpX': 68, 'Model': 82}, {'Clndrs': 4, 'Volume': 97, 'HpX': 52, 'Model': 82}, {'Clndrs': 4, 'Volume': 91, 'HpX': 68, 'Model': 82}, {'Clndrs': 4, 'Volume': 91, 'HpX': 68, 'Model': 82}, {'Clndrs': 4, 'Volume': 91, 'HpX': 68, 'Model': 82}, {'Clndrs': 4, 'Volume': 91, 'HpX': 68, 'Model': 82}, {'Clndrs': 4, 'Volume': 97, 'HpX': 52, 'Model': 82}, {'Clndrs': 4, 'Volume': 97, 'HpX': 52, 'Model': 82}, {'Clndrs': 4, 'Volume': 97, 'HpX': 52, 'Model': 82}, {'Clndrs': 4, 'Volume': 72, 'HpX': 69, 'Model': 71}, {'Clndrs': 4, 'Volume': 97, 'HpX': 52, 'Model': 82}, {'Clndrs': 4, 'Volume': 97, 'HpX': 52, 'Model': 82}, {'Clndrs': 4, 'Volume': 97, 'HpX': 52, 'Model': 82}, {'Clndrs': 4, 'Volume': 91, 'HpX': 68, 'Model': 82}, {'Clndrs': 4, 'Volume': 97, 'HpX': 52, 'Model': 82}, {'Clndrs': 4, 'Volume': 85, 'HpX': 65, 'Model': 80}, {'Clndrs': 4, 'Volume': 98, 'HpX': 70, 'Model': 82}
0.33480191451293767, 0.16745989117220034, 0.27467083302654305, 0.27717746903880663, 0.16745989117220034, 0.27717746903880663, 0.3846724966516404, 0.27717746903880663, 0.3846724966516404, 0.16745989117220034, 0.16745989117220034, 0.16745989117220034, 0.27467083302654305, 0.16745989117220034, 0.16745989117220034, 0.16745989117220034, 0.27717746903880663, 0.16745989117220034, 0.25394722064135844, 0.3070676349313442
0.02473163604736328, 0.020374774932861328, 0.016111135482788086, 0.019658803939819336, 0.0099639892578125, 0.013288021087646484, 0.013256072998046875, 0.013308525085449219, 0.012221336364746094, 0.011493206024169922, 0.011740446090698242, 0.010124921798706055, 0.010023117065429688, 0.010258197784423828, 0.011888265609741211, 0.009828805923461914, 0.010078668594360352, 0.009998321533203125, 0.01295161247253418, 0.01032400131225586