{'Clndrs': 4, 'Volume': 119, 'HpX': 92, 'Model': 80}, {'Clndrs': 4, 'Volume': 107, 'HpX': 86, 'Model': 76}, {'Clndrs': 4, 'Volume': 71, 'HpX': 65, 'Model': 71}, {'Clndrs': 4, 'Volume': 85, 'HpX': 65, 'Model': 79}, {'Clndrs': 4, 'Volume': 97, 'HpX': 78, 'Model': 80}, {'Clndrs': 4, 'Volume': 86, 'HpX': 65, 'Model': 80}, {'Clndrs': 4, 'Volume': 85, 'HpX': 70, 'Model': 77}, {'Clndrs': 4, 'Volume': 91, 'HpX': 68, 'Model': 82}, {'Clndrs': 4, 'Volume': 151, 'HpX': 90, 'Model': 82}, {'Clndrs': 4, 'Volume': 88, 'HpX': 76, 'Model': 71}, {'Clndrs': 4, 'Volume': 97, 'HpX': 52, 'Model': 82}, {'Clndrs': 4, 'Volume': 98, 'HpX': 90, 'Model': 73}, {'Clndrs': 4, 'Volume': 72, 'HpX': 69, 'Model': 71}, {'Clndrs': 4, 'Volume': 112, 'HpX': 88, 'Model': 82}, {'Clndrs': 4, 'Volume': 96, 'HpX': 69, 'Model': 72}, {'Clndrs': 4, 'Volume': 97, 'HpX': 46, 'Model': 73}, {'Clndrs': 4, 'Volume': 120, 'HpX': 74, 'Model': 81}, {'Clndrs': 4, 'Volume': 151, 'HpX': 90, 'Model': 79}, {'Clndrs': 4, 'Volume': 85, 'HpX': 65, 'Model': 80}, {'Clndrs': 4, 'Volume': 112, 'HpX': 88, 'Model': 82}
0.39028293937137865, 0.4526433876785734, 0.35177988622057615, 0.35328328444748114, 0.4334235600653338, 0.32952024266469904, 0.40233402905237403, 0.3846724966516404, 0.4445960177619976, 0.46271275462554196, 0.16745989117220034, 0.44370200895175216, 0.27467083302654305, 0.3962252228067376, 0.38318962973904497, 0.32160621430477526, 0.40152163089461385, 0.45247076761261545, 0.25394722064135844, 0.3928490584886893
0.010146379470825195, 0.007679939270019531, 0.007259845733642578, 0.013791799545288086, 0.011603593826293945, 0.009606361389160156, 0.009188175201416016, 0.00894474983215332, 0.00998830795288086, 0.0076634883880615234, 0.008030176162719727, 0.009252309799194336, 0.007841825485229492, 0.0077970027923583984, 0.008057594299316406, 0.010058879852294922, 0.009500503540039062, 0.008056879043579102, 0.009407281875610352, 0.010116815567016602