{'Spout_wait': 7, 'Spliters': 6, 'Counters': 18}, {'Spout_wait': 10, 'Spliters': 6, 'Counters': 18}, {'Spout_wait': 10, 'Spliters': 6, 'Counters': 17}, {'Spout_wait': 10, 'Spliters': 6, 'Counters': 17}, {'Spout_wait': 4, 'Spliters': 6, 'Counters': 18}, {'Spout_wait': 9, 'Spliters': 6, 'Counters': 17}, {'Spout_wait': 8, 'Spliters': 6, 'Counters': 18}, {'Spout_wait': 4, 'Spliters': 6, 'Counters': 17}, {'Spout_wait': 8, 'Spliters': 6, 'Counters': 18}, {'Spout_wait': 4, 'Spliters': 6, 'Counters': 18}, {'Spout_wait': 6, 'Spliters': 5, 'Counters': 18}, {'Spout_wait': 10, 'Spliters': 6, 'Counters': 18}, {'Spout_wait': 5, 'Spliters': 3, 'Counters': 18}, {'Spout_wait': 6, 'Spliters': 6, 'Counters': 15}, {'Spout_wait': 9, 'Spliters': 6, 'Counters': 18}, {'Spout_wait': 8, 'Spliters': 6, 'Counters': 18}, {'Spout_wait': 8, 'Spliters': 6, 'Counters': 18}, {'Spout_wait': 8, 'Spliters': 6, 'Counters': 18}, {'Spout_wait': 5, 'Spliters': 6, 'Counters': 18}, {'Spout_wait': 8, 'Spliters': 6, 'Counters': 18}
0.06136399527686517, 0.02951134749036736, 0.0007473637588413625, 0.0007473637588413625, 0.0408853285508582, 0.008586239120553875, 0.023408920605627135, 0.04488372625774841, 0.023408920605627135, 0.0408853285508582, 0.04321425314260735, 0.02951134749036736, 0.11319533085451094, 0.0516294898461388, 0.03142005946668363, 0.023408920605627135, 0.023408920605627135, 0.023408920605627135, 0.03893991222898481, 0.023408920605627135
0.023679018020629883, 0.023048877716064453, 0.022828340530395508, 0.021041154861450195, 0.020946264266967773, 0.02111053466796875, 0.02290201187133789, 0.020104646682739258, 0.019854068756103516, 0.021514415740966797, 0.02108454704284668, 0.022356271743774414, 0.020780086517333984, 0.0210723876953125, 0.021387577056884766, 0.02301788330078125, 0.0265200138092041, 0.023683786392211914, 0.030164718627929688, 0.02829742431640625