{'Spout_wait': 10, 'Spliters': 6, 'Counters': 17}, {'Spout_wait': 9, 'Spliters': 6, 'Counters': 17}, {'Spout_wait': 10, 'Spliters': 6, 'Counters': 17}, {'Spout_wait': 10, 'Spliters': 6, 'Counters': 17}, {'Spout_wait': 8, 'Spliters': 6, 'Counters': 17}, {'Spout_wait': 10, 'Spliters': 6, 'Counters': 17}, {'Spout_wait': 10, 'Spliters': 6, 'Counters': 17}, {'Spout_wait': 8, 'Spliters': 6, 'Counters': 18}, {'Spout_wait': 10, 'Spliters': 6, 'Counters': 17}, {'Spout_wait': 10, 'Spliters': 6, 'Counters': 17}, {'Spout_wait': 10, 'Spliters': 6, 'Counters': 17}, {'Spout_wait': 8, 'Spliters': 6, 'Counters': 17}, {'Spout_wait': 9, 'Spliters': 3, 'Counters': 17}, {'Spout_wait': 10, 'Spliters': 6, 'Counters': 17}, {'Spout_wait': 10, 'Spliters': 6, 'Counters': 17}, {'Spout_wait': 8, 'Spliters': 6, 'Counters': 18}, {'Spout_wait': 10, 'Spliters': 6, 'Counters': 17}, {'Spout_wait': 8, 'Spliters': 6, 'Counters': 17}, {'Spout_wait': 10, 'Spliters': 6, 'Counters': 17}, {'Spout_wait': 10, 'Spliters': 6, 'Counters': 17}
0.0007473637588413625, 0.008586239120553875, 0.0007473637588413625, 0.0007473637588413625, 0.006111178207122468, 0.0007473637588413625, 0.0007473637588413625, 0.023408920605627135, 0.0007473637588413625, 0.0007473637588413625, 0.0007473637588413625, 0.006111178207122468, 0.02003399425027811, 0.0007473637588413625, 0.0007473637588413625, 0.023408920605627135, 0.0007473637588413625, 0.006111178207122468, 0.0007473637588413625, 0.0007473637588413625
0.11601614952087402, 0.1153261661529541, 0.1175539493560791, 0.11736130714416504, 0.11525559425354004, 0.11753106117248535, 0.1150197982788086, 0.11591267585754395, 0.11587142944335938, 0.11477971076965332, 0.11335182189941406, 0.20214343070983887, 0.11687135696411133, 0.11453461647033691, 0.11489534378051758, 0.11435556411743164, 0.1155862808227539, 0.11637663841247559, 0.11881065368652344, 0.1182243824005127