{'Spout_wait': 7, 'Spliters': 6, 'Counters': 18}, {'Spout_wait': 10, 'Spliters': 6, 'Counters': 18}, {'Spout_wait': 8, 'Spliters': 5, 'Counters': 15}, {'Spout_wait': 10, 'Spliters': 6, 'Counters': 17}, {'Spout_wait': 1, 'Spliters': 6, 'Counters': 18}, {'Spout_wait': 9, 'Spliters': 6, 'Counters': 17}, {'Spout_wait': 8, 'Spliters': 6, 'Counters': 18}, {'Spout_wait': 7, 'Spliters': 6, 'Counters': 18}, {'Spout_wait': 9, 'Spliters': 6, 'Counters': 18}, {'Spout_wait': 4, 'Spliters': 6, 'Counters': 18}, {'Spout_wait': 6, 'Spliters': 4, 'Counters': 18}, {'Spout_wait': 3, 'Spliters': 6, 'Counters': 18}, {'Spout_wait': 5, 'Spliters': 3, 'Counters': 18}, {'Spout_wait': 10, 'Spliters': 5, 'Counters': 13}, {'Spout_wait': 9, 'Spliters': 6, 'Counters': 18}, {'Spout_wait': 8, 'Spliters': 6, 'Counters': 18}, {'Spout_wait': 100, 'Spliters': 2, 'Counters': 10}, {'Spout_wait': 8, 'Spliters': 6, 'Counters': 18}, {'Spout_wait': 5, 'Spliters': 6, 'Counters': 18}, {'Spout_wait': 8, 'Spliters': 6, 'Counters': 18}
0.06136399527686517, 0.02951134749036736, 0.07531518144695172, 0.0007473637588413625, 0.12176704518236572, 0.008586239120553875, 0.023408920605627135, 0.06136399527686517, 0.03142005946668363, 0.0408853285508582, 0.09215494647517551, 0.056308475545063054, 0.11319533085451094, 0.06555986454644985, 0.03142005946668363, 0.023408920605627135, 0.09870268742652612, 0.023408920605627135, 0.03893991222898481, 0.023408920605627135
0.018609046936035156, 0.017869234085083008, 0.01981067657470703, 0.02034282684326172, 0.019538164138793945, 0.017077207565307617, 0.01732611656188965, 0.017655611038208008, 0.017174720764160156, 0.018199920654296875, 0.015206575393676758, 0.01590561866760254, 0.017364501953125, 0.017607450485229492, 0.015278100967407227, 0.015598297119140625, 0.018224477767944336, 0.015488147735595703, 0.017845869064331055, 0.017855167388916016