{'Spout_wait': 5, 'Spliters': 6, 'Counters': 14}, {'Spout_wait': 5, 'Spliters': 5, 'Counters': 1}, {'Spout_wait': 5, 'Spliters': 5, 'Counters': 1}, {'Spout_wait': 5, 'Spliters': 5, 'Counters': 1}, {'Spout_wait': 5, 'Spliters': 5, 'Counters': 1}, {'Spout_wait': 3, 'Spliters': 6, 'Counters': 1}, {'Spout_wait': 5, 'Spliters': 5, 'Counters': 1}, {'Spout_wait': 2, 'Spliters': 6, 'Counters': 18}, {'Spout_wait': 5, 'Spliters': 5, 'Counters': 1}, {'Spout_wait': 3, 'Spliters': 6, 'Counters': 1}, {'Spout_wait': 3, 'Spliters': 6, 'Counters': 1}, {'Spout_wait': 3, 'Spliters': 6, 'Counters': 1}, {'Spout_wait': 5, 'Spliters': 5, 'Counters': 1}, {'Spout_wait': 5, 'Spliters': 6, 'Counters': 14}, {'Spout_wait': 3, 'Spliters': 6, 'Counters': 1}, {'Spout_wait': 2, 'Spliters': 6, 'Counters': 18}, {'Spout_wait': 5, 'Spliters': 6, 'Counters': 14}, {'Spout_wait': 2, 'Spliters': 5, 'Counters': 14}, {'Spout_wait': 5, 'Spliters': 6, 'Counters': 14}, {'Spout_wait': 5, 'Spliters': 6, 'Counters': 14}
0.05053990568724741, 4.1023799471427126e-05, 4.1023799471427126e-05, 4.1023799471427126e-05, 4.1023799471427126e-05, 0.060959206069921903, 4.1023799471427126e-05, 0.05658818806113299, 4.1023799471427126e-05, 0.060959206069921903, 0.060959206069921903, 0.060959206069921903, 4.1023799471427126e-05, 0.05053990568724741, 0.060959206069921903, 0.05658818806113299, 0.05053990568724741, 0.04724666887988786, 0.05053990568724741, 0.05053990568724741
0.21814346313476562, 0.21740055084228516, 0.21573758125305176, 0.2172083854675293, 0.21740984916687012, 0.21496295928955078, 0.21679401397705078, 0.21543383598327637, 0.2147810459136963, 0.21546125411987305, 0.21599054336547852, 0.2166731357574463, 0.22010350227355957, 0.21721410751342773, 0.2167978286743164, 0.21863794326782227, 0.21895146369934082, 0.2178657054901123, 0.21709489822387695, 0.21804165840148926