{'Max_spout': 1000000.0, 'Spliters': 2, 'Counters': 18}, {'Max_spout': 1000000.0, 'Spliters': 2, 'Counters': 18}, {'Max_spout': 1000000.0, 'Spliters': 2, 'Counters': 18}, {'Max_spout': 1000000.0, 'Spliters': 2, 'Counters': 18}, {'Max_spout': 1000000.0, 'Spliters': 2, 'Counters': 18}, {'Max_spout': 1000000.0, 'Spliters': 2, 'Counters': 18}, {'Max_spout': 1000000.0, 'Spliters': 2, 'Counters': 18}, {'Max_spout': 1000000.0, 'Spliters': 2, 'Counters': 18}, {'Max_spout': 1000000.0, 'Spliters': 2, 'Counters': 18}, {'Max_spout': 1000000.0, 'Spliters': 2, 'Counters': 18}, {'Max_spout': 1000000.0, 'Spliters': 2, 'Counters': 18}, {'Max_spout': 1000000.0, 'Spliters': 2, 'Counters': 18}, {'Max_spout': 1000000.0, 'Spliters': 2, 'Counters': 18}, {'Max_spout': 1000000.0, 'Spliters': 2, 'Counters': 18}, {'Max_spout': 1000000.0, 'Spliters': 2, 'Counters': 18}, {'Max_spout': 1000000.0, 'Spliters': 2, 'Counters': 18}, {'Max_spout': 10000, 'Spliters': 2, 'Counters': 12}, {'Max_spout': 1000000.0, 'Spliters': 2, 'Counters': 18}, {'Max_spout': 1000000.0, 'Spliters': 1, 'Counters': 9}, {'Max_spout': 1000000.0, 'Spliters': 2, 'Counters': 18}
0.3164259069728935, 0.3164259069728935, 0.3164259069728935, 0.3164259069728935, 0.3164259069728935, 0.3164259069728935, 0.3164259069728935, 0.3164259069728935, 0.3164259069728935, 0.3164259069728935, 0.3164259069728935, 0.3164259069728935, 0.3164259069728935, 0.3164259069728935, 0.3164259069728935, 0.3164259069728935, 0.3482003422813653, 0.3164259069728935, 0.32012653299473015, 0.3164259069728935
0.11721491813659668, 0.11434245109558105, 0.11483383178710938, 0.11651015281677246, 0.11229729652404785, 0.11469793319702148, 0.11428618431091309, 0.11440372467041016, 0.11539316177368164, 0.11509037017822266, 0.11425924301147461, 0.11498475074768066, 0.11517071723937988, 0.11757922172546387, 0.11416983604431152, 0.11842179298400879, 0.11258292198181152, 0.11039590835571289, 0.11118721961975098, 0.10840415954589844