{'Max_spout': 1000000.0, 'Spliters': 6, 'Counters': 1}, {'Max_spout': 1000000.0, 'Spliters': 6, 'Counters': 1}, {'Max_spout': 1000000.0, 'Spliters': 6, 'Counters': 1}, {'Max_spout': 1000000.0, 'Spliters': 6, 'Counters': 1}, {'Max_spout': 10000, 'Spliters': 2, 'Counters': 15}, {'Max_spout': 1000000.0, 'Spliters': 6, 'Counters': 1}, {'Max_spout': 1000000.0, 'Spliters': 6, 'Counters': 1}, {'Max_spout': 1000000.0, 'Spliters': 6, 'Counters': 1}, {'Max_spout': 1000000.0, 'Spliters': 6, 'Counters': 1}, {'Max_spout': 1000000.0, 'Spliters': 6, 'Counters': 1}, {'Max_spout': 1000000.0, 'Spliters': 6, 'Counters': 1}, {'Max_spout': 1000000.0, 'Spliters': 6, 'Counters': 1}, {'Max_spout': 1000000.0, 'Spliters': 6, 'Counters': 1}, {'Max_spout': 1000000.0, 'Spliters': 6, 'Counters': 1}, {'Max_spout': 1000000.0, 'Spliters': 6, 'Counters': 1}, {'Max_spout': 1000000.0, 'Spliters': 6, 'Counters': 1}, {'Max_spout': 1000, 'Spliters': 2, 'Counters': 15}, {'Max_spout': 1000000.0, 'Spliters': 6, 'Counters': 1}, {'Max_spout': 1000000.0, 'Spliters': 6, 'Counters': 1}, {'Max_spout': 1000000.0, 'Spliters': 6, 'Counters': 1}
0.4035768335983531, 0.4035768335983531, 0.4035768335983531, 0.4035768335983531, 0.373962536937878, 0.4035768335983531, 0.4035768335983531, 0.4035768335983531, 0.4035768335983531, 0.4035768335983531, 0.4035768335983531, 0.4035768335983531, 0.4035768335983531, 0.4035768335983531, 0.4035768335983531, 0.4035768335983531, 0.3689297604389507, 0.4035768335983531, 0.4035768335983531, 0.4035768335983531
0.017552852630615234, 0.018751859664916992, 0.013039112091064453, 0.014568090438842773, 0.016568660736083984, 0.0177152156829834, 0.013909578323364258, 0.015100479125976562, 0.014900445938110352, 0.01710033416748047, 0.016010522842407227, 0.015784263610839844, 0.017040729522705078, 0.01291203498840332, 0.014210700988769531, 0.014768362045288086, 0.01677560806274414, 0.018359899520874023, 0.01711583137512207, 0.017203569412231445