{'Max_spout': 1000000.0, 'Spliters': 2, 'Counters': 18}, {'Max_spout': 1000000.0, 'Spliters': 6, 'Counters': 1}, {'Max_spout': 1000000.0, 'Spliters': 6, 'Counters': 1}, {'Max_spout': 1000000.0, 'Spliters': 6, 'Counters': 1}, {'Max_spout': 1000000.0, 'Spliters': 1, 'Counters': 9}, {'Max_spout': 1000000.0, 'Spliters': 6, 'Counters': 1}, {'Max_spout': 1000000.0, 'Spliters': 6, 'Counters': 1}, {'Max_spout': 1000000.0, 'Spliters': 6, 'Counters': 1}, {'Max_spout': 1000000.0, 'Spliters': 6, 'Counters': 1}, {'Max_spout': 1000000.0, 'Spliters': 6, 'Counters': 1}, {'Max_spout': 1000000.0, 'Spliters': 6, 'Counters': 1}, {'Max_spout': 1000000.0, 'Spliters': 6, 'Counters': 1}, {'Max_spout': 1000000.0, 'Spliters': 6, 'Counters': 1}, {'Max_spout': 1000000.0, 'Spliters': 6, 'Counters': 1}, {'Max_spout': 1000000.0, 'Spliters': 6, 'Counters': 1}, {'Max_spout': 1000000.0, 'Spliters': 6, 'Counters': 1}, {'Max_spout': 1000, 'Spliters': 2, 'Counters': 15}, {'Max_spout': 1000000.0, 'Spliters': 6, 'Counters': 1}, {'Max_spout': 1000000.0, 'Spliters': 6, 'Counters': 1}, {'Max_spout': 1000000.0, 'Spliters': 6, 'Counters': 1}
0.3164259069728935, 0.4035768335983531, 0.4035768335983531, 0.4035768335983531, 0.32012653299473015, 0.4035768335983531, 0.4035768335983531, 0.4035768335983531, 0.4035768335983531, 0.4035768335983531, 0.4035768335983531, 0.4035768335983531, 0.4035768335983531, 0.4035768335983531, 0.4035768335983531, 0.4035768335983531, 0.3689297604389507, 0.4035768335983531, 0.4035768335983531, 0.4035768335983531
0.018631696701049805, 0.016865253448486328, 0.017487049102783203, 0.016256332397460938, 0.01628851890563965, 0.016115903854370117, 0.016284942626953125, 0.016259431838989258, 0.016002416610717773, 0.016252517700195312, 0.01815056800842285, 0.016173839569091797, 0.016208887100219727, 0.01611781120300293, 0.017928600311279297, 0.016265869140625, 0.016097068786621094, 0.01642918586730957, 0.016307830810546875, 0.016187667846679688