{'Max_spout': 1000, 'Spliters': 4, 'Counters': 17}, {'Max_spout': 10000, 'Spliters': 2, 'Counters': 17}, {'Max_spout': 1000, 'Spliters': 2, 'Counters': 17}, {'Max_spout': 100000.0, 'Spliters': 3, 'Counters': 18}, {'Max_spout': 1000000.0, 'Spliters': 3, 'Counters': 2}, {'Max_spout': 1000, 'Spliters': 4, 'Counters': 17}, {'Max_spout': 1000000.0, 'Spliters': 4, 'Counters': 1}, {'Max_spout': 100000.0, 'Spliters': 6, 'Counters': 2}, {'Max_spout': 100000.0, 'Spliters': 2, 'Counters': 17}, {'Max_spout': 1000000.0, 'Spliters': 2, 'Counters': 18}, {'Max_spout': 10000, 'Spliters': 2, 'Counters': 15}, {'Max_spout': 100000.0, 'Spliters': 2, 'Counters': 17}, {'Max_spout': 10000, 'Spliters': 2, 'Counters': 17}, {'Max_spout': 1000000.0, 'Spliters': 2, 'Counters': 13}, {'Max_spout': 1000000.0, 'Spliters': 2, 'Counters': 13}, {'Max_spout': 10000, 'Spliters': 2, 'Counters': 17}, {'Max_spout': 10000, 'Spliters': 2, 'Counters': 17}, {'Max_spout': 1000000.0, 'Spliters': 3, 'Counters': 2}, {'Max_spout': 10000, 'Spliters': 6, 'Counters': 1}, {'Max_spout': 1000, 'Spliters': 1, 'Counters': 18}
0.2673802716242708, 0.13361873109709846, 0.20413732624457143, 0.2849287725356881, 0.24188575533795414, 0.2673802716242708, 0.26337326026837865, 0.3118618414296406, 0.1237196976788916, 0.13380251720146813, 0.12284324324612456, 0.1237196976788916, 0.13361873109709846, 0.17533366435627948, 0.17533366435627948, 0.13361873109709846, 0.13361873109709846, 0.24188575533795414, 0.3049403342160628, 0.21699195389798218
0.06093454360961914, 0.054788827896118164, 0.05471467971801758, 0.05405592918395996, 0.05447649955749512, 0.0549626350402832, 0.05549263954162598, 0.054440975189208984, 0.05423736572265625, 0.05483293533325195, 0.054364919662475586, 0.05467581748962402, 0.053652048110961914, 0.05258965492248535, 0.05276966094970703, 0.05313396453857422, 0.05500364303588867, 0.05338406562805176, 0.05562949180603027, 0.05535006523132324