{'Max_spout': 10000, 'Spliters': 2, 'Counters': 15}, {'Max_spout': 10000, 'Spliters': 2, 'Counters': 15}, {'Max_spout': 10000, 'Spliters': 2, 'Counters': 15}, {'Max_spout': 10000, 'Spliters': 2, 'Counters': 15}, {'Max_spout': 10000, 'Spliters': 2, 'Counters': 7}, {'Max_spout': 10000, 'Spliters': 2, 'Counters': 15}, {'Max_spout': 10000, 'Spliters': 2, 'Counters': 15}, {'Max_spout': 1000000.0, 'Spliters': 3, 'Counters': 2}, {'Max_spout': 10000, 'Spliters': 2, 'Counters': 15}, {'Max_spout': 10000, 'Spliters': 2, 'Counters': 15}, {'Max_spout': 10000, 'Spliters': 2, 'Counters': 15}, {'Max_spout': 10000, 'Spliters': 2, 'Counters': 15}, {'Max_spout': 10000, 'Spliters': 2, 'Counters': 15}, {'Max_spout': 10000, 'Spliters': 2, 'Counters': 15}, {'Max_spout': 10000, 'Spliters': 2, 'Counters': 15}, {'Max_spout': 10000, 'Spliters': 2, 'Counters': 15}, {'Max_spout': 10000, 'Spliters': 2, 'Counters': 15}, {'Max_spout': 100000.0, 'Spliters': 2, 'Counters': 17}, {'Max_spout': 1000000.0, 'Spliters': 2, 'Counters': 18}, {'Max_spout': 10000, 'Spliters': 2, 'Counters': 15}
0.12284324324612456, 0.12284324324612456, 0.12284324324612456, 0.12284324324612456, 0.227209103204168, 0.12284324324612456, 0.12284324324612456, 0.24188575533795414, 0.12284324324612456, 0.12284324324612456, 0.12284324324612456, 0.12284324324612456, 0.12284324324612456, 0.12284324324612456, 0.12284324324612456, 0.12284324324612456, 0.12284324324612456, 0.1237196976788916, 0.13380251720146813, 0.12284324324612456
0.1990058422088623, 0.19836139678955078, 0.19941258430480957, 0.20082330703735352, 0.2003307342529297, 0.19919037818908691, 0.198805570602417, 0.20203471183776855, 0.1964123249053955, 0.1984539031982422, 0.19965052604675293, 0.19998955726623535, 0.19817137718200684, 0.1994764804840088, 0.19925975799560547, 0.1992015838623047, 0.1959080696105957, 0.1990525722503662, 0.19616937637329102, 0.19646978378295898