{'Max_spout': 10000, 'Spliters': 6, 'Counters': 18}, {'Max_spout': 10000, 'Spliters': 6, 'Counters': 18}, {'Max_spout': 10000, 'Spliters': 6, 'Counters': 18}, {'Max_spout': 1000000.0, 'Spliters': 6, 'Counters': 12}, {'Max_spout': 10000, 'Spliters': 2, 'Counters': 15}, {'Max_spout': 10000, 'Spliters': 6, 'Counters': 18}, {'Max_spout': 1000000.0, 'Spliters': 6, 'Counters': 9}, {'Max_spout': 100000.0, 'Spliters': 2, 'Counters': 12}, {'Max_spout': 1000, 'Spliters': 2, 'Counters': 6}, {'Max_spout': 1000000.0, 'Spliters': 6, 'Counters': 12}, {'Max_spout': 1000, 'Spliters': 2, 'Counters': 6}, {'Max_spout': 10000, 'Spliters': 6, 'Counters': 18}, {'Max_spout': 100000.0, 'Spliters': 2, 'Counters': 18}, {'Max_spout': 1000, 'Spliters': 2, 'Counters': 9}, {'Max_spout': 1000000.0, 'Spliters': 6, 'Counters': 12}, {'Max_spout': 1000000.0, 'Spliters': 2, 'Counters': 15}, {'Max_spout': 1000, 'Spliters': 2, 'Counters': 12}, {'Max_spout': 1000, 'Spliters': 2, 'Counters': 6}, {'Max_spout': 10000, 'Spliters': 6, 'Counters': 18}, {'Max_spout': 10000, 'Spliters': 6, 'Counters': 18}
0.44750804325835974, 0.44750804325835974, 0.44750804325835974, 0.45132372310007496, 0.3975491585218419, 0.44750804325835974, 0.4550215006629207, 0.43816135911088994, 0.4247156424780914, 0.45132372310007496, 0.4247156424780914, 0.44750804325835974, 0.4412970247361895, 0.3843556979164898, 0.45132372310007496, 0.44378367243631417, 0.3482522082801707, 0.4247156424780914, 0.44750804325835974, 0.44750804325835974
0.0266265869140625, 0.02458930015563965, 0.02386927604675293, 0.0242769718170166, 0.023806333541870117, 0.037035465240478516, 0.024292707443237305, 0.02428889274597168, 0.028919696807861328, 0.026569366455078125, 0.023868799209594727, 0.024442672729492188, 0.024125099182128906, 0.041170358657836914, 0.023600101470947266, 0.02376699447631836, 0.024029254913330078, 0.024050235748291016, 0.023843050003051758, 0.02376723289489746