{'Max_spout': 1000, 'Spliters': 2, 'Counters': 12}, {'Max_spout': 1000, 'Spliters': 2, 'Counters': 12}, {'Max_spout': 1000, 'Spliters': 2, 'Counters': 12}, {'Max_spout': 1000, 'Spliters': 2, 'Counters': 12}, {'Max_spout': 1000, 'Spliters': 2, 'Counters': 12}, {'Max_spout': 1000, 'Spliters': 2, 'Counters': 12}, {'Max_spout': 1000, 'Spliters': 2, 'Counters': 12}, {'Max_spout': 1000, 'Spliters': 2, 'Counters': 12}, {'Max_spout': 1000, 'Spliters': 2, 'Counters': 12}, {'Max_spout': 1000, 'Spliters': 2, 'Counters': 12}, {'Max_spout': 1000, 'Spliters': 2, 'Counters': 12}, {'Max_spout': 1000, 'Spliters': 2, 'Counters': 12}, {'Max_spout': 1000, 'Spliters': 2, 'Counters': 12}, {'Max_spout': 1000, 'Spliters': 2, 'Counters': 12}, {'Max_spout': 1000, 'Spliters': 2, 'Counters': 12}, {'Max_spout': 1000, 'Spliters': 2, 'Counters': 12}, {'Max_spout': 1000, 'Spliters': 2, 'Counters': 12}, {'Max_spout': 1000, 'Spliters': 2, 'Counters': 12}, {'Max_spout': 1000, 'Spliters': 2, 'Counters': 12}, {'Max_spout': 1000, 'Spliters': 2, 'Counters': 12}
0.3482522082801707, 0.3482522082801707, 0.3482522082801707, 0.3482522082801707, 0.3482522082801707, 0.3482522082801707, 0.3482522082801707, 0.3482522082801707, 0.3482522082801707, 0.3482522082801707, 0.3482522082801707, 0.3482522082801707, 0.3482522082801707, 0.3482522082801707, 0.3482522082801707, 0.3482522082801707, 0.3482522082801707, 0.3482522082801707, 0.3482522082801707, 0.3482522082801707
0.13737010955810547, 0.13894081115722656, 0.15034937858581543, 0.140486478805542, 0.13936257362365723, 0.13872957229614258, 0.14217877388000488, 0.14000773429870605, 0.1405637264251709, 0.136549711227417, 0.13775181770324707, 0.13361072540283203, 0.1332712173461914, 0.13476300239562988, 0.1336207389831543, 0.13309454917907715, 0.13374543190002441, 0.13954687118530273, 0.13642525672912598, 0.13966131210327148