{'Max_spout': 1000000.0, 'Spliters': 6, 'Counters': 18}, {'Max_spout': 1000000.0, 'Spliters': 6, 'Counters': 18}, {'Max_spout': 10, 'Spliters': 2, 'Counters': 18}, {'Max_spout': 1000000.0, 'Spliters': 6, 'Counters': 12}, {'Max_spout': 10000, 'Spliters': 2, 'Counters': 15}, {'Max_spout': 1000000.0, 'Spliters': 6, 'Counters': 12}, {'Max_spout': 1000000.0, 'Spliters': 6, 'Counters': 9}, {'Max_spout': 100000.0, 'Spliters': 2, 'Counters': 12}, {'Max_spout': 1000, 'Spliters': 2, 'Counters': 6}, {'Max_spout': 1000000.0, 'Spliters': 6, 'Counters': 18}, {'Max_spout': 1000, 'Spliters': 2, 'Counters': 6}, {'Max_spout': 1000000.0, 'Spliters': 6, 'Counters': 18}, {'Max_spout': 100000.0, 'Spliters': 2, 'Counters': 18}, {'Max_spout': 1000, 'Spliters': 2, 'Counters': 9}, {'Max_spout': 1000000.0, 'Spliters': 6, 'Counters': 18}, {'Max_spout': 1000000.0, 'Spliters': 6, 'Counters': 9}, {'Max_spout': 1000, 'Spliters': 2, 'Counters': 12}, {'Max_spout': 1000, 'Spliters': 2, 'Counters': 6}, {'Max_spout': 1000000.0, 'Spliters': 6, 'Counters': 18}, {'Max_spout': 1000000.0, 'Spliters': 6, 'Counters': 18}
0.45684852732534786, 0.45684852732534786, 0.5216628675848648, 0.45132372310007496, 0.3975491585218419, 0.45132372310007496, 0.4550215006629207, 0.43816135911088994, 0.4247156424780914, 0.45684852732534786, 0.4247156424780914, 0.45684852732534786, 0.4412970247361895, 0.3843556979164898, 0.45684852732534786, 0.4550215006629207, 0.3482522082801707, 0.4247156424780914, 0.45684852732534786, 0.45684852732534786
0.012388944625854492, 0.010047435760498047, 0.010630369186401367, 0.00995779037475586, 0.010154247283935547, 0.010016679763793945, 0.010039806365966797, 0.01001596450805664, 0.011601924896240234, 0.010189294815063477, 0.010040044784545898, 0.010036230087280273, 0.010002851486206055, 0.010043144226074219, 0.009969472885131836, 0.01019287109375, 0.009947061538696289, 0.010065555572509766, 0.01019906997680664, 0.009964704513549805