{'Max_spout': 1000, 'Spliters': 2, 'Counters': 15}, {'Max_spout': 1000, 'Spliters': 2, 'Counters': 15}, {'Max_spout': 1000000.0, 'Spliters': 2, 'Counters': 9}, {'Max_spout': 1000, 'Spliters': 2, 'Counters': 15}, {'Max_spout': 1000, 'Spliters': 2, 'Counters': 15}, {'Max_spout': 1000, 'Spliters': 2, 'Counters': 15}, {'Max_spout': 1000, 'Spliters': 2, 'Counters': 15}, {'Max_spout': 1000, 'Spliters': 2, 'Counters': 15}, {'Max_spout': 1000, 'Spliters': 2, 'Counters': 12}, {'Max_spout': 1000, 'Spliters': 2, 'Counters': 15}, {'Max_spout': 1000, 'Spliters': 2, 'Counters': 6}, {'Max_spout': 1000, 'Spliters': 2, 'Counters': 15}, {'Max_spout': 1000, 'Spliters': 2, 'Counters': 15}, {'Max_spout': 1000, 'Spliters': 2, 'Counters': 12}, {'Max_spout': 1000, 'Spliters': 2, 'Counters': 15}, {'Max_spout': 1000, 'Spliters': 2, 'Counters': 15}, {'Max_spout': 1000, 'Spliters': 2, 'Counters': 15}, {'Max_spout': 1000, 'Spliters': 2, 'Counters': 6}, {'Max_spout': 1000, 'Spliters': 2, 'Counters': 15}, {'Max_spout': 1000, 'Spliters': 2, 'Counters': 15}
0.3340436419777277, 0.3340436419777277, 0.3961943038278054, 0.3340436419777277, 0.3340436419777277, 0.3340436419777277, 0.3340436419777277, 0.3340436419777277, 0.3530381716077479, 0.3340436419777277, 0.4143172477501114, 0.3340436419777277, 0.3340436419777277, 0.3530381716077479, 0.3340436419777277, 0.3340436419777277, 0.3340436419777277, 0.4143172477501114, 0.3340436419777277, 0.3340436419777277
0.10384464263916016, 0.10341620445251465, 0.1035616397857666, 0.10710859298706055, 0.1255507469177246, 0.12521648406982422, 0.10901975631713867, 0.10984683036804199, 0.10996532440185547, 0.11014866828918457, 0.1125173568725586, 0.1093754768371582, 0.1108705997467041, 0.10781097412109375, 0.10667967796325684, 0.10762310028076172, 0.10816240310668945, 0.10696077346801758, 0.1069023609161377, 0.10677504539489746