{'Max_spout': 1000000.0, 'Spliters': 6, 'Counters': 12}, {'Max_spout': 100000.0, 'Spliters': 6, 'Counters': 18}, {'Max_spout': 1000000.0, 'Spliters': 6, 'Counters': 12}, {'Max_spout': 1000000.0, 'Spliters': 6, 'Counters': 12}, {'Max_spout': 10000, 'Spliters': 2, 'Counters': 15}, {'Max_spout': 100000.0, 'Spliters': 6, 'Counters': 18}, {'Max_spout': 100000.0, 'Spliters': 6, 'Counters': 15}, {'Max_spout': 100000.0, 'Spliters': 6, 'Counters': 18}, {'Max_spout': 1000, 'Spliters': 2, 'Counters': 6}, {'Max_spout': 1000000.0, 'Spliters': 6, 'Counters': 12}, {'Max_spout': 1000, 'Spliters': 2, 'Counters': 6}, {'Max_spout': 1000000.0, 'Spliters': 6, 'Counters': 18}, {'Max_spout': 100000.0, 'Spliters': 2, 'Counters': 18}, {'Max_spout': 10000, 'Spliters': 2, 'Counters': 9}, {'Max_spout': 1000000.0, 'Spliters': 6, 'Counters': 12}, {'Max_spout': 100000.0, 'Spliters': 6, 'Counters': 18}, {'Max_spout': 1000, 'Spliters': 2, 'Counters': 15}, {'Max_spout': 1000, 'Spliters': 2, 'Counters': 6}, {'Max_spout': 1000000.0, 'Spliters': 6, 'Counters': 12}, {'Max_spout': 100000.0, 'Spliters': 6, 'Counters': 18}
0.4426252477282385, 0.43093537436088897, 0.4426252477282385, 0.4426252477282385, 0.4257248893533731, 0.43093537436088897, 0.43816779038423925, 0.43093537436088897, 0.4143172477501114, 0.4426252477282385, 0.4143172477501114, 0.4433311775223357, 0.4288502324027476, 0.39147958309618697, 0.4426252477282385, 0.43093537436088897, 0.3340436419777277, 0.4143172477501114, 0.4426252477282385, 0.43093537436088897
0.030147552490234375, 0.0321958065032959, 0.04987645149230957, 0.032769203186035156, 0.03409099578857422, 0.03289508819580078, 0.03304886817932129, 0.03114461898803711, 0.033566951751708984, 0.031149864196777344, 0.03382611274719238, 0.03084278106689453, 0.02746272087097168, 0.027323246002197266, 0.025265932083129883, 0.026119232177734375, 0.030633926391601562, 0.03102421760559082, 0.02685093879699707, 0.02716374397277832