{'Max_spout': 1000000.0, 'Spliters': 6, 'Counters': 12}, {'Max_spout': 100000.0, 'Spliters': 6, 'Counters': 18}, {'Max_spout': 1000000.0, 'Spliters': 6, 'Counters': 12}, {'Max_spout': 1000000.0, 'Spliters': 6, 'Counters': 12}, {'Max_spout': 10000, 'Spliters': 2, 'Counters': 15}, {'Max_spout': 100000.0, 'Spliters': 6, 'Counters': 18}, {'Max_spout': 1000000.0, 'Spliters': 6, 'Counters': 12}, {'Max_spout': 100000.0, 'Spliters': 6, 'Counters': 18}, {'Max_spout': 1000, 'Spliters': 2, 'Counters': 6}, {'Max_spout': 1000000.0, 'Spliters': 6, 'Counters': 12}, {'Max_spout': 1000, 'Spliters': 2, 'Counters': 6}, {'Max_spout': 1000000.0, 'Spliters': 6, 'Counters': 18}, {'Max_spout': 100000.0, 'Spliters': 2, 'Counters': 18}, {'Max_spout': 10000, 'Spliters': 2, 'Counters': 9}, {'Max_spout': 1000000.0, 'Spliters': 6, 'Counters': 12}, {'Max_spout': 100000.0, 'Spliters': 6, 'Counters': 18}, {'Max_spout': 1000, 'Spliters': 2, 'Counters': 15}, {'Max_spout': 1000, 'Spliters': 2, 'Counters': 6}, {'Max_spout': 1000000.0, 'Spliters': 6, 'Counters': 18}, {'Max_spout': 1000000.0, 'Spliters': 6, 'Counters': 18}
0.4426252477282385, 0.43093537436088897, 0.4426252477282385, 0.4426252477282385, 0.4257248893533731, 0.43093537436088897, 0.4426252477282385, 0.43093537436088897, 0.4143172477501114, 0.4426252477282385, 0.4143172477501114, 0.4433311775223357, 0.4288502324027476, 0.39147958309618697, 0.4426252477282385, 0.43093537436088897, 0.3340436419777277, 0.4143172477501114, 0.4433311775223357, 0.4433311775223357
0.032265663146972656, 0.02834916114807129, 0.0252072811126709, 0.030566692352294922, 0.018296480178833008, 0.01982259750366211, 0.018533945083618164, 0.019684791564941406, 0.019594669342041016, 0.01913142204284668, 0.02899169921875, 0.019510269165039062, 0.016901254653930664, 0.016882896423339844, 0.01668405532836914, 0.018805742263793945, 0.019283294677734375, 0.027378082275390625, 0.01957392692565918, 0.025136947631835938