{'Width': 3, 'Complexity': 0, 'Fifo': 1, 'Multiplier': 1}, {'Width': 3, 'Complexity': 0, 'Fifo': 4, 'Multiplier': 1}, {'Width': 3, 'Complexity': 0, 'Fifo': 4, 'Multiplier': 1}, {'Width': 3, 'Complexity': 0, 'Fifo': 4, 'Multiplier': 1}, {'Width': 3, 'Complexity': 0, 'Fifo': 4, 'Multiplier': 1}, {'Width': 3, 'Complexity': 0, 'Fifo': 3, 'Multiplier': 1}, {'Width': 3, 'Complexity': 0, 'Fifo': 4, 'Multiplier': 1}, {'Width': 3, 'Complexity': 0, 'Fifo': 1, 'Multiplier': 1}, {'Width': 3, 'Complexity': 0, 'Fifo': 1, 'Multiplier': 1}, {'Width': 3, 'Complexity': 0, 'Fifo': 4, 'Multiplier': 1}, {'Width': 3, 'Complexity': 0, 'Fifo': 4, 'Multiplier': 1}, {'Width': 3, 'Complexity': 0, 'Fifo': 4, 'Multiplier': 1}, {'Width': 3, 'Complexity': 0, 'Fifo': 4, 'Multiplier': 1}, {'Width': 3, 'Complexity': 0, 'Fifo': 4, 'Multiplier': 1}, {'Width': 3, 'Complexity': 0, 'Fifo': 1, 'Multiplier': 1}, {'Width': 3, 'Complexity': 0, 'Fifo': 4, 'Multiplier': 1}, {'Width': 5, 'Complexity': 1, 'Fifo': 4, 'Multiplier': 1}, {'Width': 3, 'Complexity': 0, 'Fifo': 1, 'Multiplier': 1}, {'Width': 3, 'Complexity': 0, 'Fifo': 1, 'Multiplier': 1}, {'Width': 3, 'Complexity': 0, 'Fifo': 1, 'Multiplier': 1}
0.22581417455021333, 0.22587868316250506, 0.22587868316250506, 0.22587868316250506, 0.22587868316250506, 0.22587868316250506, 0.22587868316250506, 0.22581417455021333, 0.22581417455021333, 0.22587868316250506, 0.22587868316250506, 0.22587868316250506, 0.22587868316250506, 0.22587868316250506, 0.22581417455021333, 0.22587868316250506, 0.44772479049532365, 0.22581417455021333, 0.22581417455021333, 0.22581417455021333
0.031720638275146484, 0.028966188430786133, 0.0283205509185791, 0.028566598892211914, 0.027724027633666992, 0.028890609741210938, 0.026963472366333008, 0.029339313507080078, 0.02760004997253418, 0.02994680404663086, 0.029360055923461914, 0.028128623962402344, 0.03164052963256836, 0.02799081802368164, 0.028377532958984375, 0.02843165397644043, 0.04525327682495117, 0.02649521827697754, 0.02804112434387207, 0.029119253158569336