{'Width': 3, 'Complexity': 0, 'Fifo': 4, 'Multiplier': 1}, {'Width': 3, 'Complexity': 1, 'Fifo': 4, 'Multiplier': 1}, {'Width': 3, 'Complexity': 0, 'Fifo': 4, 'Multiplier': 1}, {'Width': 3, 'Complexity': 1, 'Fifo': 1, 'Multiplier': 1}, {'Width': 3, 'Complexity': 1, 'Fifo': 1, 'Multiplier': 1}, {'Width': 3, 'Complexity': 0, 'Fifo': 3, 'Multiplier': 1}, {'Width': 3, 'Complexity': 1, 'Fifo': 2, 'Multiplier': 1}, {'Width': 3, 'Complexity': 0, 'Fifo': 1, 'Multiplier': 1}, {'Width': 3, 'Complexity': 0, 'Fifo': 4, 'Multiplier': 1}, {'Width': 3, 'Complexity': 0, 'Fifo': 4, 'Multiplier': 1}, {'Width': 3, 'Complexity': 1, 'Fifo': 4, 'Multiplier': 1}, {'Width': 3, 'Complexity': 0, 'Fifo': 4, 'Multiplier': 1}, {'Width': 3, 'Complexity': 0, 'Fifo': 4, 'Multiplier': 1}, {'Width': 4, 'Complexity': 1, 'Fifo': 3, 'Multiplier': 1}, {'Width': 3, 'Complexity': 0, 'Fifo': 4, 'Multiplier': 1}, {'Width': 3, 'Complexity': 1, 'Fifo': 4, 'Multiplier': 1}, {'Width': 5, 'Complexity': 1, 'Fifo': 4, 'Multiplier': 1}, {'Width': 3, 'Complexity': 0, 'Fifo': 1, 'Multiplier': 1}, {'Width': 3, 'Complexity': 0, 'Fifo': 1, 'Multiplier': 1}, {'Width': 3, 'Complexity': 0, 'Fifo': 4, 'Multiplier': 1}
0.22587868316250506, 0.3139305450653319, 0.22587868316250506, 0.3131549450517663, 0.3131549450517663, 0.22587868316250506, 0.3139305450653319, 0.22581417455021333, 0.22587868316250506, 0.22587868316250506, 0.3139305450653319, 0.22587868316250506, 0.22587868316250506, 0.3877806214317866, 0.22587868316250506, 0.3139305450653319, 0.44772479049532365, 0.22581417455021333, 0.22581417455021333, 0.22587868316250506
0.0760507583618164, 0.018294095993041992, 0.019393444061279297, 0.0201413631439209, 0.017299652099609375, 0.016562223434448242, 0.018485069274902344, 0.018325090408325195, 0.021010398864746094, 0.019055843353271484, 0.01834893226623535, 0.02234649658203125, 0.026294469833374023, 0.02043914794921875, 0.018067598342895508, 0.018247604370117188, 0.017214298248291016, 0.01800680160522461, 0.02510809898376465, 0.01943516731262207