{'Width': 3, 'Complexity': 0, 'Fifo': 1, 'Multiplier': 1}, {'Width': 3, 'Complexity': 0, 'Fifo': 1, 'Multiplier': 1}, {'Width': 3, 'Complexity': 0, 'Fifo': 1, 'Multiplier': 1}, {'Width': 3, 'Complexity': 0, 'Fifo': 1, 'Multiplier': 1}, {'Width': 3, 'Complexity': 0, 'Fifo': 1, 'Multiplier': 1}, {'Width': 3, 'Complexity': 0, 'Fifo': 1, 'Multiplier': 1}, {'Width': 3, 'Complexity': 0, 'Fifo': 1, 'Multiplier': 1}, {'Width': 3, 'Complexity': 0, 'Fifo': 1, 'Multiplier': 1}, {'Width': 3, 'Complexity': 0, 'Fifo': 1, 'Multiplier': 1}, {'Width': 3, 'Complexity': 0, 'Fifo': 1, 'Multiplier': 1}, {'Width': 3, 'Complexity': 0, 'Fifo': 1, 'Multiplier': 1}, {'Width': 3, 'Complexity': 0, 'Fifo': 1, 'Multiplier': 1}, {'Width': 3, 'Complexity': 0, 'Fifo': 1, 'Multiplier': 1}, {'Width': 3, 'Complexity': 0, 'Fifo': 1, 'Multiplier': 1}, {'Width': 3, 'Complexity': 0, 'Fifo': 1, 'Multiplier': 1}, {'Width': 3, 'Complexity': 0, 'Fifo': 1, 'Multiplier': 1}, {'Width': 3, 'Complexity': 0, 'Fifo': 1, 'Multiplier': 1}, {'Width': 3, 'Complexity': 0, 'Fifo': 1, 'Multiplier': 1}, {'Width': 3, 'Complexity': 0, 'Fifo': 1, 'Multiplier': 1}, {'Width': 3, 'Complexity': 0, 'Fifo': 1, 'Multiplier': 1}
0.22581417455021333, 0.22581417455021333, 0.22581417455021333, 0.22581417455021333, 0.22581417455021333, 0.22581417455021333, 0.22581417455021333, 0.22581417455021333, 0.22581417455021333, 0.22581417455021333, 0.22581417455021333, 0.22581417455021333, 0.22581417455021333, 0.22581417455021333, 0.22581417455021333, 0.22581417455021333, 0.22581417455021333, 0.22581417455021333, 0.22581417455021333, 0.22581417455021333
0.2139415740966797, 0.2281019687652588, 0.2121727466583252, 0.21036839485168457, 0.2091524600982666, 0.21154451370239258, 0.2126445770263672, 0.21373248100280762, 0.21199798583984375, 0.209228515625, 0.21236371994018555, 0.2136397361755371, 0.20935344696044922, 0.21347904205322266, 0.2127685546875, 0.20893621444702148, 0.21313238143920898, 0.21153974533081055, 0.20837092399597168, 0.2097771167755127