{'Width': 3, 'Complexity': 1, 'Fifo': 1, 'Multiplier': 1}, {'Width': 3, 'Complexity': 0, 'Fifo': 4, 'Multiplier': 2}, {'Width': 6, 'Complexity': 1, 'Fifo': 4, 'Multiplier': 2}, {'Width': 3, 'Complexity': 1, 'Fifo': 1, 'Multiplier': 1}, {'Width': 5, 'Complexity': 1, 'Fifo': 2, 'Multiplier': 1}, {'Width': 3, 'Complexity': 0, 'Fifo': 3, 'Multiplier': 1}, {'Width': 3, 'Complexity': 1, 'Fifo': 2, 'Multiplier': 1}, {'Width': 3, 'Complexity': 0, 'Fifo': 1, 'Multiplier': 1}, {'Width': 3, 'Complexity': 1, 'Fifo': 1, 'Multiplier': 1}, {'Width': 3, 'Complexity': 0, 'Fifo': 1, 'Multiplier': 2}, {'Width': 3, 'Complexity': 1, 'Fifo': 4, 'Multiplier': 1}, {'Width': 4, 'Complexity': 1, 'Fifo': 3, 'Multiplier': 1}, {'Width': 6, 'Complexity': 0, 'Fifo': 4, 'Multiplier': 1}, {'Width': 4, 'Complexity': 1, 'Fifo': 3, 'Multiplier': 1}, {'Width': 4, 'Complexity': 0, 'Fifo': 2, 'Multiplier': 1}, {'Width': 7, 'Complexity': 0, 'Fifo': 1, 'Multiplier': 2}, {'Width': 5, 'Complexity': 1, 'Fifo': 4, 'Multiplier': 1}, {'Width': 3, 'Complexity': 0, 'Fifo': 1, 'Multiplier': 2}, {'Width': 7, 'Complexity': 0, 'Fifo': 1, 'Multiplier': 1}, {'Width': 7, 'Complexity': 1, 'Fifo': 1, 'Multiplier': 1}
0.3131549450517663, 0.41985099335665094, 0.6011336985066399, 0.3131549450517663, 0.44772479049532365, 0.22587868316250506, 0.3139305450653319, 0.22581417455021333, 0.3131549450517663, 0.41975353518343883, 0.3139305450653319, 0.3877806214317866, 0.5090215664735307, 0.3877806214317866, 0.37790341766003394, 0.6202339879203385, 0.44772479049532365, 0.41975353518343883, 0.5335948416821916, 0.5043395682906585
0.012343406677246094, 0.012656450271606445, 0.009786367416381836, 0.011371612548828125, 0.02094292640686035, 0.012968778610229492, 0.01040029525756836, 0.010917186737060547, 0.011811494827270508, 0.009348392486572266, 0.009989500045776367, 0.009632349014282227, 0.008708953857421875, 0.009670257568359375, 0.009783029556274414, 0.009209871292114258, 0.009433507919311523, 0.007081747055053711, 0.008382797241210938, 0.010603666305541992