{'Width': 3, 'Complexity': 0, 'Fifo': 4, 'Multiplier': 1}, {'Width': 3, 'Complexity': 0, 'Fifo': 4, 'Multiplier': 1}, {'Width': 3, 'Complexity': 0, 'Fifo': 4, 'Multiplier': 1}, {'Width': 3, 'Complexity': 0, 'Fifo': 4, 'Multiplier': 1}, {'Width': 3, 'Complexity': 1, 'Fifo': 1, 'Multiplier': 1}, {'Width': 3, 'Complexity': 0, 'Fifo': 3, 'Multiplier': 1}, {'Width': 3, 'Complexity': 1, 'Fifo': 2, 'Multiplier': 1}, {'Width': 3, 'Complexity': 0, 'Fifo': 1, 'Multiplier': 1}, {'Width': 3, 'Complexity': 0, 'Fifo': 1, 'Multiplier': 1}, {'Width': 3, 'Complexity': 0, 'Fifo': 4, 'Multiplier': 1}, {'Width': 3, 'Complexity': 0, 'Fifo': 4, 'Multiplier': 1}, {'Width': 3, 'Complexity': 0, 'Fifo': 4, 'Multiplier': 1}, {'Width': 3, 'Complexity': 0, 'Fifo': 4, 'Multiplier': 1}, {'Width': 3, 'Complexity': 0, 'Fifo': 4, 'Multiplier': 1}, {'Width': 3, 'Complexity': 0, 'Fifo': 4, 'Multiplier': 1}, {'Width': 3, 'Complexity': 0, 'Fifo': 4, 'Multiplier': 1}, {'Width': 5, 'Complexity': 1, 'Fifo': 4, 'Multiplier': 1}, {'Width': 3, 'Complexity': 0, 'Fifo': 1, 'Multiplier': 1}, {'Width': 3, 'Complexity': 0, 'Fifo': 1, 'Multiplier': 1}, {'Width': 3, 'Complexity': 0, 'Fifo': 4, 'Multiplier': 1}
0.22587868316250506, 0.22587868316250506, 0.22587868316250506, 0.22587868316250506, 0.3131549450517663, 0.22587868316250506, 0.3139305450653319, 0.22581417455021333, 0.22581417455021333, 0.22587868316250506, 0.22587868316250506, 0.22587868316250506, 0.22587868316250506, 0.22587868316250506, 0.22587868316250506, 0.22587868316250506, 0.44772479049532365, 0.22581417455021333, 0.22581417455021333, 0.22587868316250506
0.03153729438781738, 0.029346942901611328, 0.026761531829833984, 0.03169894218444824, 0.027254104614257812, 0.031378984451293945, 0.03060173988342285, 0.02612471580505371, 0.030872106552124023, 0.03508734703063965, 0.022364139556884766, 0.020802021026611328, 0.022845983505249023, 0.022563457489013672, 0.020890474319458008, 0.022181034088134766, 0.024916410446166992, 0.023308992385864258, 0.023189544677734375, 0.02225804328918457