{'Spout': 1, 'Split': 1, 'Count': 12, 'Buffer_size': 105000000.0, 'Heap': 1024}, {'Spout': 1, 'Split': 2, 'Count': 12, 'Buffer_size': 105000000.0, 'Heap': 512}, {'Spout': 1, 'Split': 2, 'Count': 12, 'Buffer_size': 1050000.0, 'Heap': 2048}, {'Spout': 1, 'Split': 1, 'Count': 12, 'Buffer_size': 105000000.0, 'Heap': 2048}, {'Spout': 1, 'Split': 2, 'Count': 12, 'Buffer_size': 262000.0, 'Heap': 512}, {'Spout': 1, 'Split': 2, 'Count': 9, 'Buffer_size': 5240000.0, 'Heap': 2048}, {'Spout': 1, 'Split': 2, 'Count': 9, 'Buffer_size': 10500000.0, 'Heap': 512}, {'Spout': 1, 'Split': 1, 'Count': 9, 'Buffer_size': 262000.0, 'Heap': 1024}, {'Spout': 3, 'Split': 6, 'Count': 12, 'Buffer_size': 105000000.0, 'Heap': 1024}, {'Spout': 1, 'Split': 2, 'Count': 6, 'Buffer_size': 105000000.0, 'Heap': 512}, {'Spout': 3, 'Split': 6, 'Count': 12, 'Buffer_size': 5240000.0, 'Heap': 2048}, {'Spout': 3, 'Split': 6, 'Count': 12, 'Buffer_size': 1050000.0, 'Heap': 512}, {'Spout': 1, 'Split': 1, 'Count': 12, 'Buffer_size': 5240000.0, 'Heap': 512}, {'Spout': 3, 'Split': 6, 'Count': 12, 'Buffer_size': 105000000.0, 'Heap': 512}, {'Spout': 3, 'Split': 6, 'Count': 12, 'Buffer_size': 105000000.0, 'Heap': 512}, {'Spout': 1, 'Split': 1, 'Count': 12, 'Buffer_size': 1050000.0, 'Heap': 512}, {'Spout': 3, 'Split': 6, 'Count': 12, 'Buffer_size': 5240000.0, 'Heap': 2048}, {'Spout': 1, 'Split': 1, 'Count': 12, 'Buffer_size': 5240000.0, 'Heap': 512}, {'Spout': 1, 'Split': 2, 'Count': 12, 'Buffer_size': 105000000.0, 'Heap': 2048}, {'Spout': 1, 'Split': 1, 'Count': 12, 'Buffer_size': 262000.0, 'Heap': 2048}
0.2342272322985072, 0.016767980467558712, 0.02628393512052983, 0.23541517179599106, 0.006758719400941674, 0.059665607462809904, 0.05143474560046549, 0.22758365564568964, 0.24584077783489322, 0.1357998039149482, 0.23775197904992254, 0.25443977943057033, 0.21431792843573635, 0.2570641251648314, 0.2570641251648314, 0.2172328151133768, 0.23775197904992254, 0.21431792843573635, 0.01592322268422131, 0.2203308792201745
0.04170942306518555, 0.044045448303222656, 0.030725955963134766, 0.03428077697753906, 0.03299236297607422, 0.036110639572143555, 0.03990435600280762, 0.03955721855163574, 0.034538984298706055, 0.034554243087768555, 0.032820940017700195, 0.03306102752685547, 0.03453493118286133, 0.03370189666748047, 0.03647780418395996, 0.03777050971984863, 0.038622140884399414, 0.03617429733276367, 0.03733086585998535, 0.03779196739196777