{'Spout': 3, 'Split': 6, 'Count': 12, 'Buffer_size': 105000000.0, 'Heap': 1024}, {'Spout': 1, 'Split': 2, 'Count': 12, 'Buffer_size': 105000000.0, 'Heap': 2048}, {'Spout': 1, 'Split': 2, 'Count': 12, 'Buffer_size': 1050000.0, 'Heap': 2048}, {'Spout': 3, 'Split': 6, 'Count': 12, 'Buffer_size': 105000000.0, 'Heap': 2048}, {'Spout': 1, 'Split': 2, 'Count': 12, 'Buffer_size': 105000000.0, 'Heap': 1024}, {'Spout': 1, 'Split': 2, 'Count': 9, 'Buffer_size': 5240000.0, 'Heap': 2048}, {'Spout': 1, 'Split': 2, 'Count': 9, 'Buffer_size': 5240000.0, 'Heap': 1024}, {'Spout': 1, 'Split': 1, 'Count': 9, 'Buffer_size': 262000.0, 'Heap': 1024}, {'Spout': 1, 'Split': 2, 'Count': 12, 'Buffer_size': 1050000.0, 'Heap': 512}, {'Spout': 1, 'Split': 2, 'Count': 6, 'Buffer_size': 105000000.0, 'Heap': 512}, {'Spout': 3, 'Split': 6, 'Count': 12, 'Buffer_size': 5240000.0, 'Heap': 2048}, {'Spout': 3, 'Split': 6, 'Count': 12, 'Buffer_size': 1050000.0, 'Heap': 512}, {'Spout': 1, 'Split': 1, 'Count': 12, 'Buffer_size': 5240000.0, 'Heap': 512}, {'Spout': 3, 'Split': 6, 'Count': 12, 'Buffer_size': 105000000.0, 'Heap': 512}, {'Spout': 3, 'Split': 6, 'Count': 12, 'Buffer_size': 105000000.0, 'Heap': 512}, {'Spout': 1, 'Split': 1, 'Count': 12, 'Buffer_size': 1050000.0, 'Heap': 512}, {'Spout': 3, 'Split': 6, 'Count': 12, 'Buffer_size': 5240000.0, 'Heap': 2048}, {'Spout': 1, 'Split': 1, 'Count': 12, 'Buffer_size': 5240000.0, 'Heap': 512}, {'Spout': 1, 'Split': 2, 'Count': 12, 'Buffer_size': 105000000.0, 'Heap': 2048}, {'Spout': 1, 'Split': 1, 'Count': 12, 'Buffer_size': 1050000.0, 'Heap': 512}
0.24584077783489322, 0.01592322268422131, 0.02628393512052983, 0.2709055415302204, 0.006302770441314521, 0.059665607462809904, 0.033120516917753466, 0.22758365564568964, 0.004885495408456998, 0.1357998039149482, 0.23775197904992254, 0.25443977943057033, 0.21431792843573635, 0.2570641251648314, 0.2570641251648314, 0.2172328151133768, 0.23775197904992254, 0.21431792843573635, 0.01592322268422131, 0.2172328151133768
0.025979042053222656, 0.023736953735351562, 0.024420738220214844, 0.02422809600830078, 0.024840354919433594, 0.02451181411743164, 0.022168874740600586, 0.02223038673400879, 0.024573087692260742, 0.024219751358032227, 0.02465057373046875, 0.023027896881103516, 0.027884244918823242, 0.021942138671875, 0.021792173385620117, 0.024048805236816406, 0.029233694076538086, 0.024291038513183594, 0.022025346755981445, 0.023792743682861328