{'Spout': 3, 'Split': 3, 'Count': 9, 'Buffer_size': 5240000.0, 'Heap': 512}, {'Spout': 1, 'Split': 2, 'Count': 6, 'Buffer_size': 5240000.0, 'Heap': 2048}, {'Spout': 1, 'Split': 2, 'Count': 12, 'Buffer_size': 1050000.0, 'Heap': 2048}, {'Spout': 2, 'Split': 6, 'Count': 12, 'Buffer_size': 1050000.0, 'Heap': 512}, {'Spout': 3, 'Split': 3, 'Count': 9, 'Buffer_size': 1050000.0, 'Heap': 1024}, {'Spout': 1, 'Split': 2, 'Count': 9, 'Buffer_size': 5240000.0, 'Heap': 2048}, {'Spout': 1, 'Split': 2, 'Count': 9, 'Buffer_size': 10500000.0, 'Heap': 512}, {'Spout': 1, 'Split': 1, 'Count': 9, 'Buffer_size': 262000.0, 'Heap': 1024}, {'Spout': 1, 'Split': 2, 'Count': 3, 'Buffer_size': 1050000.0, 'Heap': 2048}, {'Spout': 3, 'Split': 6, 'Count': 9, 'Buffer_size': 262000.0, 'Heap': 2048}, {'Spout': 1, 'Split': 1, 'Count': 9, 'Buffer_size': 1050000.0, 'Heap': 1024}, {'Spout': 1, 'Split': 6, 'Count': 6, 'Buffer_size': 105000000.0, 'Heap': 512}, {'Spout': 1, 'Split': 2, 'Count': 3, 'Buffer_size': 10500000.0, 'Heap': 2048}, {'Spout': 2, 'Split': 1, 'Count': 12, 'Buffer_size': 262000.0, 'Heap': 512}, {'Spout': 1, 'Split': 6, 'Count': 12, 'Buffer_size': 262000.0, 'Heap': 512}, {'Spout': 1, 'Split': 1, 'Count': 12, 'Buffer_size': 10500000.0, 'Heap': 1024}, {'Spout': 1, 'Split': 1, 'Count': 6, 'Buffer_size': 105000000.0, 'Heap': 1024}, {'Spout': 1, 'Split': 1, 'Count': 12, 'Buffer_size': 1050000.0, 'Heap': 2048}, {'Spout': 1, 'Split': 1, 'Count': 12, 'Buffer_size': 1050000.0, 'Heap': 512}, {'Spout': 3, 'Split': 6, 'Count': 9, 'Buffer_size': 1050000.0, 'Heap': 512}
0.3001404622121782, 0.15160494025547264, 0.02628393512052983, 0.2501210786744276, 0.2888322951305308, 0.059665607462809904, 0.05143474560046549, 0.22758365564568964, 0.2520980248755627, 0.29140585799812646, 0.2113440160617417, 0.2896307157656229, 0.2527188305074455, 0.298610574532874, 0.2789499576733858, 0.2178967506815683, 0.24814789266416198, 0.23139694885394496, 0.2172328151133768, 0.28645014839640337
0.012264728546142578, 0.011391878128051758, 0.010280370712280273, 0.008957386016845703, 0.01071023941040039, 0.008402824401855469, 0.008029699325561523, 0.00828695297241211, 0.012122392654418945, 0.009024620056152344, 0.009479761123657227, 0.009275674819946289, 0.009118318557739258, 0.01080775260925293, 0.011072158813476562, 0.009855270385742188, 0.008915424346923828, 0.008733272552490234, 0.008578062057495117, 0.008892059326171875