{'Max_spout': 1, 'Spliters': 6, 'Counters': 18}, {'Max_spout': 1, 'Spliters': 6, 'Counters': 18}, {'Max_spout': 1, 'Spliters': 6, 'Counters': 12}, {'Max_spout': 1, 'Spliters': 1, 'Counters': 1}, {'Max_spout': 1, 'Spliters': 6, 'Counters': 1}, {'Max_spout': 1, 'Spliters': 1, 'Counters': 18}, {'Max_spout': 1, 'Spliters': 1, 'Counters': 18}, {'Max_spout': 1, 'Spliters': 6, 'Counters': 1}, {'Max_spout': 1, 'Spliters': 1, 'Counters': 1}, {'Max_spout': 1, 'Spliters': 6, 'Counters': 1}, {'Max_spout': 1, 'Spliters': 1, 'Counters': 3}, {'Max_spout': 1, 'Spliters': 2, 'Counters': 1}, {'Max_spout': 1, 'Spliters': 1, 'Counters': 18}, {'Max_spout': 1, 'Spliters': 1, 'Counters': 6}, {'Max_spout': 1, 'Spliters': 1, 'Counters': 3}, {'Max_spout': 1, 'Spliters': 1, 'Counters': 1}, {'Max_spout': 1, 'Spliters': 1, 'Counters': 18}, {'Max_spout': 1, 'Spliters': 1, 'Counters': 1}, {'Max_spout': 1, 'Spliters': 1, 'Counters': 18}, {'Max_spout': 1, 'Spliters': 6, 'Counters': 1}
0.010017821857759856, 0.010017821857759856, 0.012412175235545064, 0.004807791117257254, 0.015315934267586241, 0.0015707897696077134, 0.0015707897696077134, 0.015315934267586241, 0.004807791117257254, 0.015315934267586241, 0.0034219728532295193, 0.0034219728532295193, 0.0015707897696077134, 0.0033617837125249194, 0.0034219728532295193, 0.004807791117257254, 0.0015707897696077134, 0.004807791117257254, 0.0015707897696077134, 0.015315934267586241
0.04316258430480957, 0.024682283401489258, 0.024724960327148438, 0.022644758224487305, 0.025295019149780273, 0.017058610916137695, 0.013914823532104492, 0.01051640510559082, 0.011451959609985352, 0.00897526741027832, 0.015993833541870117, 0.012354850769042969, 0.011243104934692383, 0.011877059936523438, 0.012296915054321289, 0.009132862091064453, 0.009097099304199219, 0.009095907211303711, 0.011253118515014648, 0.011670351028442383