{'Max_spout': 10, 'Spliters': 2, 'Counters': 6}, {'Max_spout': 10, 'Spliters': 6, 'Counters': 1}, {'Max_spout': 1, 'Spliters': 6, 'Counters': 12}, {'Max_spout': 1, 'Spliters': 1, 'Counters': 1}, {'Max_spout': 10, 'Spliters': 6, 'Counters': 18}, {'Max_spout': 1, 'Spliters': 6, 'Counters': 1}, {'Max_spout': 10, 'Spliters': 6, 'Counters': 1}, {'Max_spout': 100, 'Spliters': 3, 'Counters': 18}, {'Max_spout': 1, 'Spliters': 1, 'Counters': 1}, {'Max_spout': 100000.0, 'Spliters': 3, 'Counters': 6}, {'Max_spout': 1, 'Spliters': 1, 'Counters': 3}, {'Max_spout': 1, 'Spliters': 2, 'Counters': 1}, {'Max_spout': 10, 'Spliters': 1, 'Counters': 1}, {'Max_spout': 1, 'Spliters': 1, 'Counters': 6}, {'Max_spout': 1, 'Spliters': 1, 'Counters': 3}, {'Max_spout': 1, 'Spliters': 6, 'Counters': 9}, {'Max_spout': 1, 'Spliters': 6, 'Counters': 1}, {'Max_spout': 10, 'Spliters': 6, 'Counters': 18}, {'Max_spout': 100000.0, 'Spliters': 1, 'Counters': 18}, {'Max_spout': 10, 'Spliters': 3, 'Counters': 9}
0.254594193069147, 0.06447724997284149, 0.012412175235545064, 0.004807791117257254, 0.22115251928254542, 0.015315934267586241, 0.06447724997284149, 0.2483844353818193, 0.004807791117257254, 0.24986714348210323, 0.0034219728532295193, 0.0034219728532295193, 0.07341166729791863, 0.0033617837125249194, 0.0034219728532295193, 0.012987642141793881, 0.015315934267586241, 0.22115251928254542, 0.24848719732936375, 0.1899862886201419
0.017693281173706055, 0.0119476318359375, 0.008986473083496094, 0.0076177120208740234, 0.01100778579711914, 0.008460044860839844, 0.014373779296875, 0.010343074798583984, 0.012299060821533203, 0.010131120681762695, 0.014540910720825195, 0.009270429611206055, 0.01204538345336914, 0.013352394104003906, 0.010990381240844727, 0.011772632598876953, 0.014114856719970703, 0.01265573501586914, 0.009037256240844727, 0.011555910110473633