{'Max_spout': 1, 'Spliters': 6, 'Counters': 18}, {'Max_spout': 1, 'Spliters': 1, 'Counters': 18}, {'Max_spout': 1, 'Spliters': 6, 'Counters': 12}, {'Max_spout': 1, 'Spliters': 1, 'Counters': 1}, {'Max_spout': 1, 'Spliters': 1, 'Counters': 1}, {'Max_spout': 1, 'Spliters': 1, 'Counters': 18}, {'Max_spout': 1, 'Spliters': 1, 'Counters': 18}, {'Max_spout': 1, 'Spliters': 1, 'Counters': 1}, {'Max_spout': 1, 'Spliters': 1, 'Counters': 18}, {'Max_spout': 1, 'Spliters': 6, 'Counters': 1}, {'Max_spout': 1, 'Spliters': 1, 'Counters': 3}, {'Max_spout': 1, 'Spliters': 2, 'Counters': 1}, {'Max_spout': 1, 'Spliters': 1, 'Counters': 18}, {'Max_spout': 1, 'Spliters': 1, 'Counters': 6}, {'Max_spout': 1, 'Spliters': 1, 'Counters': 3}, {'Max_spout': 1, 'Spliters': 1, 'Counters': 1}, {'Max_spout': 1, 'Spliters': 1, 'Counters': 18}, {'Max_spout': 1, 'Spliters': 1, 'Counters': 1}, {'Max_spout': 1, 'Spliters': 1, 'Counters': 18}, {'Max_spout': 1, 'Spliters': 6, 'Counters': 1}
0.010017821857759856, 0.0015707897696077134, 0.012412175235545064, 0.004807791117257254, 0.004807791117257254, 0.0015707897696077134, 0.0015707897696077134, 0.004807791117257254, 0.0015707897696077134, 0.015315934267586241, 0.0034219728532295193, 0.0034219728532295193, 0.0015707897696077134, 0.0033617837125249194, 0.0034219728532295193, 0.004807791117257254, 0.0015707897696077134, 0.004807791117257254, 0.0015707897696077134, 0.015315934267586241
0.028313636779785156, 0.029918670654296875, 0.032964468002319336, 0.02768731117248535, 0.031154632568359375, 0.03140902519226074, 0.027833938598632812, 0.02846670150756836, 0.028200626373291016, 0.031158924102783203, 0.027394533157348633, 0.02619791030883789, 0.02714681625366211, 0.03194999694824219, 0.02507185935974121, 0.025484561920166016, 0.023567676544189453, 0.029349327087402344, 0.03214120864868164, 0.034018516540527344