{'Max_spout': 1, 'Spliters': 6, 'Counters': 18}, {'Max_spout': 1, 'Spliters': 1, 'Counters': 18}, {'Max_spout': 1, 'Spliters': 6, 'Counters': 12}, {'Max_spout': 1, 'Spliters': 1, 'Counters': 1}, {'Max_spout': 1, 'Spliters': 6, 'Counters': 1}, {'Max_spout': 1, 'Spliters': 1, 'Counters': 18}, {'Max_spout': 1, 'Spliters': 1, 'Counters': 18}, {'Max_spout': 1, 'Spliters': 1, 'Counters': 1}, {'Max_spout': 1, 'Spliters': 1, 'Counters': 1}, {'Max_spout': 1, 'Spliters': 6, 'Counters': 1}, {'Max_spout': 1, 'Spliters': 1, 'Counters': 3}, {'Max_spout': 1, 'Spliters': 2, 'Counters': 1}, {'Max_spout': 1, 'Spliters': 1, 'Counters': 18}, {'Max_spout': 1, 'Spliters': 1, 'Counters': 6}, {'Max_spout': 1, 'Spliters': 1, 'Counters': 3}, {'Max_spout': 1, 'Spliters': 1, 'Counters': 1}, {'Max_spout': 1, 'Spliters': 1, 'Counters': 18}, {'Max_spout': 1, 'Spliters': 1, 'Counters': 1}, {'Max_spout': 1, 'Spliters': 1, 'Counters': 18}, {'Max_spout': 1, 'Spliters': 6, 'Counters': 1}
0.010017821857759856, 0.0015707897696077134, 0.012412175235545064, 0.004807791117257254, 0.015315934267586241, 0.0015707897696077134, 0.0015707897696077134, 0.004807791117257254, 0.004807791117257254, 0.015315934267586241, 0.0034219728532295193, 0.0034219728532295193, 0.0015707897696077134, 0.0033617837125249194, 0.0034219728532295193, 0.004807791117257254, 0.0015707897696077134, 0.004807791117257254, 0.0015707897696077134, 0.015315934267586241
0.02455925941467285, 0.02178049087524414, 0.02353382110595703, 0.02215433120727539, 0.02501821517944336, 0.024183034896850586, 0.027962923049926758, 0.0298919677734375, 0.025746583938598633, 0.021467924118041992, 0.02390289306640625, 0.02517223358154297, 0.025414705276489258, 0.031000375747680664, 0.025401830673217773, 0.023526668548583984, 0.024193525314331055, 0.02227306365966797, 0.021906137466430664, 0.026946067810058594