{'Max_spout': 10, 'Spliters': 2, 'Counters': 6}, {'Max_spout': 10, 'Spliters': 6, 'Counters': 1}, {'Max_spout': 1, 'Spliters': 6, 'Counters': 12}, {'Max_spout': 1, 'Spliters': 1, 'Counters': 1}, {'Max_spout': 10, 'Spliters': 6, 'Counters': 18}, {'Max_spout': 1, 'Spliters': 6, 'Counters': 1}, {'Max_spout': 10, 'Spliters': 1, 'Counters': 1}, {'Max_spout': 100000.0, 'Spliters': 3, 'Counters': 15}, {'Max_spout': 1, 'Spliters': 1, 'Counters': 1}, {'Max_spout': 100000.0, 'Spliters': 3, 'Counters': 6}, {'Max_spout': 1, 'Spliters': 1, 'Counters': 3}, {'Max_spout': 1, 'Spliters': 2, 'Counters': 1}, {'Max_spout': 10, 'Spliters': 1, 'Counters': 1}, {'Max_spout': 1, 'Spliters': 1, 'Counters': 6}, {'Max_spout': 1, 'Spliters': 1, 'Counters': 3}, {'Max_spout': 1, 'Spliters': 6, 'Counters': 9}, {'Max_spout': 1, 'Spliters': 6, 'Counters': 1}, {'Max_spout': 10, 'Spliters': 6, 'Counters': 18}, {'Max_spout': 100, 'Spliters': 1, 'Counters': 15}, {'Max_spout': 10000, 'Spliters': 3, 'Counters': 6}
0.22529777893815472, 0.06051477221187367, 0.010963888289174847, 0.0023531105074919532, 0.22951530274959125, 0.014498574912093084, 0.05876918596769578, 0.25948984698087224, 0.0023531105074919532, 0.2246450669197181, 0.0019296845057882198, 0.001904580197386812, 0.05876918596769578, 0.0032401294043416973, 0.0019296845057882198, 0.009792353897109146, 0.014498574912093084, 0.22951530274959125, 0.23267844560816864, 0.2014152135456154
0.009889364242553711, 0.007266044616699219, 0.008663654327392578, 0.007138729095458984, 0.007337331771850586, 0.00670623779296875, 0.006747722625732422, 0.007085323333740234, 0.0069234371185302734, 0.0070056915283203125, 0.008657217025756836, 0.00772857666015625, 0.00797414779663086, 0.0070078372955322266, 0.007773399353027344, 0.007011890411376953, 0.007088899612426758, 0.007149219512939453, 0.007188081741333008, 0.007216453552246094