{'Max_spout': 1, 'Spliters': 6, 'Counters': 18}, {'Max_spout': 1, 'Spliters': 1, 'Counters': 3}, {'Max_spout': 1, 'Spliters': 6, 'Counters': 12}, {'Max_spout': 1, 'Spliters': 2, 'Counters': 1}, {'Max_spout': 1, 'Spliters': 1, 'Counters': 1}, {'Max_spout': 1, 'Spliters': 1, 'Counters': 18}, {'Max_spout': 1, 'Spliters': 1, 'Counters': 3}, {'Max_spout': 1, 'Spliters': 2, 'Counters': 1}, {'Max_spout': 1, 'Spliters': 1, 'Counters': 18}, {'Max_spout': 1, 'Spliters': 6, 'Counters': 18}, {'Max_spout': 1, 'Spliters': 2, 'Counters': 1}, {'Max_spout': 1, 'Spliters': 2, 'Counters': 1}, {'Max_spout': 1, 'Spliters': 1, 'Counters': 18}, {'Max_spout': 1, 'Spliters': 1, 'Counters': 18}, {'Max_spout': 1, 'Spliters': 2, 'Counters': 1}, {'Max_spout': 1, 'Spliters': 1, 'Counters': 1}, {'Max_spout': 1, 'Spliters': 1, 'Counters': 18}, {'Max_spout': 1, 'Spliters': 2, 'Counters': 1}, {'Max_spout': 1, 'Spliters': 1, 'Counters': 1}, {'Max_spout': 1, 'Spliters': 2, 'Counters': 1}
0.01203333182707483, 0.0019296845057882198, 0.010963888289174847, 0.001904580197386812, 0.0023531105074919532, 0.0019564624347497123, 0.0019296845057882198, 0.001904580197386812, 0.0019564624347497123, 0.01203333182707483, 0.001904580197386812, 0.001904580197386812, 0.0019564624347497123, 0.0019564624347497123, 0.001904580197386812, 0.0023531105074919532, 0.0019564624347497123, 0.001904580197386812, 0.0023531105074919532, 0.001904580197386812
0.06149148941040039, 0.05603790283203125, 0.056475162506103516, 0.05527758598327637, 0.055310964584350586, 0.05743575096130371, 0.05891108512878418, 0.06228780746459961, 0.05859375, 0.05835533142089844, 0.05908656120300293, 0.058142662048339844, 0.05616641044616699, 0.058643341064453125, 0.05642843246459961, 0.05734705924987793, 0.056142568588256836, 0.05612635612487793, 0.055500030517578125, 0.05589795112609863