{'Max_spout': 1, 'Spliters': 6, 'Counters': 18}, {'Max_spout': 1, 'Spliters': 1, 'Counters': 18}, {'Max_spout': 1, 'Spliters': 6, 'Counters': 12}, {'Max_spout': 1, 'Spliters': 1, 'Counters': 1}, {'Max_spout': 1, 'Spliters': 1, 'Counters': 1}, {'Max_spout': 1, 'Spliters': 1, 'Counters': 18}, {'Max_spout': 1, 'Spliters': 1, 'Counters': 1}, {'Max_spout': 1, 'Spliters': 1, 'Counters': 1}, {'Max_spout': 1, 'Spliters': 1, 'Counters': 18}, {'Max_spout': 1, 'Spliters': 6, 'Counters': 1}, {'Max_spout': 1, 'Spliters': 1, 'Counters': 3}, {'Max_spout': 1, 'Spliters': 2, 'Counters': 1}, {'Max_spout': 1, 'Spliters': 1, 'Counters': 18}, {'Max_spout': 1, 'Spliters': 1, 'Counters': 1}, {'Max_spout': 1, 'Spliters': 1, 'Counters': 3}, {'Max_spout': 1, 'Spliters': 1, 'Counters': 1}, {'Max_spout': 1, 'Spliters': 1, 'Counters': 18}, {'Max_spout': 1, 'Spliters': 1, 'Counters': 1}, {'Max_spout': 1, 'Spliters': 1, 'Counters': 1}, {'Max_spout': 1, 'Spliters': 1, 'Counters': 18}
0.01203333182707483, 0.0019564624347497123, 0.010963888289174847, 0.0023531105074919532, 0.0023531105074919532, 0.0019564624347497123, 0.0023531105074919532, 0.0023531105074919532, 0.0019564624347497123, 0.014498574912093084, 0.0019296845057882198, 0.001904580197386812, 0.0019564624347497123, 0.0023531105074919532, 0.0019296845057882198, 0.0023531105074919532, 0.0019564624347497123, 0.0023531105074919532, 0.0023531105074919532, 0.0019564624347497123
0.02761387825012207, 0.028025150299072266, 0.02827930450439453, 0.0279695987701416, 0.031094074249267578, 0.026872873306274414, 0.028124570846557617, 0.028232574462890625, 0.030444860458374023, 0.04003190994262695, 0.028807878494262695, 0.02324819564819336, 0.02872300148010254, 0.03382110595703125, 0.027929067611694336, 0.02394247055053711, 0.025304079055786133, 0.02716970443725586, 0.03220081329345703, 0.029949188232421875