{'Max_spout': 1, 'Spliters': 6, 'Counters': 18}, {'Max_spout': 1, 'Spliters': 6, 'Counters': 18}, {'Max_spout': 1, 'Spliters': 6, 'Counters': 12}, {'Max_spout': 1, 'Spliters': 1, 'Counters': 1}, {'Max_spout': 1, 'Spliters': 1, 'Counters': 1}, {'Max_spout': 1, 'Spliters': 1, 'Counters': 18}, {'Max_spout': 1, 'Spliters': 1, 'Counters': 1}, {'Max_spout': 1, 'Spliters': 6, 'Counters': 1}, {'Max_spout': 1, 'Spliters': 1, 'Counters': 1}, {'Max_spout': 1, 'Spliters': 6, 'Counters': 1}, {'Max_spout': 1, 'Spliters': 1, 'Counters': 3}, {'Max_spout': 1, 'Spliters': 2, 'Counters': 1}, {'Max_spout': 1, 'Spliters': 1, 'Counters': 18}, {'Max_spout': 1, 'Spliters': 1, 'Counters': 6}, {'Max_spout': 1, 'Spliters': 1, 'Counters': 3}, {'Max_spout': 1, 'Spliters': 1, 'Counters': 1}, {'Max_spout': 1, 'Spliters': 1, 'Counters': 18}, {'Max_spout': 1, 'Spliters': 1, 'Counters': 1}, {'Max_spout': 1, 'Spliters': 1, 'Counters': 1}, {'Max_spout': 1, 'Spliters': 1, 'Counters': 18}
0.01203333182707483, 0.01203333182707483, 0.010963888289174847, 0.0023531105074919532, 0.0023531105074919532, 0.0019564624347497123, 0.0023531105074919532, 0.014498574912093084, 0.0023531105074919532, 0.014498574912093084, 0.0019296845057882198, 0.001904580197386812, 0.0019564624347497123, 0.0032401294043416973, 0.0019296845057882198, 0.0023531105074919532, 0.0019564624347497123, 0.0023531105074919532, 0.0023531105074919532, 0.0019564624347497123
0.015164375305175781, 0.010974645614624023, 0.011064529418945312, 0.011166095733642578, 0.015194416046142578, 0.011150121688842773, 0.010601520538330078, 0.012253761291503906, 0.010792255401611328, 0.012375116348266602, 0.010584831237792969, 0.01070713996887207, 0.011035680770874023, 0.012338876724243164, 0.01022481918334961, 0.01199960708618164, 0.010653495788574219, 0.010990619659423828, 0.012368440628051758, 0.010585546493530273