{'Max_spout': 10, 'Spliters': 2, 'Counters': 6}, {'Max_spout': 10, 'Spliters': 6, 'Counters': 1}, {'Max_spout': 1, 'Spliters': 6, 'Counters': 12}, {'Max_spout': 1, 'Spliters': 1, 'Counters': 1}, {'Max_spout': 100, 'Spliters': 1, 'Counters': 6}, {'Max_spout': 1, 'Spliters': 6, 'Counters': 1}, {'Max_spout': 10, 'Spliters': 6, 'Counters': 1}, {'Max_spout': 100000.0, 'Spliters': 3, 'Counters': 15}, {'Max_spout': 1, 'Spliters': 1, 'Counters': 1}, {'Max_spout': 100000.0, 'Spliters': 3, 'Counters': 6}, {'Max_spout': 1, 'Spliters': 1, 'Counters': 3}, {'Max_spout': 1, 'Spliters': 2, 'Counters': 18}, {'Max_spout': 10, 'Spliters': 1, 'Counters': 1}, {'Max_spout': 1, 'Spliters': 1, 'Counters': 6}, {'Max_spout': 1, 'Spliters': 1, 'Counters': 3}, {'Max_spout': 1, 'Spliters': 6, 'Counters': 9}, {'Max_spout': 1, 'Spliters': 6, 'Counters': 1}, {'Max_spout': 10, 'Spliters': 6, 'Counters': 18}, {'Max_spout': 100, 'Spliters': 1, 'Counters': 15}, {'Max_spout': 10, 'Spliters': 3, 'Counters': 9}
0.2343692409164096, 0.05755042128201646, 0.014659191578239477, 0.004705878549212082, 0.23116840287881432, 0.015195897754240302, 0.05755042128201646, 0.27429888714297723, 0.004705878549212082, 0.23039244214242757, 0.0031668897553783866, 0.004397110839524853, 0.06889723046680506, 0.0020255808389428856, 0.0031668897553783866, 0.014997057815541196, 0.015195897754240302, 0.23304364132508226, 0.2572115850937942, 0.21333747179059404
0.014922142028808594, 0.014135122299194336, 0.011880636215209961, 0.01055598258972168, 0.015624284744262695, 0.01127004623413086, 0.011487722396850586, 0.009804964065551758, 0.014117956161499023, 0.010944366455078125, 0.010611772537231445, 0.011509418487548828, 0.015303850173950195, 0.011389970779418945, 0.013650178909301758, 0.011200428009033203, 0.011422157287597656, 0.009400367736816406, 0.01395273208618164, 0.010652780532836914