{'Max_spout': 1, 'Spliters': 6, 'Counters': 18}, {'Max_spout': 1, 'Spliters': 6, 'Counters': 18}, {'Max_spout': 1, 'Spliters': 6, 'Counters': 12}, {'Max_spout': 1, 'Spliters': 1, 'Counters': 1}, {'Max_spout': 1, 'Spliters': 1, 'Counters': 1}, {'Max_spout': 1, 'Spliters': 1, 'Counters': 18}, {'Max_spout': 1, 'Spliters': 6, 'Counters': 18}, {'Max_spout': 1, 'Spliters': 6, 'Counters': 1}, {'Max_spout': 1, 'Spliters': 1, 'Counters': 1}, {'Max_spout': 1, 'Spliters': 6, 'Counters': 1}, {'Max_spout': 1, 'Spliters': 1, 'Counters': 3}, {'Max_spout': 1, 'Spliters': 1, 'Counters': 18}, {'Max_spout': 1, 'Spliters': 1, 'Counters': 18}, {'Max_spout': 1, 'Spliters': 1, 'Counters': 6}, {'Max_spout': 1, 'Spliters': 1, 'Counters': 3}, {'Max_spout': 1, 'Spliters': 1, 'Counters': 1}, {'Max_spout': 1, 'Spliters': 1, 'Counters': 18}, {'Max_spout': 1, 'Spliters': 1, 'Counters': 1}, {'Max_spout': 1, 'Spliters': 1, 'Counters': 1}, {'Max_spout': 1, 'Spliters': 6, 'Counters': 1}
0.011702457855632514, 0.011702457855632514, 0.014659191578239477, 0.004705878549212082, 0.004705878549212082, 0.0, 0.011702457855632514, 0.015195897754240302, 0.004705878549212082, 0.015195897754240302, 0.0031668897553783866, 0.0, 0.0, 0.0020255808389428856, 0.0031668897553783866, 0.004705878549212082, 0.0, 0.004705878549212082, 0.004705878549212082, 0.015195897754240302
0.017388343811035156, 0.020791292190551758, 0.018735647201538086, 0.02081298828125, 0.0188443660736084, 0.019850730895996094, 0.028649091720581055, 0.02358698844909668, 0.02317190170288086, 0.02985668182373047, 0.014981508255004883, 0.009160280227661133, 0.010331392288208008, 0.01164102554321289, 0.008910179138183594, 0.01405787467956543, 0.009311676025390625, 0.014142274856567383, 0.011199951171875, 0.0118408203125