{'Max_spout': 1, 'Spliters': 6, 'Counters': 18}, {'Max_spout': 1, 'Spliters': 1, 'Counters': 18}, {'Max_spout': 1, 'Spliters': 6, 'Counters': 12}, {'Max_spout': 1, 'Spliters': 1, 'Counters': 1}, {'Max_spout': 1, 'Spliters': 1, 'Counters': 1}, {'Max_spout': 1, 'Spliters': 1, 'Counters': 18}, {'Max_spout': 1, 'Spliters': 1, 'Counters': 18}, {'Max_spout': 1, 'Spliters': 1, 'Counters': 1}, {'Max_spout': 1, 'Spliters': 1, 'Counters': 1}, {'Max_spout': 1, 'Spliters': 6, 'Counters': 1}, {'Max_spout': 1, 'Spliters': 1, 'Counters': 3}, {'Max_spout': 1, 'Spliters': 1, 'Counters': 18}, {'Max_spout': 1, 'Spliters': 1, 'Counters': 18}, {'Max_spout': 1, 'Spliters': 1, 'Counters': 6}, {'Max_spout': 1, 'Spliters': 1, 'Counters': 3}, {'Max_spout': 1, 'Spliters': 1, 'Counters': 1}, {'Max_spout': 1, 'Spliters': 1, 'Counters': 18}, {'Max_spout': 1, 'Spliters': 1, 'Counters': 1}, {'Max_spout': 1, 'Spliters': 1, 'Counters': 1}, {'Max_spout': 1, 'Spliters': 6, 'Counters': 18}
0.011702457855632514, 0.0, 0.014659191578239477, 0.004705878549212082, 0.004705878549212082, 0.0, 0.0, 0.004705878549212082, 0.004705878549212082, 0.015195897754240302, 0.0031668897553783866, 0.0, 0.0, 0.0020255808389428856, 0.0031668897553783866, 0.004705878549212082, 0.0, 0.004705878549212082, 0.004705878549212082, 0.011702457855632514
0.033086299896240234, 0.020208358764648438, 0.017055034637451172, 0.019761323928833008, 0.02084970474243164, 0.017664432525634766, 0.017238378524780273, 0.02610158920288086, 0.021272897720336914, 0.018863439559936523, 0.020873546600341797, 0.018729209899902344, 0.02100515365600586, 0.019155502319335938, 0.020941495895385742, 0.018691301345825195, 0.02168416976928711, 0.01883697509765625, 0.015949487686157227, 0.01872420310974121