{
  "optimizer": "EZR",
  "dataset": "xomo_osp2",
  "checkpoint": 8,
  "seed": 1,
  "runtime_seconds": 0.009295463562011719,
  "best_value": 0.17155162053569833,
  "n_evaluations": 4,
  "start_timestamp": 1770795328.3251052,
  "end_timestamp": 1770795328.3344011,
  "evaluation_history": [
    {
      "config": {
        "DATA": 2.31,
        "AAX": 2.545,
        "ACAP": 2.747,
        "AEXP": 2.094,
        "BX": 6.455,
        "CPLx": 5.369,
        "DOCU": 2.22,
        "ETAT": 2.078,
        "FLEx": 3.736,
        "KLOC": 105.909,
        "LTEx": 3.615,
        "PCAP": 3.0,
        "PCON": 2.504,
        "PLEx": 3.0,
        "PMAT": 1.001,
        "PRX": 4.281,
        "PREC": 1.614,
        "PVOL": 2.0,
        "RELY": 5.0,
        "RESL": 2.094,
        "RUSE": 2.684,
        "SCED": 2.129,
        "SITE": 3.0,
        "STOR": 4.395
      },
      "objectives": [
        2.64,
        4.654,
        2.973,
        564.883
      ],
      "iteration": 1,
      "timestamp": 0.009204864501953125
    },
    {
      "config": {
        "DATA": 2.731,
        "AAX": 2.203,
        "ACAP": 2.23,
        "AEXP": 2.875,
        "BX": 6.216,
        "CPLx": 5.394,
        "DOCU": 2.094,
        "ETAT": 4.156,
        "FLEx": 4.927,
        "KLOC": 84.651,
        "LTEx": 3.209,
        "PCAP": 3.0,
        "PCON": 2.011,
        "PLEx": 3.0,
        "PMAT": 2.954,
        "PRX": 2.92,
        "PREC": 1.174,
        "PVOL": 2.0,
        "RELY": 5.0,
        "RESL": 1.05,
        "RUSE": 3.148,
        "SCED": 1.504,
        "SITE": 3.0,
        "STOR": 3.05
      },
      "objectives": [
        2.441,
        4.696,
        2.625,
        894.471
      ],
      "iteration": 2,
      "timestamp": 0.009211301803588867
    },
    {
      "config": {
        "DATA": 2.526,
        "AAX": 1.862,
        "ACAP": 2.352,
        "AEXP": 2.37,
        "BX": 3.529,
        "CPLx": 5.111,
        "DOCU": 2.152,
        "ETAT": 3.023,
        "FLEx": 2.776,
        "KLOC": 109.512,
        "LTEx": 2.637,
        "PCAP": 3.0,
        "PCON": 2.78,
        "PLEx": 3.0,
        "PMAT": 3.94,
        "PRX": 2.365,
        "PREC": 1.641,
        "PVOL": 2.0,
        "RELY": 5.0,
        "RESL": 1.275,
        "RUSE": 2.938,
        "SCED": 2.983,
        "SITE": 3.0,
        "STOR": 3.233
      },
      "objectives": [
        2.536,
        3.26,
        2.775,
        531.836
      ],
      "iteration": 3,
      "timestamp": 0.009214639663696289
    },
    {
      "config": {
        "DATA": 3.663,
        "AAX": 5.512,
        "ACAP": 2.593,
        "AEXP": 2.631,
        "BX": 7.484,
        "CPLx": 5.404,
        "DOCU": 2.071,
        "ETAT": 1.918,
        "FLEx": 3.653,
        "KLOC": 121.244,
        "LTEx": 3.082,
        "PCAP": 3.0,
        "PCON": 2.675,
        "PLEx": 3.0,
        "PMAT": 1.889,
        "PRX": 3.479,
        "PREC": 1.557,
        "PVOL": 2.0,
        "RELY": 5.0,
        "RESL": 1.714,
        "RUSE": 3.008,
        "SCED": 2.502,
        "SITE": 3.0,
        "STOR": 3.157
      },
      "objectives": [
        2.825,
        3.097,
        2.422,
        738.085
      ],
      "iteration": 4,
      "timestamp": 0.009217262268066406
    }
  ],
  "cluster_centroids": [
    {
      "DATA": 2.526,
      "AAX": 1.862,
      "ACAP": 2.352,
      "AEXP": 2.37,
      "BX": 3.529,
      "CPLx": 5.111,
      "DOCU": 2.152,
      "ETAT": 3.023,
      "FLEx": 2.776,
      "KLOC": 109.512,
      "LTEx": 2.637,
      "PCAP": 3.0,
      "PCON": 2.78,
      "PLEx": 3.0,
      "PMAT": 3.94,
      "PRX": 2.365,
      "PREC": 1.641,
      "PVOL": 2.0,
      "RELY": 5.0,
      "RESL": 1.275,
      "RUSE": 2.938,
      "SCED": 2.983,
      "SITE": 3.0,
      "STOR": 3.233
    },
    {
      "DATA": 2.31,
      "AAX": 2.545,
      "ACAP": 2.747,
      "AEXP": 2.094,
      "BX": 6.455,
      "CPLx": 5.369,
      "DOCU": 2.22,
      "ETAT": 2.078,
      "FLEx": 3.736,
      "KLOC": 105.909,
      "LTEx": 3.615,
      "PCAP": 3.0,
      "PCON": 2.504,
      "PLEx": 3.0,
      "PMAT": 1.001,
      "PRX": 4.281,
      "PREC": 1.614,
      "PVOL": 2.0,
      "RELY": 5.0,
      "RESL": 2.094,
      "RUSE": 2.684,
      "SCED": 2.129,
      "SITE": 3.0,
      "STOR": 4.395
    }
  ]
}