{
  "optimizer": "EZR",
  "dataset": "xomo_ground",
  "checkpoint": 8,
  "seed": 1,
  "runtime_seconds": 0.01205301284790039,
  "best_value": 0.1732137348563298,
  "n_evaluations": 4,
  "start_timestamp": 1770795316.444697,
  "end_timestamp": 1770795316.4567502,
  "evaluation_history": [
    {
      "config": {
        "DATA": 2.27,
        "AAX": 5.023,
        "ACAP": 3.796,
        "AEXP": 3.808,
        "BX": 8.94,
        "CPLx": 2.385,
        "DOCU": 3.611,
        "ETAT": 2.026,
        "FLEx": 2.905,
        "KLOC": 263.968,
        "LTEx": 1.052,
        "PCAP": 4.561,
        "PCON": 2.849,
        "PLEx": 3.503,
        "PMAT": 2.319,
        "PRX": 4.949,
        "PREC": 4.467,
        "PVOL": 4.276,
        "RELY": 3.618,
        "RESL": 3.344,
        "RUSE": 2.491,
        "SCED": 3.0,
        "SITE": 1.711,
        "STOR": 3.414
      },
      "objectives": [
        3.051,
        3.051,
        2.0,
        828.793
      ],
      "iteration": 1,
      "timestamp": 0.011959552764892578
    },
    {
      "config": {
        "DATA": 2.645,
        "AAX": 2.198,
        "ACAP": 4.561,
        "AEXP": 4.39,
        "BX": 9.928,
        "CPLx": 1.758,
        "DOCU": 3.798,
        "ETAT": 1.554,
        "FLEx": 4.896,
        "KLOC": 212.838,
        "LTEx": 1.686,
        "PCAP": 4.99,
        "PCON": 4.84,
        "PLEx": 3.837,
        "PMAT": 2.046,
        "PRX": 3.01,
        "PREC": 4.682,
        "PVOL": 4.455,
        "RELY": 2.998,
        "RESL": 1.135,
        "RUSE": 4.581,
        "SCED": 3.0,
        "SITE": 3.322,
        "STOR": 3.373
      },
      "objectives": [
        4.36,
        3.079,
        2.0,
        357.301
      ],
      "iteration": 2,
      "timestamp": 0.011966228485107422
    },
    {
      "config": {
        "DATA": 4.607,
        "AAX": 1.521,
        "ACAP": 4.207,
        "AEXP": 3.363,
        "BX": 3.137,
        "CPLx": 3.086,
        "DOCU": 4.887,
        "ETAT": 2.291,
        "FLEx": 3.401,
        "KLOC": 366.5,
        "LTEx": 1.208,
        "PCAP": 4.393,
        "PCON": 4.324,
        "PLEx": 3.699,
        "PMAT": 2.272,
        "PRX": 1.965,
        "PREC": 3.173,
        "PVOL": 3.037,
        "RELY": 3.008,
        "RESL": 3.165,
        "RUSE": 2.059,
        "SCED": 3.0,
        "SITE": 4.604,
        "STOR": 3.442
      },
      "objectives": [
        3.959,
        3.307,
        2.0,
        1010.623
      ],
      "iteration": 3,
      "timestamp": 0.011970281600952148
    },
    {
      "config": {
        "DATA": 3.431,
        "AAX": 3.782,
        "ACAP": 3.428,
        "AEXP": 2.379,
        "BX": 5.766,
        "CPLx": 2.029,
        "DOCU": 1.951,
        "ETAT": 4.348,
        "FLEx": 2.671,
        "KLOC": 274.47,
        "LTEx": 1.058,
        "PCAP": 3.005,
        "PCON": 1.129,
        "PLEx": 3.2,
        "PMAT": 2.404,
        "PRX": 2.492,
        "PREC": 3.617,
        "PVOL": 4.764,
        "RELY": 3.723,
        "RESL": 4.358,
        "RUSE": 3.409,
        "SCED": 3.0,
        "SITE": 1.821,
        "STOR": 3.147
      },
      "objectives": [
        3.422,
        3.529,
        2.0,
        1365.77
      ],
      "iteration": 4,
      "timestamp": 0.011974096298217773
    }
  ],
  "cluster_centroids": [
    {
      "DATA": 4.048,
      "AAX": 1.578,
      "ACAP": 3.57,
      "AEXP": 2.096,
      "BX": 5.71,
      "CPLx": 3.292,
      "DOCU": 1.187,
      "ETAT": 3.066,
      "FLEx": 4.695,
      "KLOC": 105.024,
      "LTEx": 1.437,
      "PCAP": 4.902,
      "PCON": 1.135,
      "PLEx": 2.757,
      "PMAT": 2.371,
      "PRX": 1.779,
      "PREC": 3.103,
      "PVOL": 2.825,
      "RELY": 3.306,
      "RESL": 2.597,
      "RUSE": 4.698,
      "SCED": 3.0,
      "SITE": 3.841,
      "STOR": 3.072
    },
    {
      "DATA": 2.27,
      "AAX": 5.023,
      "ACAP": 3.796,
      "AEXP": 3.808,
      "BX": 8.94,
      "CPLx": 2.385,
      "DOCU": 3.611,
      "ETAT": 2.026,
      "FLEx": 2.905,
      "KLOC": 263.968,
      "LTEx": 1.052,
      "PCAP": 4.561,
      "PCON": 2.849,
      "PLEx": 3.503,
      "PMAT": 2.319,
      "PRX": 4.949,
      "PREC": 4.467,
      "PVOL": 4.276,
      "RELY": 3.618,
      "RESL": 3.344,
      "RUSE": 2.491,
      "SCED": 3.0,
      "SITE": 1.711,
      "STOR": 3.414
    }
  ]
}