{
  "optimizer": "EZR",
  "dataset": "xomo_ground",
  "checkpoint": 8,
  "seed": 2,
  "runtime_seconds": 0.009570121765136719,
  "best_value": 0.22339754047378738,
  "n_evaluations": 4,
  "start_timestamp": 1770795317.835513,
  "end_timestamp": 1770795317.8450835,
  "evaluation_history": [
    {
      "config": {
        "DATA": 2.818,
        "AAX": 5.072,
        "ACAP": 3.964,
        "AEXP": 3.509,
        "BX": 7.437,
        "CPLx": 3.575,
        "DOCU": 2.522,
        "ETAT": 4.825,
        "FLEx": 3.705,
        "KLOC": 370.018,
        "LTEx": 2.925,
        "PCAP": 3.453,
        "PCON": 1.822,
        "PLEx": 1.412,
        "PMAT": 2.028,
        "PRX": 2.051,
        "PREC": 3.373,
        "PVOL": 4.776,
        "RELY": 2.138,
        "RESL": 3.038,
        "RUSE": 3.749,
        "SCED": 3.0,
        "SITE": 4.313,
        "STOR": 3.343
      },
      "objectives": [
        1.359,
        3.506,
        2.0,
        2039.597
      ],
      "iteration": 1,
      "timestamp": 0.009481430053710938
    },
    {
      "config": {
        "DATA": 4.259,
        "AAX": 2.213,
        "ACAP": 3.402,
        "AEXP": 2.998,
        "BX": 8.38,
        "CPLx": 1.227,
        "DOCU": 2.276,
        "ETAT": 2.533,
        "FLEx": 2.699,
        "KLOC": 97.874,
        "LTEx": 2.752,
        "PCAP": 4.937,
        "PCON": 3.361,
        "PLEx": 2.284,
        "PMAT": 2.898,
        "PRX": 1.461,
        "PREC": 2.255,
        "PVOL": 2.871,
        "RELY": 3.184,
        "RESL": 3.569,
        "RUSE": 4.978,
        "SCED": 3.0,
        "SITE": 3.461,
        "STOR": 3.803
      },
      "objectives": [
        1.377,
        3.69,
        2.0,
        436.971
      ],
      "iteration": 2,
      "timestamp": 0.00948786735534668
    },
    {
      "config": {
        "DATA": 3.339,
        "AAX": 3.727,
        "ACAP": 3.026,
        "AEXP": 2.246,
        "BX": 9.494,
        "CPLx": 3.491,
        "DOCU": 1.854,
        "ETAT": 1.106,
        "FLEx": 1.602,
        "KLOC": 128.999,
        "LTEx": 3.581,
        "PCAP": 4.29,
        "PCON": 3.879,
        "PLEx": 2.762,
        "PMAT": 2.914,
        "PRX": 3.085,
        "PREC": 3.097,
        "PVOL": 2.368,
        "RELY": 1.247,
        "RESL": 1.122,
        "RUSE": 2.437,
        "SCED": 3.0,
        "SITE": 3.323,
        "STOR": 3.216
      },
      "objectives": [
        1.039,
        3.702,
        2.0,
        351.08
      ],
      "iteration": 3,
      "timestamp": 0.009491443634033203
    },
    {
      "config": {
        "DATA": 4.972,
        "AAX": 5.918,
        "ACAP": 3.992,
        "AEXP": 3.11,
        "BX": 6.806,
        "CPLx": 2.252,
        "DOCU": 4.977,
        "ETAT": 2.784,
        "FLEx": 2.157,
        "KLOC": 266.627,
        "LTEx": 3.102,
        "PCAP": 4.936,
        "PCON": 4.572,
        "PLEx": 1.463,
        "PMAT": 2.816,
        "PRX": 2.198,
        "PREC": 2.277,
        "PVOL": 4.669,
        "RELY": 1.392,
        "RESL": 1.135,
        "RUSE": 4.337,
        "SCED": 3.0,
        "SITE": 3.064,
        "STOR": 3.966
      },
      "objectives": [
        2.854,
        3.027,
        2.0,
        1281.643
      ],
      "iteration": 4,
      "timestamp": 0.009494543075561523
    }
  ],
  "cluster_centroids": [
    {
      "DATA": 4.259,
      "AAX": 2.213,
      "ACAP": 3.402,
      "AEXP": 2.998,
      "BX": 8.38,
      "CPLx": 1.227,
      "DOCU": 2.276,
      "ETAT": 2.533,
      "FLEx": 2.699,
      "KLOC": 97.874,
      "LTEx": 2.752,
      "PCAP": 4.937,
      "PCON": 3.361,
      "PLEx": 2.284,
      "PMAT": 2.898,
      "PRX": 1.461,
      "PREC": 2.255,
      "PVOL": 2.871,
      "RELY": 3.184,
      "RESL": 3.569,
      "RUSE": 4.978,
      "SCED": 3.0,
      "SITE": 3.461,
      "STOR": 3.803
    },
    {
      "DATA": 3.101,
      "AAX": 4.289,
      "ACAP": 3.06,
      "AEXP": 4.874,
      "BX": 8.732,
      "CPLx": 3.456,
      "DOCU": 2.875,
      "ETAT": 4.917,
      "FLEx": 2.46,
      "KLOC": 191.685,
      "LTEx": 3.726,
      "PCAP": 3.887,
      "PCON": 2.242,
      "PLEx": 1.01,
      "PMAT": 2.028,
      "PRX": 2.372,
      "PREC": 3.067,
      "PVOL": 4.537,
      "RELY": 1.483,
      "RESL": 2.488,
      "RUSE": 2.575,
      "SCED": 3.0,
      "SITE": 1.904,
      "STOR": 3.056
    }
  ]
}