{
  "optimizer": "EZR",
  "dataset": "xomo_osp2",
  "checkpoint": 8,
  "seed": 2,
  "runtime_seconds": 0.007822990417480469,
  "best_value": 0.1436942587031376,
  "n_evaluations": 4,
  "start_timestamp": 1770795329.7209532,
  "end_timestamp": 1770795329.7287765,
  "evaluation_history": [
    {
      "config": {
        "DATA": 3.891,
        "AAX": 5.264,
        "ACAP": 2.739,
        "AEXP": 2.925,
        "BX": 4.109,
        "CPLx": 5.35,
        "DOCU": 2.405,
        "ETAT": 1.537,
        "FLEx": 3.951,
        "KLOC": 95.932,
        "LTEx": 2.244,
        "PCAP": 3.0,
        "PCON": 2.191,
        "PLEx": 3.0,
        "PMAT": 1.359,
        "PRX": 5.496,
        "PREC": 1.555,
        "PVOL": 2.0,
        "RELY": 5.0,
        "RESL": 1.796,
        "RUSE": 2.871,
        "SCED": 2.609,
        "SITE": 3.0,
        "STOR": 3.163
      },
      "objectives": [
        2.21,
        3.092,
        2.263,
        754.012
      ],
      "iteration": 1,
      "timestamp": 0.007730960845947266
    },
    {
      "config": {
        "DATA": 3.784,
        "AAX": 2.42,
        "ACAP": 2.497,
        "AEXP": 2.214,
        "BX": 4.6,
        "CPLx": 5.551,
        "DOCU": 2.32,
        "ETAT": 4.798,
        "FLEx": 3.33,
        "KLOC": 97.38,
        "LTEx": 2.616,
        "PCAP": 3.0,
        "PCON": 2.205,
        "PLEx": 3.0,
        "PMAT": 2.857,
        "PRX": 3.064,
        "PREC": 1.372,
        "PVOL": 2.0,
        "RELY": 5.0,
        "RESL": 2.374,
        "RUSE": 3.382,
        "SCED": 1.486,
        "SITE": 3.0,
        "STOR": 4.597
      },
      "objectives": [
        2.28,
        3.613,
        2.17,
        957.073
      ],
      "iteration": 2,
      "timestamp": 0.007737398147583008
    },
    {
      "config": {
        "DATA": 4.078,
        "AAX": 4.411,
        "ACAP": 2.131,
        "AEXP": 2.611,
        "BX": 4.056,
        "CPLx": 5.919,
        "DOCU": 2.502,
        "ETAT": 2.918,
        "FLEx": 2.456,
        "KLOC": 84.959,
        "LTEx": 3.387,
        "PCAP": 3.0,
        "PCON": 2.315,
        "PLEx": 3.0,
        "PMAT": 2.788,
        "PRX": 3.351,
        "PREC": 1.765,
        "PVOL": 2.0,
        "RELY": 5.0,
        "RESL": 1.451,
        "RUSE": 3.754,
        "SCED": 1.92,
        "SITE": 3.0,
        "STOR": 3.36
      },
      "objectives": [
        2.723,
        5.216,
        2.727,
        770.922
      ],
      "iteration": 3,
      "timestamp": 0.007740974426269531
    },
    {
      "config": {
        "DATA": 4.03,
        "AAX": 5.463,
        "ACAP": 2.859,
        "AEXP": 2.512,
        "BX": 3.501,
        "CPLx": 5.244,
        "DOCU": 2.377,
        "ETAT": 1.847,
        "FLEx": 4.479,
        "KLOC": 86.975,
        "LTEx": 3.133,
        "PCAP": 3.0,
        "PCON": 2.234,
        "PLEx": 3.0,
        "PMAT": 3.62,
        "PRX": 4.121,
        "PREC": 1.019,
        "PVOL": 2.0,
        "RELY": 5.0,
        "RESL": 1.781,
        "RUSE": 2.587,
        "SCED": 2.66,
        "SITE": 3.0,
        "STOR": 4.386
      },
      "objectives": [
        2.69,
        3.169,
        2.804,
        639.783
      ],
      "iteration": 4,
      "timestamp": 0.0077440738677978516
    }
  ],
  "cluster_centroids": [
    {
      "DATA": 3.108,
      "AAX": 2.374,
      "ACAP": 2.734,
      "AEXP": 2.055,
      "BX": 9.19,
      "CPLx": 5.894,
      "DOCU": 2.47,
      "ETAT": 4.193,
      "FLEx": 2.768,
      "KLOC": 90.066,
      "LTEx": 3.99,
      "PCAP": 3.0,
      "PCON": 2.974,
      "PLEx": 3.0,
      "PMAT": 3.745,
      "PRX": 1.636,
      "PREC": 1.846,
      "PVOL": 2.0,
      "RELY": 5.0,
      "RESL": 1.338,
      "RUSE": 3.421,
      "SCED": 2.198,
      "SITE": 3.0,
      "STOR": 3.995
    },
    {
      "DATA": 4.03,
      "AAX": 5.463,
      "ACAP": 2.859,
      "AEXP": 2.512,
      "BX": 3.501,
      "CPLx": 5.244,
      "DOCU": 2.377,
      "ETAT": 1.847,
      "FLEx": 4.479,
      "KLOC": 86.975,
      "LTEx": 3.133,
      "PCAP": 3.0,
      "PCON": 2.234,
      "PLEx": 3.0,
      "PMAT": 3.62,
      "PRX": 4.121,
      "PREC": 1.019,
      "PVOL": 2.0,
      "RELY": 5.0,
      "RESL": 1.781,
      "RUSE": 2.587,
      "SCED": 2.66,
      "SITE": 3.0,
      "STOR": 4.386
    }
  ]
}