{'Clndrs': 4.0, 'Volume': 97.0, 'Model': 82.0, 'origin': 2.0}, {'Clndrs': 4.0, 'Volume': 97.0, 'Model': 82.0, 'origin': 2.0}, {'Clndrs': 4.0, 'Volume': 90.0, 'Model': 78.0, 'origin': 2.0}, {'Clndrs': 4.0, 'Volume': 97.0, 'Model': 82.0, 'origin': 2.0}, {'Clndrs': 4.0, 'Volume': 90.0, 'Model': 78.0, 'origin': 2.0}, {'Clndrs': 4.0, 'Volume': 97.0, 'Model': 82.0, 'origin': 2.0}, {'Clndrs': 4.0, 'Volume': 79.0, 'Model': 77.0, 'origin': 2.0}, {'Clndrs': 4.0, 'Volume': 85.0, 'Model': 81.0, 'origin': 3.0}, {'Clndrs': 4.0, 'Volume': 90.0, 'Model': 78.0, 'origin': 2.0}, {'Clndrs': 4.0, 'Volume': 97.0, 'Model': 82.0, 'origin': 2.0}, {'Clndrs': 4.0, 'Volume': 90.0, 'Model': 78.0, 'origin': 2.0}, {'Clndrs': 4.0, 'Volume': 97.0, 'Model': 82.0, 'origin': 2.0}, {'Clndrs': 4.0, 'Volume': 97.0, 'Model': 82.0, 'origin': 2.0}, {'Clndrs': 4.0, 'Volume': 79.0, 'Model': 77.0, 'origin': 2.0}, {'Clndrs': 4.0, 'Volume': 97.0, 'Model': 82.0, 'origin': 2.0}, {'Clndrs': 4.0, 'Volume': 97.0, 'Model': 82.0, 'origin': 2.0}, {'Clndrs': 4.0, 'Volume': 97.0, 'Model': 82.0, 'origin': 2.0}, {'Clndrs': 4.0, 'Volume': 97.0, 'Model': 82.0, 'origin': 2.0}, {'Clndrs': 4.0, 'Volume': 97.0, 'Model': 82.0, 'origin': 2.0}, {'Clndrs': 4.0, 'Volume': 97.0, 'Model': 82.0, 'origin': 2.0}
0.16745989117220028, 0.16745989117220028, 0.19339815732352839, 0.16745989117220028, 0.19339815732352839, 0.16745989117220028, 0.2596851205899111, 0.24245318422143292, 0.19339815732352839, 0.16745989117220028, 0.19339815732352839, 0.16745989117220028, 0.16745989117220028, 0.2596851205899111, 0.16745989117220028, 0.16745989117220028, 0.16745989117220028, 0.16745989117220028, 0.16745989117220028, 0.16745989117220028
0.6700458526611328, 0.41076207160949707, 0.3291816711425781, 0.4320693016052246, 0.35988831520080566, 0.3735768795013428, 0.3441617488861084, 0.34055042266845703, 0.3168830871582031, 0.339557409286499, 0.32033681869506836, 0.32729411125183105, 0.33351564407348633, 0.3736438751220703, 0.3215651512145996, 0.30080199241638184, 0.28432798385620117, 0.3621678352355957, 0.2783665657043457, 0.36397480964660645