{'Clndrs': 4.0, 'Volume': 98.0, 'Model': 82.0, 'origin': 1.0}, {'Clndrs': 4.0, 'Volume': 98.0, 'Model': 82.0, 'origin': 1.0}, {'Clndrs': 4.0, 'Volume': 90.0, 'Model': 78.0, 'origin': 2.0}, {'Clndrs': 4.0, 'Volume': 97.0, 'Model': 82.0, 'origin': 2.0}, {'Clndrs': 4.0, 'Volume': 97.0, 'Model': 81.0, 'origin': 3.0}, {'Clndrs': 4.0, 'Volume': 85.0, 'Model': 76.0, 'origin': 1.0}, {'Clndrs': 4.0, 'Volume': 85.0, 'Model': 76.0, 'origin': 1.0}, {'Clndrs': 4.0, 'Volume': 85.0, 'Model': 80.0, 'origin': 3.0}, {'Clndrs': 4.0, 'Volume': 97.0, 'Model': 70.0, 'origin': 2.0}, {'Clndrs': 5.0, 'Volume': 121.0, 'Model': 80.0, 'origin': 2.0}, {'Clndrs': 4.0, 'Volume': 97.0, 'Model': 71.0, 'origin': 2.0}, {'Clndrs': 4.0, 'Volume': 97.0, 'Model': 73.0, 'origin': 2.0}, {'Clndrs': 4.0, 'Volume': 68.0, 'Model': 73.0, 'origin': 2.0}, {'Clndrs': 4.0, 'Volume': 97.0, 'Model': 70.0, 'origin': 2.0}, {'Clndrs': 4.0, 'Volume': 98.0, 'Model': 82.0, 'origin': 1.0}, {'Clndrs': 4.0, 'Volume': 98.0, 'Model': 82.0, 'origin': 1.0}, {'Clndrs': 4.0, 'Volume': 97.0, 'Model': 82.0, 'origin': 2.0}, {'Clndrs': 5.0, 'Volume': 121.0, 'Model': 80.0, 'origin': 2.0}, {'Clndrs': 4.0, 'Volume': 97.0, 'Model': 82.0, 'origin': 2.0}, {'Clndrs': 4.0, 'Volume': 72.0, 'Model': 71.0, 'origin': 3.0}
0.30706763493134415, 0.30706763493134415, 0.19339815732352839, 0.16745989117220028, 0.3829859092340627, 0.30998225385304745, 0.30998225385304745, 0.25394722064135844, 0.3263298147356364, 0.31159152325128536, 0.35266393508851945, 0.3216062143047753, 0.34385632337349503, 0.3263298147356364, 0.30706763493134415, 0.30706763493134415, 0.16745989117220028, 0.31159152325128536, 0.16745989117220028, 0.27467083302654305
0.2340397834777832, 0.16147232055664062, 0.22014808654785156, 0.15911483764648438, 0.1381368637084961, 0.13810944557189941, 0.16016197204589844, 0.14627313613891602, 0.10126399993896484, 0.2859489917755127, 0.22313213348388672, 0.19980454444885254, 0.21782755851745605, 0.19072198867797852, 0.18968725204467773, 0.10707473754882812, 0.11640763282775879, 0.14778757095336914, 0.08377885818481445, 0.09820914268493652