{'Clndrs': 4.0, 'Volume': 141.0, 'Model': 81.0, 'origin': 2.0}, {'Clndrs': 6.0, 'Volume': 145.0, 'Model': 81.0, 'origin': 2.0}, {'Clndrs': 4.0, 'Volume': 141.0, 'Model': 79.0, 'origin': 2.0}, {'Clndrs': 5.0, 'Volume': 183.0, 'Model': 79.0, 'origin': 2.0}, {'Clndrs': 4.0, 'Volume': 134.0, 'Model': 78.0, 'origin': 3.0}, {'Clndrs': 4.0, 'Volume': 90.0, 'Model': 74.0, 'origin': 1.0}, {'Clndrs': 4.0, 'Volume': 85.0, 'Model': 76.0, 'origin': 1.0}, {'Clndrs': 5.0, 'Volume': 121.0, 'Model': 80.0, 'origin': 2.0}, {'Clndrs': 4.0, 'Volume': 98.0, 'Model': 71.0, 'origin': 1.0}, {'Clndrs': 6.0, 'Volume': 262.0, 'Model': 82.0, 'origin': 1.0}, {'Clndrs': 4.0, 'Volume': 116.0, 'Model': 71.0, 'origin': 2.0}, {'Clndrs': 4.0, 'Volume': 97.0, 'Model': 76.0, 'origin': 3.0}, {'Clndrs': 4.0, 'Volume': 90.0, 'Model': 74.0, 'origin': 1.0}, {'Clndrs': 4.0, 'Volume': 140.0, 'Model': 72.0, 'origin': 1.0}, {'Clndrs': 4.0, 'Volume': 97.5, 'Model': 72.0, 'origin': 1.0}, {'Clndrs': 4.0, 'Volume': 98.0, 'Model': 82.0, 'origin': 1.0}, {'Clndrs': 4.0, 'Volume': 97.0, 'Model': 82.0, 'origin': 2.0}, {'Clndrs': 5.0, 'Volume': 121.0, 'Model': 80.0, 'origin': 2.0}, {'Clndrs': 4.0, 'Volume': 97.0, 'Model': 82.0, 'origin': 2.0}, {'Clndrs': 4.0, 'Volume': 108.0, 'Model': 73.0, 'origin': 3.0}
0.419834366701459, 0.4235521708778065, 0.3872631585390678, 0.4559540336686524, 0.4899636834013037, 0.4643845026319926, 0.30998225385304745, 0.31159152325128536, 0.3578925042330301, 0.38125731428387977, 0.47755422789477997, 0.4177778452301931, 0.4643845026319926, 0.48745331459620056, 0.40278892307775394, 0.30706763493134415, 0.16745989117220028, 0.31159152325128536, 0.16745989117220028, 0.5334638252177847
0.2687685489654541, 0.12030363082885742, 0.05631852149963379, 0.11014842987060547, 0.10190701484680176, 0.10833477973937988, 0.1403496265411377, 0.08041954040527344, 0.11127710342407227, 0.15804052352905273, 0.12234783172607422, 0.133378267288208, 0.1268904209136963, 0.08314204216003418, 0.10817074775695801, 0.06133079528808594, 0.09552693367004395, 0.07752466201782227, 0.07096195220947266, 0.10221385955810547