{'Clndrs': 4.0, 'Volume': 97.0, 'Model': 82.0, 'origin': 2.0}, {'Clndrs': 4.0, 'Volume': 89.0, 'Model': 81.0, 'origin': 3.0}, {'Clndrs': 4.0, 'Volume': 90.0, 'Model': 78.0, 'origin': 2.0}, {'Clndrs': 4.0, 'Volume': 97.0, 'Model': 82.0, 'origin': 2.0}, {'Clndrs': 5.0, 'Volume': 121.0, 'Model': 80.0, 'origin': 2.0}, {'Clndrs': 4.0, 'Volume': 85.0, 'Model': 76.0, 'origin': 1.0}, {'Clndrs': 4.0, 'Volume': 79.0, 'Model': 77.0, 'origin': 2.0}, {'Clndrs': 4.0, 'Volume': 85.0, 'Model': 81.0, 'origin': 3.0}, {'Clndrs': 4.0, 'Volume': 90.0, 'Model': 78.0, 'origin': 2.0}, {'Clndrs': 4.0, 'Volume': 97.0, 'Model': 82.0, 'origin': 2.0}, {'Clndrs': 4.0, 'Volume': 90.0, 'Model': 78.0, 'origin': 2.0}, {'Clndrs': 4.0, 'Volume': 90.0, 'Model': 78.0, 'origin': 2.0}, {'Clndrs': 4.0, 'Volume': 97.0, 'Model': 82.0, 'origin': 2.0}, {'Clndrs': 4.0, 'Volume': 85.0, 'Model': 76.0, 'origin': 1.0}, {'Clndrs': 4.0, 'Volume': 97.0, 'Model': 82.0, 'origin': 2.0}, {'Clndrs': 4.0, 'Volume': 97.0, 'Model': 82.0, 'origin': 2.0}, {'Clndrs': 4.0, 'Volume': 97.0, 'Model': 82.0, 'origin': 2.0}, {'Clndrs': 4.0, 'Volume': 90.0, 'Model': 78.0, 'origin': 2.0}, {'Clndrs': 4.0, 'Volume': 97.0, 'Model': 82.0, 'origin': 2.0}, {'Clndrs': 4.0, 'Volume': 85.0, 'Model': 78.0, 'origin': 3.0}
0.16745989117220028, 0.30394627244639594, 0.19339815732352839, 0.16745989117220028, 0.31159152325128536, 0.30998225385304745, 0.2596851205899111, 0.24245318422143292, 0.19339815732352839, 0.16745989117220028, 0.19339815732352839, 0.19339815732352839, 0.16745989117220028, 0.30998225385304745, 0.16745989117220028, 0.16745989117220028, 0.16745989117220028, 0.19339815732352839, 0.16745989117220028, 0.26800809420993543
0.2929372787475586, 0.1926577091217041, 0.1515951156616211, 0.2631957530975342, 0.4460909366607666, 0.22401762008666992, 0.251753568649292, 0.20904207229614258, 0.22341465950012207, 0.23227334022521973, 0.2392573356628418, 0.26636171340942383, 0.25258612632751465, 0.2229444980621338, 0.23685288429260254, 0.16462278366088867, 0.15079832077026367, 0.21484136581420898, 0.14233827590942383, 0.25631165504455566