{'Spout_wait': 100.0, 'Spliters': 6.0, 'Counters': 17.0}, {'Spout_wait': 10.0, 'Spliters': 4.0, 'Counters': 16.0}, {'Spout_wait': 3.0, 'Spliters': 6.0, 'Counters': 17.0}, {'Spout_wait': 3.0, 'Spliters': 6.0, 'Counters': 18.0}, {'Spout_wait': 6.0, 'Spliters': 4.0, 'Counters': 18.0}, {'Spout_wait': 9.0, 'Spliters': 5.0, 'Counters': 17.0}, {'Spout_wait': 10.0, 'Spliters': 3.0, 'Counters': 13.0}, {'Spout_wait': 10.0, 'Spliters': 4.0, 'Counters': 15.0}, {'Spout_wait': 9.0, 'Spliters': 6.0, 'Counters': 17.0}, {'Spout_wait': 7.0, 'Spliters': 6.0, 'Counters': 18.0}, {'Spout_wait': 5.0, 'Spliters': 5.0, 'Counters': 15.0}, {'Spout_wait': 7.0, 'Spliters': 4.0, 'Counters': 13.0}, {'Spout_wait': 10.0, 'Spliters': 4.0, 'Counters': 17.0}, {'Spout_wait': 9.0, 'Spliters': 5.0, 'Counters': 13.0}, {'Spout_wait': 9.0, 'Spliters': 3.0, 'Counters': 17.0}, {'Spout_wait': 7.0, 'Spliters': 3.0, 'Counters': 16.0}, {'Spout_wait': 9.0, 'Spliters': 6.0, 'Counters': 12.0}, {'Spout_wait': 8.0, 'Spliters': 5.0, 'Counters': 18.0}, {'Spout_wait': 8.0, 'Spliters': 6.0, 'Counters': 15.0}, {'Spout_wait': 3.0, 'Spliters': 3.0, 'Counters': 18.0}
0.06173091761865335, 0.07739417901803258, 0.031565920769186406, 0.05630847554506302, 0.09215494647517553, 0.020466796587967684, 0.09606446682418801, 0.030368608200511682, 0.008586239120553896, 0.0613639952768652, 0.06522933540472042, 0.08593668512781016, 0.03413510224963634, 0.08851714266019262, 0.020033994250278075, 0.08071823509139209, 0.06901207886297123, 0.07722248905842, 0.045320344504342636, 0.10244888762132565
0.22243261337280273, 0.1833815574645996, 0.11616063117980957, 0.11572504043579102, 0.16649103164672852, 0.10077714920043945, 0.136613130569458, 0.14190387725830078, 0.10494613647460938, 0.14385628700256348, 0.16884446144104004, 0.4940831661224365, 0.2382349967956543, 0.14526104927062988, 0.13506555557250977, 0.20170235633850098, 0.08828520774841309, 0.13431525230407715, 0.11257410049438477, 0.1117403507232666