{'Spout_wait': 6.0, 'Spliters': 4.0, 'Counters': 17.0}, {'Spout_wait': 10.0, 'Spliters': 4.0, 'Counters': 17.0}, {'Spout_wait': 7.0, 'Spliters': 6.0, 'Counters': 17.0}, {'Spout_wait': 7.0, 'Spliters': 3.0, 'Counters': 17.0}, {'Spout_wait': 8.0, 'Spliters': 6.0, 'Counters': 17.0}, {'Spout_wait': 9.0, 'Spliters': 6.0, 'Counters': 17.0}, {'Spout_wait': 7.0, 'Spliters': 6.0, 'Counters': 17.0}, {'Spout_wait': 9.0, 'Spliters': 3.0, 'Counters': 17.0}, {'Spout_wait': 9.0, 'Spliters': 6.0, 'Counters': 17.0}, {'Spout_wait': 9.0, 'Spliters': 5.0, 'Counters': 17.0}, {'Spout_wait': 6.0, 'Spliters': 5.0, 'Counters': 15.0}, {'Spout_wait': 10.0, 'Spliters': 3.0, 'Counters': 17.0}, {'Spout_wait': 10.0, 'Spliters': 4.0, 'Counters': 17.0}, {'Spout_wait': 10.0, 'Spliters': 3.0, 'Counters': 17.0}, {'Spout_wait': 9.0, 'Spliters': 3.0, 'Counters': 17.0}, {'Spout_wait': 7.0, 'Spliters': 2.0, 'Counters': 16.0}, {'Spout_wait': 5.0, 'Spliters': 6.0, 'Counters': 18.0}, {'Spout_wait': 6.0, 'Spliters': 6.0, 'Counters': 16.0}, {'Spout_wait': 8.0, 'Spliters': 6.0, 'Counters': 15.0}, {'Spout_wait': 9.0, 'Spliters': 3.0, 'Counters': 18.0}
0.05504432310620622, 0.03413510224963634, 0.02810356721455487, 0.02967052168107598, 0.006111178207122481, 0.008586239120553896, 0.02810356721455487, 0.020033994250278075, 0.008586239120553896, 0.020466796587967684, 0.061886210378318096, 0.03922607230648456, 0.03413510224963634, 0.03922607230648456, 0.020033994250278075, 0.07469957232036739, 0.03893991222898485, 0.05755833752539674, 0.045320344504342636, 0.05981031067793674
0.24568963050842285, 0.1190791130065918, 0.12842273712158203, 0.3063628673553467, 0.3459291458129883, 0.21767759323120117, 0.1793684959411621, 0.20346665382385254, 0.15096592903137207, 0.17345285415649414, 0.13570475578308105, 0.22590160369873047, 0.13379549980163574, 0.19062566757202148, 0.15860843658447266, 0.19937562942504883, 0.18954706192016602, 0.1614389419555664, 0.15557146072387695, 0.14369440078735352