{'Spout_wait': 8.0, 'Spliters': 6.0, 'Counters': 17.0}, {'Spout_wait': 10.0, 'Spliters': 5.0, 'Counters': 17.0}, {'Spout_wait': 10.0, 'Spliters': 6.0, 'Counters': 17.0}, {'Spout_wait': 10.0, 'Spliters': 6.0, 'Counters': 17.0}, {'Spout_wait': 10.0, 'Spliters': 6.0, 'Counters': 17.0}, {'Spout_wait': 10.0, 'Spliters': 6.0, 'Counters': 17.0}, {'Spout_wait': 10.0, 'Spliters': 6.0, 'Counters': 17.0}, {'Spout_wait': 10.0, 'Spliters': 6.0, 'Counters': 17.0}, {'Spout_wait': 10.0, 'Spliters': 6.0, 'Counters': 17.0}, {'Spout_wait': 9.0, 'Spliters': 6.0, 'Counters': 17.0}, {'Spout_wait': 10.0, 'Spliters': 6.0, 'Counters': 17.0}, {'Spout_wait': 5.0, 'Spliters': 3.0, 'Counters': 17.0}, {'Spout_wait': 10.0, 'Spliters': 6.0, 'Counters': 17.0}, {'Spout_wait': 10.0, 'Spliters': 6.0, 'Counters': 17.0}, {'Spout_wait': 10.0, 'Spliters': 5.0, 'Counters': 17.0}, {'Spout_wait': 10.0, 'Spliters': 6.0, 'Counters': 17.0}, {'Spout_wait': 10.0, 'Spliters': 6.0, 'Counters': 17.0}, {'Spout_wait': 10.0, 'Spliters': 6.0, 'Counters': 17.0}, {'Spout_wait': 10.0, 'Spliters': 6.0, 'Counters': 17.0}, {'Spout_wait': 10.0, 'Spliters': 6.0, 'Counters': 17.0}
0.006111178207122481, 0.019199269545525532, 0.000747363758841324, 0.000747363758841324, 0.000747363758841324, 0.000747363758841324, 0.000747363758841324, 0.000747363758841324, 0.000747363758841324, 0.008586239120553896, 0.000747363758841324, 0.021277644326842537, 0.000747363758841324, 0.000747363758841324, 0.019199269545525532, 0.000747363758841324, 0.000747363758841324, 0.000747363758841324, 0.000747363758841324, 0.000747363758841324
0.5414199829101562, 0.4161703586578369, 0.37771129608154297, 0.5987875461578369, 0.6660172939300537, 0.4568765163421631, 0.4479482173919678, 0.4216480255126953, 0.37522339820861816, 0.47603344917297363, 0.6125953197479248, 0.9660656452178955, 0.994687557220459, 0.8053081035614014, 0.8515548706054688, 0.7782249450683594, 0.5142459869384766, 0.5023953914642334, 0.5293829441070557, 0.4765737056732178