{'Spout_wait': 8.0, 'Spliters': 6.0, 'Counters': 18.0}, {'Spout_wait': 9.0, 'Spliters': 3.0, 'Counters': 17.0}, {'Spout_wait': 10.0, 'Spliters': 6.0, 'Counters': 17.0}, {'Spout_wait': 10.0, 'Spliters': 5.0, 'Counters': 17.0}, {'Spout_wait': 8.0, 'Spliters': 6.0, 'Counters': 17.0}, {'Spout_wait': 10.0, 'Spliters': 6.0, 'Counters': 17.0}, {'Spout_wait': 10.0, 'Spliters': 6.0, 'Counters': 17.0}, {'Spout_wait': 9.0, 'Spliters': 6.0, 'Counters': 17.0}, {'Spout_wait': 9.0, 'Spliters': 6.0, 'Counters': 17.0}, {'Spout_wait': 9.0, 'Spliters': 5.0, 'Counters': 17.0}, {'Spout_wait': 10.0, 'Spliters': 6.0, 'Counters': 17.0}, {'Spout_wait': 7.0, 'Spliters': 3.0, 'Counters': 17.0}, {'Spout_wait': 10.0, 'Spliters': 4.0, 'Counters': 17.0}, {'Spout_wait': 10.0, 'Spliters': 6.0, 'Counters': 17.0}, {'Spout_wait': 9.0, 'Spliters': 3.0, 'Counters': 17.0}, {'Spout_wait': 5.0, 'Spliters': 3.0, 'Counters': 17.0}, {'Spout_wait': 5.0, 'Spliters': 5.0, 'Counters': 17.0}, {'Spout_wait': 10.0, 'Spliters': 6.0, 'Counters': 17.0}, {'Spout_wait': 8.0, 'Spliters': 4.0, 'Counters': 17.0}, {'Spout_wait': 10.0, 'Spliters': 5.0, 'Counters': 18.0}
0.02340892060562716, 0.020033994250278075, 0.000747363758841324, 0.019199269545525532, 0.006111178207122481, 0.000747363758841324, 0.000747363758841324, 0.008586239120553896, 0.008586239120553896, 0.020466796587967684, 0.000747363758841324, 0.02967052168107598, 0.03413510224963634, 0.000747363758841324, 0.020033994250278075, 0.021277644326842537, 0.024147530214372992, 0.000747363758841324, 0.0381354535975994, 0.03932649393228327
0.34307122230529785, 0.23357772827148438, 0.25162649154663086, 0.3380560874938965, 0.25333142280578613, 0.46407318115234375, 0.4021294116973877, 0.24146628379821777, 0.15025687217712402, 0.2346057891845703, 0.43010520935058594, 0.8083529472351074, 0.7934284210205078, 0.7794098854064941, 0.7591159343719482, 0.4247465133666992, 0.3141787052154541, 0.23090314865112305, 0.24594521522521973, 0.24593067169189453