{'Spout_wait': 9.0, 'Spliters': 6.0, 'Counters': 11.0}, {'Spout_wait': 10.0, 'Spliters': 4.0, 'Counters': 16.0}, {'Spout_wait': 3.0, 'Spliters': 6.0, 'Counters': 17.0}, {'Spout_wait': 9.0, 'Spliters': 3.0, 'Counters': 18.0}, {'Spout_wait': 2.0, 'Spliters': 4.0, 'Counters': 15.0}, {'Spout_wait': 8.0, 'Spliters': 4.0, 'Counters': 13.0}, {'Spout_wait': 4.0, 'Spliters': 5.0, 'Counters': 14.0}, {'Spout_wait': 10.0, 'Spliters': 4.0, 'Counters': 15.0}, {'Spout_wait': 9.0, 'Spliters': 6.0, 'Counters': 17.0}, {'Spout_wait': 3.0, 'Spliters': 5.0, 'Counters': 17.0}, {'Spout_wait': 5.0, 'Spliters': 5.0, 'Counters': 15.0}, {'Spout_wait': 10.0, 'Spliters': 2.0, 'Counters': 12.0}, {'Spout_wait': 10.0, 'Spliters': 3.0, 'Counters': 16.0}, {'Spout_wait': 9.0, 'Spliters': 5.0, 'Counters': 18.0}, {'Spout_wait': 4.0, 'Spliters': 1.0, 'Counters': 5.0}, {'Spout_wait': 5.0, 'Spliters': 3.0, 'Counters': 9.0}, {'Spout_wait': 9.0, 'Spliters': 6.0, 'Counters': 12.0}, {'Spout_wait': 5.0, 'Spliters': 6.0, 'Counters': 13.0}, {'Spout_wait': 4.0, 'Spliters': 6.0, 'Counters': 10.0}, {'Spout_wait': 3.0, 'Spliters': 3.0, 'Counters': 18.0}
0.09877264668340935, 0.07739417901803258, 0.031565920769186406, 0.05981031067793674, 0.0925167690679376, 0.10556090118423667, 0.1067112296090571, 0.030368608200511682, 0.008586239120553896, 0.07451111866140236, 0.06522933540472042, 0.17915464345086873, 0.08563426221181725, 0.09199815275663703, 0.2544035217055878, 0.15074618163197928, 0.06901207886297123, 0.096910783067086, 0.11161224463988029, 0.10244888762132565
0.18024587631225586, 0.14086461067199707, 0.08031630516052246, 0.1443617343902588, 0.1416487693786621, 0.05651688575744629, 0.07827472686767578, 0.14156055450439453, 0.1364426612854004, 0.10296440124511719, 0.1785569190979004, 0.29320359230041504, 0.08057308197021484, 0.10109281539916992, 0.12813019752502441, 0.2087404727935791, 0.1166989803314209, 0.09184384346008301, 0.10184454917907715, 0.09357142448425293