{'Spout_wait': 100.0, 'Spliters': 6.0, 'Counters': 17.0}, {'Spout_wait': 10.0, 'Spliters': 4.0, 'Counters': 16.0}, {'Spout_wait': 3.0, 'Spliters': 6.0, 'Counters': 17.0}, {'Spout_wait': 3.0, 'Spliters': 6.0, 'Counters': 18.0}, {'Spout_wait': 6.0, 'Spliters': 4.0, 'Counters': 18.0}, {'Spout_wait': 9.0, 'Spliters': 5.0, 'Counters': 17.0}, {'Spout_wait': 3.0, 'Spliters': 6.0, 'Counters': 18.0}, {'Spout_wait': 9.0, 'Spliters': 3.0, 'Counters': 17.0}, {'Spout_wait': 9.0, 'Spliters': 6.0, 'Counters': 17.0}, {'Spout_wait': 9.0, 'Spliters': 5.0, 'Counters': 17.0}, {'Spout_wait': 5.0, 'Spliters': 5.0, 'Counters': 15.0}, {'Spout_wait': 7.0, 'Spliters': 4.0, 'Counters': 13.0}, {'Spout_wait': 10.0, 'Spliters': 4.0, 'Counters': 17.0}, {'Spout_wait': 10.0, 'Spliters': 5.0, 'Counters': 18.0}, {'Spout_wait': 9.0, 'Spliters': 3.0, 'Counters': 17.0}, {'Spout_wait': 7.0, 'Spliters': 3.0, 'Counters': 16.0}, {'Spout_wait': 9.0, 'Spliters': 6.0, 'Counters': 12.0}, {'Spout_wait': 8.0, 'Spliters': 5.0, 'Counters': 18.0}, {'Spout_wait': 8.0, 'Spliters': 6.0, 'Counters': 15.0}, {'Spout_wait': 9.0, 'Spliters': 5.0, 'Counters': 10.0}
0.06173091761865335, 0.07739417901803258, 0.031565920769186406, 0.05630847554506302, 0.09215494647517553, 0.020466796587967684, 0.05630847554506302, 0.020033994250278075, 0.008586239120553896, 0.020466796587967684, 0.06522933540472042, 0.08593668512781016, 0.03413510224963634, 0.03932649393228327, 0.020033994250278075, 0.08071823509139209, 0.06901207886297123, 0.07722248905842, 0.045320344504342636, 0.09323559567496986
0.24179410934448242, 0.14469671249389648, 0.08511900901794434, 0.14598345756530762, 0.1916968822479248, 0.28371191024780273, 0.1846296787261963, 0.19136738777160645, 0.11166644096374512, 0.18675804138183594, 0.2282111644744873, 0.1990964412689209, 0.15959930419921875, 0.17713475227355957, 0.1868124008178711, 0.21129989624023438, 0.10017657279968262, 0.1290726661682129, 0.1736762523651123, 0.12062859535217285