{'Spout_wait': 100.0, 'Spliters': 6.0, 'Counters': 17.0}, {'Spout_wait': 10.0, 'Spliters': 4.0, 'Counters': 16.0}, {'Spout_wait': 3.0, 'Spliters': 6.0, 'Counters': 17.0}, {'Spout_wait': 9.0, 'Spliters': 3.0, 'Counters': 18.0}, {'Spout_wait': 2.0, 'Spliters': 4.0, 'Counters': 15.0}, {'Spout_wait': 10.0, 'Spliters': 6.0, 'Counters': 15.0}, {'Spout_wait': 4.0, 'Spliters': 5.0, 'Counters': 14.0}, {'Spout_wait': 10.0, 'Spliters': 4.0, 'Counters': 15.0}, {'Spout_wait': 9.0, 'Spliters': 6.0, 'Counters': 17.0}, {'Spout_wait': 3.0, 'Spliters': 5.0, 'Counters': 17.0}, {'Spout_wait': 5.0, 'Spliters': 5.0, 'Counters': 15.0}, {'Spout_wait': 6.0, 'Spliters': 4.0, 'Counters': 12.0}, {'Spout_wait': 7.0, 'Spliters': 2.0, 'Counters': 16.0}, {'Spout_wait': 9.0, 'Spliters': 5.0, 'Counters': 18.0}, {'Spout_wait': 10.0, 'Spliters': 2.0, 'Counters': 17.0}, {'Spout_wait': 10.0, 'Spliters': 3.0, 'Counters': 10.0}, {'Spout_wait': 9.0, 'Spliters': 6.0, 'Counters': 12.0}, {'Spout_wait': 5.0, 'Spliters': 6.0, 'Counters': 13.0}, {'Spout_wait': 4.0, 'Spliters': 6.0, 'Counters': 10.0}, {'Spout_wait': 3.0, 'Spliters': 3.0, 'Counters': 18.0}
0.06173091761865335, 0.07739417901803258, 0.031565920769186406, 0.05981031067793674, 0.0925167690679376, 0.050251845828924835, 0.1067112296090571, 0.030368608200511682, 0.008586239120553896, 0.07451111866140236, 0.06522933540472042, 0.11363185398549058, 0.07469957232036739, 0.09199815275663703, 0.07802982644100032, 0.10019673334141599, 0.06901207886297123, 0.096910783067086, 0.11161224463988029, 0.10244888762132565
0.12198472023010254, 0.05626964569091797, 0.07755851745605469, 0.10877299308776855, 0.1308901309967041, 0.058263540267944336, 0.0644235610961914, 0.09507131576538086, 0.07912564277648926, 0.0443873405456543, 0.0791776180267334, 0.10260224342346191, 0.0718531608581543, 0.04574847221374512, 0.07498741149902344, 0.11351919174194336, 0.057662248611450195, 0.1036226749420166, 0.07427048683166504, 0.04975771903991699