{'Spout_wait': 2.0, 'Spliters': 5.0, 'Counters': 10.0}, {'Spout_wait': 6.0, 'Spliters': 3.0, 'Counters': 10.0}, {'Spout_wait': 2.0, 'Spliters': 3.0, 'Counters': 1.0}, {'Spout_wait': 4.0, 'Spliters': 5.0, 'Counters': 10.0}, {'Spout_wait': 4.0, 'Spliters': 3.0, 'Counters': 3.0}, {'Spout_wait': 5.0, 'Spliters': 5.0, 'Counters': 7.0}, {'Spout_wait': 2.0, 'Spliters': 6.0, 'Counters': 15.0}, {'Spout_wait': 3.0, 'Spliters': 6.0, 'Counters': 14.0}, {'Spout_wait': 6.0, 'Spliters': 5.0, 'Counters': 7.0}, {'Spout_wait': 6.0, 'Spliters': 6.0, 'Counters': 6.0}, {'Spout_wait': 4.0, 'Spliters': 5.0, 'Counters': 17.0}, {'Spout_wait': 2.0, 'Spliters': 5.0, 'Counters': 6.0}, {'Spout_wait': 6.0, 'Spliters': 4.0, 'Counters': 2.0}, {'Spout_wait': 6.0, 'Spliters': 5.0, 'Counters': 17.0}, {'Spout_wait': 1.0, 'Spliters': 3.0, 'Counters': 13.0}, {'Spout_wait': 9.0, 'Spliters': 3.0, 'Counters': 11.0}, {'Spout_wait': 5.0, 'Spliters': 4.0, 'Counters': 18.0}, {'Spout_wait': 6.0, 'Spliters': 3.0, 'Counters': 1.0}, {'Spout_wait': 4.0, 'Spliters': 6.0, 'Counters': 10.0}, {'Spout_wait': 6.0, 'Spliters': 6.0, 'Counters': 10.0}
0.08551131741457396, 0.09227742886053691, 0.07964273981014114, 0.04928309323600877, 0.09353515321945194, 0.08539094303473094, 0.07335444121653811, 0.09754741702328729, 0.1408228797262545, 0.08898402607606437, 0.06898395533115131, 0.11909856211622682, 0.06473198371359523, 0.08072007172685369, 0.10539105949614747, 0.24948079479949592, 0.08604950129794131, 0.04227664546194576, 0.07305530287202056, 0.06527079973415661
0.14794588088989258, 0.13315272331237793, 0.16062664985656738, 0.14086484909057617, 0.13378620147705078, 0.18421626091003418, 0.13682270050048828, 0.13957548141479492, 0.12764835357666016, 0.11534547805786133, 0.1295149326324463, 0.12476849555969238, 0.09190654754638672, 0.15022015571594238, 0.12271404266357422, 0.26497817039489746, 0.09467458724975586, 0.07168126106262207, 0.15762829780578613, 0.09315729141235352