{'Spout_wait': 5.0, 'Spliters': 5.0, 'Counters': 1.0}, {'Spout_wait': 3.0, 'Spliters': 4.0, 'Counters': 15.0}, {'Spout_wait': 2.0, 'Spliters': 5.0, 'Counters': 14.0}, {'Spout_wait': 2.0, 'Spliters': 5.0, 'Counters': 14.0}, {'Spout_wait': 6.0, 'Spliters': 3.0, 'Counters': 1.0}, {'Spout_wait': 5.0, 'Spliters': 5.0, 'Counters': 1.0}, {'Spout_wait': 5.0, 'Spliters': 5.0, 'Counters': 10.0}, {'Spout_wait': 5.0, 'Spliters': 5.0, 'Counters': 1.0}, {'Spout_wait': 5.0, 'Spliters': 5.0, 'Counters': 10.0}, {'Spout_wait': 5.0, 'Spliters': 5.0, 'Counters': 10.0}, {'Spout_wait': 5.0, 'Spliters': 5.0, 'Counters': 1.0}, {'Spout_wait': 5.0, 'Spliters': 5.0, 'Counters': 1.0}, {'Spout_wait': 6.0, 'Spliters': 3.0, 'Counters': 1.0}, {'Spout_wait': 6.0, 'Spliters': 3.0, 'Counters': 15.0}, {'Spout_wait': 6.0, 'Spliters': 3.0, 'Counters': 1.0}, {'Spout_wait': 5.0, 'Spliters': 5.0, 'Counters': 1.0}, {'Spout_wait': 4.0, 'Spliters': 5.0, 'Counters': 10.0}, {'Spout_wait': 5.0, 'Spliters': 5.0, 'Counters': 1.0}, {'Spout_wait': 5.0, 'Spliters': 5.0, 'Counters': 10.0}, {'Spout_wait': 5.0, 'Spliters': 5.0, 'Counters': 10.0}
4.1023799471462397e-05, 0.050780020257953695, 0.04724666887988782, 0.04724666887988782, 0.04227664546194576, 4.1023799471462397e-05, 0.04293529150197439, 4.1023799471462397e-05, 0.04293529150197439, 0.04293529150197439, 4.1023799471462397e-05, 4.1023799471462397e-05, 0.04227664546194576, 0.06658807043310322, 0.04227664546194576, 4.1023799471462397e-05, 0.04928309323600877, 4.1023799471462397e-05, 0.04293529150197439, 0.04293529150197439
0.4240715503692627, 0.3395659923553467, 0.3445744514465332, 0.3225870132446289, 0.3745157718658447, 0.4637596607208252, 0.37204647064208984, 0.4193558692932129, 0.4224221706390381, 0.43774914741516113, 0.3789994716644287, 0.2753894329071045, 0.36016345024108887, 0.33481359481811523, 0.4174339771270752, 0.42413973808288574, 0.45729923248291016, 0.6906569004058838, 0.3643968105316162, 0.3133091926574707