{'Spout_wait': 2.0, 'Spliters': 5.0, 'Counters': 10.0}, {'Spout_wait': 6.0, 'Spliters': 3.0, 'Counters': 12.0}, {'Spout_wait': 2.0, 'Spliters': 3.0, 'Counters': 1.0}, {'Spout_wait': 4.0, 'Spliters': 5.0, 'Counters': 10.0}, {'Spout_wait': 4.0, 'Spliters': 3.0, 'Counters': 5.0}, {'Spout_wait': 6.0, 'Spliters': 4.0, 'Counters': 13.0}, {'Spout_wait': 4.0, 'Spliters': 4.0, 'Counters': 16.0}, {'Spout_wait': 3.0, 'Spliters': 4.0, 'Counters': 16.0}, {'Spout_wait': 4.0, 'Spliters': 5.0, 'Counters': 13.0}, {'Spout_wait': 6.0, 'Spliters': 6.0, 'Counters': 6.0}, {'Spout_wait': 4.0, 'Spliters': 5.0, 'Counters': 17.0}, {'Spout_wait': 6.0, 'Spliters': 6.0, 'Counters': 9.0}, {'Spout_wait': 6.0, 'Spliters': 4.0, 'Counters': 2.0}, {'Spout_wait': 6.0, 'Spliters': 5.0, 'Counters': 9.0}, {'Spout_wait': 1.0, 'Spliters': 5.0, 'Counters': 15.0}, {'Spout_wait': 9.0, 'Spliters': 3.0, 'Counters': 11.0}, {'Spout_wait': 5.0, 'Spliters': 4.0, 'Counters': 18.0}, {'Spout_wait': 6.0, 'Spliters': 3.0, 'Counters': 1.0}, {'Spout_wait': 4.0, 'Spliters': 6.0, 'Counters': 10.0}, {'Spout_wait': 6.0, 'Spliters': 6.0, 'Counters': 10.0}
0.08551131741457396, 0.07299553757811195, 0.07964273981014114, 0.04928309323600877, 0.09209799450449718, 0.06622868155999706, 0.07173817139972272, 0.0938940320757915, 0.10437331069841194, 0.08898402607606437, 0.06898395533115131, 0.09616965176190517, 0.06473198371359523, 0.07652877289069748, 0.09131932396257836, 0.24948079479949592, 0.08604950129794131, 0.04227664546194576, 0.07305530287202056, 0.06527079973415661
0.22433781623840332, 0.16952109336853027, 0.1078345775604248, 0.11694884300231934, 0.15261292457580566, 0.12723803520202637, 0.15668177604675293, 0.10245203971862793, 0.23750519752502441, 0.11483001708984375, 0.09663534164428711, 0.12238836288452148, 0.08995604515075684, 0.10820579528808594, 0.13804388046264648, 0.15719056129455566, 0.12888646125793457, 0.10971570014953613, 0.14392375946044922, 0.10960531234741211