{'Spout_wait': 4.0, 'Spliters': 6.0, 'Counters': 11.0}, {'Spout_wait': 5.0, 'Spliters': 3.0, 'Counters': 15.0}, {'Spout_wait': 2.0, 'Spliters': 3.0, 'Counters': 1.0}, {'Spout_wait': 4.0, 'Spliters': 5.0, 'Counters': 10.0}, {'Spout_wait': 4.0, 'Spliters': 3.0, 'Counters': 2.0}, {'Spout_wait': 5.0, 'Spliters': 5.0, 'Counters': 7.0}, {'Spout_wait': 2.0, 'Spliters': 6.0, 'Counters': 15.0}, {'Spout_wait': 3.0, 'Spliters': 6.0, 'Counters': 14.0}, {'Spout_wait': 6.0, 'Spliters': 5.0, 'Counters': 7.0}, {'Spout_wait': 6.0, 'Spliters': 5.0, 'Counters': 6.0}, {'Spout_wait': 5.0, 'Spliters': 5.0, 'Counters': 15.0}, {'Spout_wait': 2.0, 'Spliters': 5.0, 'Counters': 6.0}, {'Spout_wait': 6.0, 'Spliters': 4.0, 'Counters': 2.0}, {'Spout_wait': 4.0, 'Spliters': 2.0, 'Counters': 10.0}, {'Spout_wait': 1.0, 'Spliters': 3.0, 'Counters': 5.0}, {'Spout_wait': 7.0, 'Spliters': 5.0, 'Counters': 14.0}, {'Spout_wait': 5.0, 'Spliters': 4.0, 'Counters': 18.0}, {'Spout_wait': 6.0, 'Spliters': 3.0, 'Counters': 1.0}, {'Spout_wait': 4.0, 'Spliters': 6.0, 'Counters': 10.0}, {'Spout_wait': 6.0, 'Spliters': 6.0, 'Counters': 10.0}
0.09670876531061767, 0.09652886898030433, 0.07964273981014114, 0.04928309323600877, 0.11132036960296687, 0.08539094303473094, 0.07335444121653811, 0.09754741702328729, 0.1408228797262545, 0.09593056136113376, 0.07209759133689941, 0.11909856211622682, 0.06473198371359523, 0.16268666996845638, 0.16764391353657238, 0.2609724665214267, 0.08604950129794131, 0.04227664546194576, 0.07305530287202056, 0.06527079973415661
0.14074325561523438, 0.09894251823425293, 0.10732460021972656, 0.11425065994262695, 0.10068607330322266, 0.12088203430175781, 0.08249711990356445, 0.06375718116760254, 0.19871830940246582, 0.10424017906188965, 0.11822509765625, 0.0705561637878418, 0.06809306144714355, 0.07274746894836426, 0.10508060455322266, 0.09562921524047852, 0.14215421676635742, 0.06929922103881836, 0.08103656768798828, 0.08119893074035645