{'Spout_wait': 5.0, 'Spliters': 5.0, 'Counters': 4.0}, {'Spout_wait': 2.0, 'Spliters': 4.0, 'Counters': 10.0}, {'Spout_wait': 6.0, 'Spliters': 3.0, 'Counters': 2.0}, {'Spout_wait': 2.0, 'Spliters': 5.0, 'Counters': 14.0}, {'Spout_wait': 6.0, 'Spliters': 3.0, 'Counters': 1.0}, {'Spout_wait': 5.0, 'Spliters': 5.0, 'Counters': 1.0}, {'Spout_wait': 4.0, 'Spliters': 5.0, 'Counters': 10.0}, {'Spout_wait': 5.0, 'Spliters': 6.0, 'Counters': 14.0}, {'Spout_wait': 5.0, 'Spliters': 5.0, 'Counters': 10.0}, {'Spout_wait': 5.0, 'Spliters': 6.0, 'Counters': 1.0}, {'Spout_wait': 5.0, 'Spliters': 5.0, 'Counters': 1.0}, {'Spout_wait': 5.0, 'Spliters': 5.0, 'Counters': 1.0}, {'Spout_wait': 3.0, 'Spliters': 4.0, 'Counters': 15.0}, {'Spout_wait': 4.0, 'Spliters': 3.0, 'Counters': 18.0}, {'Spout_wait': 6.0, 'Spliters': 3.0, 'Counters': 1.0}, {'Spout_wait': 5.0, 'Spliters': 5.0, 'Counters': 1.0}, {'Spout_wait': 4.0, 'Spliters': 6.0, 'Counters': 1.0}, {'Spout_wait': 6.0, 'Spliters': 3.0, 'Counters': 1.0}, {'Spout_wait': 5.0, 'Spliters': 5.0, 'Counters': 10.0}, {'Spout_wait': 4.0, 'Spliters': 5.0, 'Counters': 15.0}
0.054612027473105784, 0.054792021290341, 0.05413328559005237, 0.04724666887988782, 0.04227664546194576, 4.1023799471462397e-05, 0.04928309323600877, 0.05053990568724742, 0.04293529150197439, 0.06970230856181392, 4.1023799471462397e-05, 4.1023799471462397e-05, 0.050780020257953695, 0.06820537694265139, 0.04227664546194576, 4.1023799471462397e-05, 0.06341415770644487, 0.04227664546194576, 0.04293529150197439, 0.05317513139432972
0.3196990489959717, 0.28515100479125977, 0.23218441009521484, 0.19325828552246094, 0.3010532855987549, 0.2969808578491211, 0.2585117816925049, 0.3563382625579834, 0.33966636657714844, 0.25344038009643555, 0.3090641498565674, 0.25832438468933105, 0.2138373851776123, 0.23339200019836426, 0.3078329563140869, 0.3232731819152832, 0.22598862648010254, 0.1510922908782959, 0.19234418869018555, 0.23402881622314453