{'Spout_wait': 4.0, 'Spliters': 6.0, 'Counters': 11.0}, {'Spout_wait': 1.0, 'Spliters': 3.0, 'Counters': 10.0}, {'Spout_wait': 3.0, 'Spliters': 6.0, 'Counters': 17.0}, {'Spout_wait': 3.0, 'Spliters': 5.0, 'Counters': 15.0}, {'Spout_wait': 4.0, 'Spliters': 3.0, 'Counters': 2.0}, {'Spout_wait': 4.0, 'Spliters': 5.0, 'Counters': 4.0}, {'Spout_wait': 4.0, 'Spliters': 5.0, 'Counters': 14.0}, {'Spout_wait': 3.0, 'Spliters': 6.0, 'Counters': 14.0}, {'Spout_wait': 1.0, 'Spliters': 4.0, 'Counters': 4.0}, {'Spout_wait': 6.0, 'Spliters': 5.0, 'Counters': 6.0}, {'Spout_wait': 5.0, 'Spliters': 5.0, 'Counters': 15.0}, {'Spout_wait': 7.0, 'Spliters': 4.0, 'Counters': 1.0}, {'Spout_wait': 6.0, 'Spliters': 4.0, 'Counters': 2.0}, {'Spout_wait': 4.0, 'Spliters': 2.0, 'Counters': 10.0}, {'Spout_wait': 1.0, 'Spliters': 2.0, 'Counters': 15.0}, {'Spout_wait': 9.0, 'Spliters': 2.0, 'Counters': 9.0}, {'Spout_wait': 5.0, 'Spliters': 4.0, 'Counters': 18.0}, {'Spout_wait': 6.0, 'Spliters': 3.0, 'Counters': 1.0}, {'Spout_wait': 4.0, 'Spliters': 6.0, 'Counters': 10.0}, {'Spout_wait': 6.0, 'Spliters': 6.0, 'Counters': 10.0}
0.09670876531061767, 0.11782921496590071, 0.09407341621182164, 0.07209710043164075, 0.11132036960296687, 0.1988601706154105, 0.08455275560700559, 0.09754741702328729, 0.1669553779185604, 0.09593056136113376, 0.07209759133689941, 0.1782923211059836, 0.06473198371359523, 0.16268666996845638, 0.204010595665866, 0.3483080097482403, 0.08604950129794131, 0.04227664546194576, 0.07305530287202056, 0.06527079973415661
0.21889805793762207, 0.1158592700958252, 0.07129740715026855, 0.12242746353149414, 0.1282351016998291, 0.09144282341003418, 0.07291555404663086, 0.09474062919616699, 0.06924128532409668, 0.06170153617858887, 0.10706233978271484, 0.06842231750488281, 0.1293957233428955, 0.09756064414978027, 0.14985108375549316, 0.13451719284057617, 0.08324909210205078, 0.06865525245666504, 0.10596656799316406, 0.1064760684967041