{'Spout_wait': 6.0, 'Spliters': 6.0, 'Counters': 18.0}, {'Spout_wait': 2.0, 'Spliters': 4.0, 'Counters': 10.0}, {'Spout_wait': 2.0, 'Spliters': 3.0, 'Counters': 1.0}, {'Spout_wait': 4.0, 'Spliters': 5.0, 'Counters': 10.0}, {'Spout_wait': 6.0, 'Spliters': 3.0, 'Counters': 2.0}, {'Spout_wait': 5.0, 'Spliters': 5.0, 'Counters': 4.0}, {'Spout_wait': 4.0, 'Spliters': 5.0, 'Counters': 10.0}, {'Spout_wait': 4.0, 'Spliters': 5.0, 'Counters': 3.0}, {'Spout_wait': 4.0, 'Spliters': 5.0, 'Counters': 15.0}, {'Spout_wait': 6.0, 'Spliters': 6.0, 'Counters': 6.0}, {'Spout_wait': 4.0, 'Spliters': 5.0, 'Counters': 15.0}, {'Spout_wait': 5.0, 'Spliters': 5.0, 'Counters': 1.0}, {'Spout_wait': 6.0, 'Spliters': 4.0, 'Counters': 2.0}, {'Spout_wait': 6.0, 'Spliters': 5.0, 'Counters': 9.0}, {'Spout_wait': 1.0, 'Spliters': 3.0, 'Counters': 11.0}, {'Spout_wait': 6.0, 'Spliters': 5.0, 'Counters': 1.0}, {'Spout_wait': 4.0, 'Spliters': 6.0, 'Counters': 1.0}, {'Spout_wait': 6.0, 'Spliters': 3.0, 'Counters': 1.0}, {'Spout_wait': 4.0, 'Spliters': 6.0, 'Counters': 10.0}, {'Spout_wait': 4.0, 'Spliters': 5.0, 'Counters': 15.0}
0.06317483948161395, 0.054792021290341, 0.07964273981014114, 0.04928309323600877, 0.05413328559005237, 0.054612027473105784, 0.04928309323600877, 0.08066079177732266, 0.05317513139432972, 0.08898402607606437, 0.05317513139432972, 4.1023799471462397e-05, 0.06473198371359523, 0.07652877289069748, 0.09048089118900249, 0.06185809585680524, 0.06341415770644487, 0.04227664546194576, 0.07305530287202056, 0.05317513139432972
0.23104453086853027, 0.22402548789978027, 0.1384599208831787, 0.12138724327087402, 0.19155001640319824, 0.2094259262084961, 0.14411330223083496, 0.22809839248657227, 0.31881213188171387, 0.13268542289733887, 0.16635775566101074, 0.19029498100280762, 0.1386575698852539, 0.17044568061828613, 0.22125744819641113, 0.2977120876312256, 0.3207716941833496, 0.4995603561401367, 0.17992305755615234, 0.15386462211608887