{'Max_spout': 100000.0, 'Spliters': 2.0, 'Counters': 6.0}, {'Max_spout': 100000.0, 'Spliters': 1.0, 'Counters': 9.0}, {'Max_spout': 1000000.0, 'Spliters': 3.0, 'Counters': 1.0}, {'Max_spout': 1000.0, 'Spliters': 2.0, 'Counters': 12.0}, {'Max_spout': 10000.0, 'Spliters': 1.0, 'Counters': 6.0}, {'Max_spout': 1000000.0, 'Spliters': 6.0, 'Counters': 12.0}, {'Max_spout': 10000.0, 'Spliters': 2.0, 'Counters': 9.0}, {'Max_spout': 1000000.0, 'Spliters': 1.0, 'Counters': 6.0}, {'Max_spout': 10000.0, 'Spliters': 2.0, 'Counters': 9.0}, {'Max_spout': 1000.0, 'Spliters': 3.0, 'Counters': 9.0}, {'Max_spout': 10000.0, 'Spliters': 2.0, 'Counters': 9.0}, {'Max_spout': 100000.0, 'Spliters': 6.0, 'Counters': 12.0}, {'Max_spout': 1000.0, 'Spliters': 2.0, 'Counters': 6.0}, {'Max_spout': 100000.0, 'Spliters': 6.0, 'Counters': 18.0}, {'Max_spout': 1000.0, 'Spliters': 2.0, 'Counters': 3.0}, {'Max_spout': 1000.0, 'Spliters': 2.0, 'Counters': 18.0}, {'Max_spout': 100000.0, 'Spliters': 6.0, 'Counters': 12.0}, {'Max_spout': 10000.0, 'Spliters': 6.0, 'Counters': 15.0}, {'Max_spout': 1000000.0, 'Spliters': 6.0, 'Counters': 15.0}, {'Max_spout': 10000.0, 'Spliters': 2.0, 'Counters': 6.0}
0.485152625417959, 0.35166741075975727, 0.4953093571573213, 0.38207560321211176, 0.41494030786695557, 0.44984553552444706, 0.40832520008941975, 0.36846990554864756, 0.40832520008941975, 0.4905387254901873, 0.40832520008941975, 0.4516582690455384, 0.4574555529336537, 0.42495585890769383, 0.4976484988611444, 0.37732074296275253, 0.4516582690455384, 0.4606383323142671, 0.46478414719232286, 0.4166887504479434
0.19654011726379395, 0.1108560562133789, 0.12600040435791016, 0.14101743698120117, 0.10395932197570801, 0.17199063301086426, 0.07200455665588379, 0.07484674453735352, 0.10484862327575684, 0.11730670928955078, 0.0882265567779541, 0.0849151611328125, 0.08420443534851074, 0.07006382942199707, 0.1093287467956543, 0.06833457946777344, 0.13809800148010254, 0.05465269088745117, 0.10451030731201172, 0.10835957527160645