{'Max_spout': 10000.0, 'Spliters': 2.0, 'Counters': 9.0}, {'Max_spout': 100000.0, 'Spliters': 1.0, 'Counters': 9.0}, {'Max_spout': 1000.0, 'Spliters': 2.0, 'Counters': 15.0}, {'Max_spout': 10000.0, 'Spliters': 2.0, 'Counters': 12.0}, {'Max_spout': 1000000.0, 'Spliters': 1.0, 'Counters': 9.0}, {'Max_spout': 10000.0, 'Spliters': 2.0, 'Counters': 12.0}, {'Max_spout': 100000.0, 'Spliters': 6.0, 'Counters': 1.0}, {'Max_spout': 1000000.0, 'Spliters': 1.0, 'Counters': 6.0}, {'Max_spout': 10000.0, 'Spliters': 2.0, 'Counters': 12.0}, {'Max_spout': 1000.0, 'Spliters': 2.0, 'Counters': 18.0}, {'Max_spout': 1000000.0, 'Spliters': 1.0, 'Counters': 9.0}, {'Max_spout': 10000.0, 'Spliters': 2.0, 'Counters': 12.0}, {'Max_spout': 1000000.0, 'Spliters': 2.0, 'Counters': 18.0}, {'Max_spout': 1000.0, 'Spliters': 2.0, 'Counters': 15.0}, {'Max_spout': 10000.0, 'Spliters': 2.0, 'Counters': 12.0}, {'Max_spout': 1000.0, 'Spliters': 2.0, 'Counters': 15.0}, {'Max_spout': 1000.0, 'Spliters': 2.0, 'Counters': 15.0}, {'Max_spout': 1000000.0, 'Spliters': 1.0, 'Counters': 6.0}, {'Max_spout': 10000.0, 'Spliters': 2.0, 'Counters': 18.0}, {'Max_spout': 10000.0, 'Spliters': 2.0, 'Counters': 15.0}
0.40832520008941975, 0.35166741075975727, 0.36892976043895076, 0.3482003422813653, 0.32012653299473015, 0.3482003422813653, 0.3984556230484778, 0.36846990554864756, 0.3482003422813653, 0.37732074296275253, 0.32012653299473015, 0.3482003422813653, 0.3164259069728935, 0.36892976043895076, 0.3482003422813653, 0.36892976043895076, 0.36892976043895076, 0.36846990554864756, 0.38803073678533906, 0.37396253693787807
0.23032832145690918, 0.11751508712768555, 0.17526006698608398, 0.14242124557495117, 0.13640284538269043, 0.2079310417175293, 0.13497710227966309, 0.13092827796936035, 0.12608122825622559, 0.1967942714691162, 0.2506871223449707, 0.14837217330932617, 0.15201187133789062, 0.11119294166564941, 0.1629030704498291, 0.13217639923095703, 0.1685776710510254, 0.17563271522521973, 0.16614842414855957, 0.1693730354309082