{'Max_spout': 10000.0, 'Spliters': 2.0, 'Counters': 12.0}, {'Max_spout': 100000.0, 'Spliters': 2.0, 'Counters': 17.0}, {'Max_spout': 1000000.0, 'Spliters': 2.0, 'Counters': 9.0}, {'Max_spout': 10000.0, 'Spliters': 1.0, 'Counters': 6.0}, {'Max_spout': 10000.0, 'Spliters': 1.0, 'Counters': 18.0}, {'Max_spout': 1000.0, 'Spliters': 1.0, 'Counters': 14.0}, {'Max_spout': 1000.0, 'Spliters': 1.0, 'Counters': 12.0}, {'Max_spout': 1000.0, 'Spliters': 3.0, 'Counters': 17.0}, {'Max_spout': 1000.0, 'Spliters': 3.0, 'Counters': 14.0}, {'Max_spout': 100000.0, 'Spliters': 1.0, 'Counters': 14.0}, {'Max_spout': 1000000.0, 'Spliters': 6.0, 'Counters': 1.0}, {'Max_spout': 10000.0, 'Spliters': 2.0, 'Counters': 6.0}, {'Max_spout': 1000.0, 'Spliters': 5.0, 'Counters': 10.0}, {'Max_spout': 1000000.0, 'Spliters': 2.0, 'Counters': 18.0}, {'Max_spout': 10000.0, 'Spliters': 2.0, 'Counters': 17.0}, {'Max_spout': 100000.0, 'Spliters': 3.0, 'Counters': 14.0}, {'Max_spout': 100.0, 'Spliters': 2.0, 'Counters': 18.0}, {'Max_spout': 100000.0, 'Spliters': 3.0, 'Counters': 13.0}, {'Max_spout': 100000.0, 'Spliters': 2.0, 'Counters': 12.0}, {'Max_spout': 1000.0, 'Spliters': 2.0, 'Counters': 17.0}
0.16476005941792837, 0.12371969767889157, 0.2103927465921025, 0.24702705477618103, 0.24324610341910924, 0.21626152942507804, 0.2226217790786872, 0.2791900689529295, 0.27100783026302744, 0.2577068564681886, 0.3128116492913352, 0.2392286039050402, 0.32119951352471876, 0.13380251720146819, 0.13361873109709843, 0.280387931922528, 0.3072431537538005, 0.2942828815365135, 0.14512965696185742, 0.20413732624457137
0.23201394081115723, 0.09024953842163086, 0.0947563648223877, 0.11784601211547852, 0.1461479663848877, 0.0975487232208252, 0.11832785606384277, 0.0923306941986084, 0.0777132511138916, 0.1025538444519043, 0.10428690910339355, 0.12308669090270996, 0.11642169952392578, 0.14793872833251953, 0.06781840324401855, 0.11465787887573242, 0.08236908912658691, 0.1299121379852295, 0.1151435375213623, 0.13522672653198242