{'Max_spout': 10000.0, 'Spliters': 2.0, 'Counters': 14.0}, {'Max_spout': 100000.0, 'Spliters': 2.0, 'Counters': 17.0}, {'Max_spout': 1000000.0, 'Spliters': 2.0, 'Counters': 13.0}, {'Max_spout': 10000.0, 'Spliters': 2.0, 'Counters': 11.0}, {'Max_spout': 10000.0, 'Spliters': 2.0, 'Counters': 13.0}, {'Max_spout': 1000.0, 'Spliters': 1.0, 'Counters': 14.0}, {'Max_spout': 10000.0, 'Spliters': 2.0, 'Counters': 14.0}, {'Max_spout': 100000.0, 'Spliters': 1.0, 'Counters': 11.0}, {'Max_spout': 100000.0, 'Spliters': 2.0, 'Counters': 13.0}, {'Max_spout': 1000000.0, 'Spliters': 2.0, 'Counters': 13.0}, {'Max_spout': 10000.0, 'Spliters': 2.0, 'Counters': 17.0}, {'Max_spout': 10000.0, 'Spliters': 2.0, 'Counters': 6.0}, {'Max_spout': 100000.0, 'Spliters': 1.0, 'Counters': 10.0}, {'Max_spout': 1000000.0, 'Spliters': 2.0, 'Counters': 18.0}, {'Max_spout': 10000.0, 'Spliters': 2.0, 'Counters': 17.0}, {'Max_spout': 10000.0, 'Spliters': 2.0, 'Counters': 15.0}, {'Max_spout': 1000.0, 'Spliters': 2.0, 'Counters': 18.0}, {'Max_spout': 100000.0, 'Spliters': 2.0, 'Counters': 15.0}, {'Max_spout': 100000.0, 'Spliters': 2.0, 'Counters': 12.0}, {'Max_spout': 1000000.0, 'Spliters': 2.0, 'Counters': 12.0}
0.15332396214456634, 0.12371969767889157, 0.1753336643562795, 0.17147007144779203, 0.18561058666702812, 0.21626152942507804, 0.15332396214456634, 0.23453324511852047, 0.14855608246731045, 0.1753336643562795, 0.13361873109709843, 0.2392286039050402, 0.2534341111142201, 0.13380251720146819, 0.13361873109709843, 0.12284324324612461, 0.2352639057826642, 0.132539345926719, 0.14512965696185742, 0.17863486685012364
0.24953389167785645, 0.16058659553527832, 0.3277320861816406, 0.34758687019348145, 0.19168710708618164, 0.1790180206298828, 0.1910572052001953, 0.17888593673706055, 0.1353921890258789, 0.15993881225585938, 0.17971134185791016, 0.152801513671875, 0.7585954666137695, 0.12256574630737305, 0.09106779098510742, 0.1621713638305664, 0.16164135932922363, 0.14725327491760254, 0.12055730819702148, 0.12830495834350586