{'Max_spout': 10000.0, 'Spliters': 2.0, 'Counters': 12.0}, {'Max_spout': 100000.0, 'Spliters': 2.0, 'Counters': 17.0}, {'Max_spout': 1000000.0, 'Spliters': 2.0, 'Counters': 9.0}, {'Max_spout': 10000.0, 'Spliters': 1.0, 'Counters': 6.0}, {'Max_spout': 10000.0, 'Spliters': 1.0, 'Counters': 18.0}, {'Max_spout': 100000.0, 'Spliters': 1.0, 'Counters': 7.0}, {'Max_spout': 10000.0, 'Spliters': 1.0, 'Counters': 14.0}, {'Max_spout': 10000.0, 'Spliters': 3.0, 'Counters': 13.0}, {'Max_spout': 1000.0, 'Spliters': 4.0, 'Counters': 12.0}, {'Max_spout': 100000.0, 'Spliters': 1.0, 'Counters': 14.0}, {'Max_spout': 1000000.0, 'Spliters': 6.0, 'Counters': 1.0}, {'Max_spout': 10000.0, 'Spliters': 2.0, 'Counters': 6.0}, {'Max_spout': 100.0, 'Spliters': 6.0, 'Counters': 2.0}, {'Max_spout': 1000000.0, 'Spliters': 2.0, 'Counters': 18.0}, {'Max_spout': 10000.0, 'Spliters': 2.0, 'Counters': 17.0}, {'Max_spout': 100000.0, 'Spliters': 3.0, 'Counters': 14.0}, {'Max_spout': 100.0, 'Spliters': 2.0, 'Counters': 18.0}, {'Max_spout': 100000.0, 'Spliters': 3.0, 'Counters': 13.0}, {'Max_spout': 100000.0, 'Spliters': 2.0, 'Counters': 12.0}, {'Max_spout': 10000.0, 'Spliters': 3.0, 'Counters': 2.0}
0.16476005941792837, 0.12371969767889157, 0.2103927465921025, 0.24702705477618103, 0.24324610341910924, 0.2872648310416718, 0.2503918831855877, 0.28619693005929525, 0.31589143360957284, 0.2577068564681886, 0.3128116492913352, 0.2392286039050402, 0.3415261144593673, 0.13380251720146819, 0.13361873109709843, 0.280387931922528, 0.3072431537538005, 0.2942828815365135, 0.14512965696185742, 0.24761777002500884
0.14462637901306152, 0.09739470481872559, 0.1444544792175293, 0.09672927856445312, 0.1102442741394043, 0.11758637428283691, 0.1517636775970459, 0.07101678848266602, 0.06645488739013672, 0.04441690444946289, 0.06554436683654785, 0.06134319305419922, 0.04644274711608887, 0.04120206832885742, 0.06066417694091797, 0.05424332618713379, 0.06386351585388184, 0.08490800857543945, 0.08678340911865234, 0.06713986396789551