{'Max_spout': 10000.0, 'Spliters': 2.0, 'Counters': 12.0}, {'Max_spout': 100000.0, 'Spliters': 2.0, 'Counters': 17.0}, {'Max_spout': 1000000.0, 'Spliters': 2.0, 'Counters': 9.0}, {'Max_spout': 10000.0, 'Spliters': 1.0, 'Counters': 6.0}, {'Max_spout': 10000.0, 'Spliters': 1.0, 'Counters': 18.0}, {'Max_spout': 1000.0, 'Spliters': 1.0, 'Counters': 14.0}, {'Max_spout': 10000.0, 'Spliters': 2.0, 'Counters': 14.0}, {'Max_spout': 1000.0, 'Spliters': 3.0, 'Counters': 16.0}, {'Max_spout': 100000.0, 'Spliters': 3.0, 'Counters': 2.0}, {'Max_spout': 1000000.0, 'Spliters': 2.0, 'Counters': 15.0}, {'Max_spout': 10000.0, 'Spliters': 2.0, 'Counters': 17.0}, {'Max_spout': 10000.0, 'Spliters': 2.0, 'Counters': 6.0}, {'Max_spout': 100000.0, 'Spliters': 1.0, 'Counters': 10.0}, {'Max_spout': 1000000.0, 'Spliters': 2.0, 'Counters': 18.0}, {'Max_spout': 10000.0, 'Spliters': 2.0, 'Counters': 17.0}, {'Max_spout': 10000.0, 'Spliters': 2.0, 'Counters': 15.0}, {'Max_spout': 1000.0, 'Spliters': 4.0, 'Counters': 16.0}, {'Max_spout': 100000.0, 'Spliters': 2.0, 'Counters': 13.0}, {'Max_spout': 100000.0, 'Spliters': 2.0, 'Counters': 12.0}, {'Max_spout': 1000.0, 'Spliters': 2.0, 'Counters': 17.0}
0.16476005941792837, 0.12371969767889157, 0.2103927465921025, 0.24702705477618103, 0.24324610341910924, 0.21626152942507804, 0.15332396214456634, 0.27668511940262697, 0.24275536721044977, 0.19052519703880066, 0.13361873109709843, 0.2392286039050402, 0.2534341111142201, 0.13380251720146819, 0.13361873109709843, 0.12284324324612461, 0.27304161852098785, 0.14855608246731045, 0.14512965696185742, 0.20413732624457137
0.20922279357910156, 0.15639758110046387, 0.13064050674438477, 0.3306753635406494, 0.11901140213012695, 0.18230605125427246, 0.19334793090820312, 0.1381394863128662, 0.1357862949371338, 0.17682456970214844, 0.1844959259033203, 0.1310131549835205, 0.2721221446990967, 0.09878301620483398, 0.1149451732635498, 0.12353277206420898, 0.13958477973937988, 0.12294197082519531, 0.1367805004119873, 0.10485410690307617