{'Max_spout': 10000.0, 'Spliters': 2.0, 'Counters': 15.0}, {'Max_spout': 100000.0, 'Spliters': 2.0, 'Counters': 17.0}, {'Max_spout': 100000.0, 'Spliters': 2.0, 'Counters': 13.0}, {'Max_spout': 10000.0, 'Spliters': 2.0, 'Counters': 11.0}, {'Max_spout': 10000.0, 'Spliters': 2.0, 'Counters': 15.0}, {'Max_spout': 100000.0, 'Spliters': 2.0, 'Counters': 18.0}, {'Max_spout': 100000.0, 'Spliters': 2.0, 'Counters': 12.0}, {'Max_spout': 100000.0, 'Spliters': 2.0, 'Counters': 18.0}, {'Max_spout': 100000.0, 'Spliters': 2.0, 'Counters': 17.0}, {'Max_spout': 100000.0, 'Spliters': 2.0, 'Counters': 17.0}, {'Max_spout': 100000.0, 'Spliters': 2.0, 'Counters': 17.0}, {'Max_spout': 10000.0, 'Spliters': 2.0, 'Counters': 13.0}, {'Max_spout': 100000.0, 'Spliters': 2.0, 'Counters': 18.0}, {'Max_spout': 1000000.0, 'Spliters': 2.0, 'Counters': 18.0}, {'Max_spout': 10000.0, 'Spliters': 2.0, 'Counters': 15.0}, {'Max_spout': 10000.0, 'Spliters': 2.0, 'Counters': 15.0}, {'Max_spout': 10000.0, 'Spliters': 2.0, 'Counters': 17.0}, {'Max_spout': 10000.0, 'Spliters': 2.0, 'Counters': 15.0}, {'Max_spout': 10000.0, 'Spliters': 2.0, 'Counters': 18.0}, {'Max_spout': 100000.0, 'Spliters': 2.0, 'Counters': 15.0}
0.12284324324612461, 0.12371969767889157, 0.14855608246731045, 0.17147007144779203, 0.12284324324612461, 0.15717968355457912, 0.14512965696185742, 0.15717968355457912, 0.12371969767889157, 0.12371969767889157, 0.12371969767889157, 0.18561058666702812, 0.15717968355457912, 0.13380251720146819, 0.12284324324612461, 0.12284324324612461, 0.13361873109709843, 0.12284324324612461, 0.13646979561984285, 0.132539345926719
0.4061555862426758, 0.1846320629119873, 0.2020871639251709, 0.22504377365112305, 0.2376844882965088, 0.30005908012390137, 0.38866567611694336, 0.5443105697631836, 0.6294610500335693, 0.5824973583221436, 0.5451681613922119, 0.5922167301177979, 0.9096548557281494, 0.8229477405548096, 0.4194447994232178, 0.25071239471435547, 0.30028629302978516, 0.2889842987060547, 0.27522945404052734, 0.31139183044433594