{'Max_spout': 100.0, 'Spliters': 2.0, 'Counters': 12.0}, {'Max_spout': 10000.0, 'Spliters': 2.0, 'Counters': 9.0}, {'Max_spout': 1000.0, 'Spliters': 2.0, 'Counters': 12.0}, {'Max_spout': 1000.0, 'Spliters': 2.0, 'Counters': 12.0}, {'Max_spout': 1000.0, 'Spliters': 2.0, 'Counters': 15.0}, {'Max_spout': 1000.0, 'Spliters': 2.0, 'Counters': 12.0}, {'Max_spout': 10000.0, 'Spliters': 2.0, 'Counters': 9.0}, {'Max_spout': 1000.0, 'Spliters': 2.0, 'Counters': 12.0}, {'Max_spout': 1000.0, 'Spliters': 2.0, 'Counters': 9.0}, {'Max_spout': 1000.0, 'Spliters': 2.0, 'Counters': 15.0}, {'Max_spout': 10000.0, 'Spliters': 2.0, 'Counters': 6.0}, {'Max_spout': 1000.0, 'Spliters': 2.0, 'Counters': 9.0}, {'Max_spout': 10000.0, 'Spliters': 2.0, 'Counters': 6.0}, {'Max_spout': 100.0, 'Spliters': 2.0, 'Counters': 12.0}, {'Max_spout': 1000.0, 'Spliters': 2.0, 'Counters': 9.0}, {'Max_spout': 1000.0, 'Spliters': 2.0, 'Counters': 18.0}, {'Max_spout': 1000.0, 'Spliters': 2.0, 'Counters': 9.0}, {'Max_spout': 1000.0, 'Spliters': 2.0, 'Counters': 9.0}, {'Max_spout': 1000.0, 'Spliters': 2.0, 'Counters': 15.0}, {'Max_spout': 10000.0, 'Spliters': 2.0, 'Counters': 15.0}
0.405608670201996, 0.3915810157618045, 0.34825220828017067, 0.34825220828017067, 0.3534006710681069, 0.34825220828017067, 0.3915810157618045, 0.34825220828017067, 0.3843556979164898, 0.3534006710681069, 0.4048595507354926, 0.3843556979164898, 0.4048595507354926, 0.405608670201996, 0.3843556979164898, 0.3670307857723123, 0.3843556979164898, 0.3843556979164898, 0.3534006710681069, 0.3975491585218419
0.22084856033325195, 0.13124799728393555, 0.11805248260498047, 0.10991358757019043, 0.10750865936279297, 0.12114739418029785, 0.124755859375, 0.12171435356140137, 0.11025714874267578, 0.26210927963256836, 0.36474013328552246, 0.3583836555480957, 0.13333606719970703, 0.15975403785705566, 0.15212750434875488, 0.13025689125061035, 0.15458464622497559, 0.16299009323120117, 0.13689613342285156, 0.11925315856933594