{'Max_spout': 10000.0, 'Spliters': 2.0, 'Counters': 12.0}, {'Max_spout': 10000.0, 'Spliters': 2.0, 'Counters': 15.0}, {'Max_spout': 1000.0, 'Spliters': 2.0, 'Counters': 12.0}, {'Max_spout': 1000.0, 'Spliters': 2.0, 'Counters': 12.0}, {'Max_spout': 10000.0, 'Spliters': 6.0, 'Counters': 15.0}, {'Max_spout': 10000.0, 'Spliters': 2.0, 'Counters': 15.0}, {'Max_spout': 10000.0, 'Spliters': 2.0, 'Counters': 9.0}, {'Max_spout': 1000.0, 'Spliters': 2.0, 'Counters': 12.0}, {'Max_spout': 1000.0, 'Spliters': 2.0, 'Counters': 9.0}, {'Max_spout': 100.0, 'Spliters': 2.0, 'Counters': 15.0}, {'Max_spout': 10000.0, 'Spliters': 6.0, 'Counters': 18.0}, {'Max_spout': 10000.0, 'Spliters': 2.0, 'Counters': 9.0}, {'Max_spout': 10000.0, 'Spliters': 2.0, 'Counters': 6.0}, {'Max_spout': 100000.0, 'Spliters': 6.0, 'Counters': 12.0}, {'Max_spout': 10000.0, 'Spliters': 2.0, 'Counters': 9.0}, {'Max_spout': 1000.0, 'Spliters': 2.0, 'Counters': 18.0}, {'Max_spout': 100000.0, 'Spliters': 2.0, 'Counters': 15.0}, {'Max_spout': 1000.0, 'Spliters': 2.0, 'Counters': 9.0}, {'Max_spout': 1000000.0, 'Spliters': 2.0, 'Counters': 15.0}, {'Max_spout': 10000.0, 'Spliters': 2.0, 'Counters': 15.0}
0.4060542266639211, 0.3975491585218419, 0.34825220828017067, 0.34825220828017067, 0.46376947806057345, 0.3975491585218419, 0.3915810157618045, 0.34825220828017067, 0.3843556979164898, 0.42069156568117205, 0.4475080432583598, 0.3915810157618045, 0.4048595507354926, 0.4488602405241635, 0.3915810157618045, 0.3670307857723123, 0.43629833300548926, 0.3843556979164898, 0.4437836724363142, 0.3975491585218419
0.17314648628234863, 0.13582563400268555, 0.12724065780639648, 0.10049915313720703, 0.1340475082397461, 0.09062552452087402, 0.14811372756958008, 0.16750502586364746, 0.08058333396911621, 0.1570889949798584, 0.12688899040222168, 0.1648261547088623, 0.17377948760986328, 0.1036984920501709, 0.25014638900756836, 0.26795411109924316, 0.09612894058227539, 0.06534981727600098, 0.13814353942871094, 0.10983014106750488