{'Max_spout': 1000.0, 'Spliters': 2.0, 'Counters': 12.0}, {'Max_spout': 1000.0, 'Spliters': 2.0, 'Counters': 12.0}, {'Max_spout': 1000.0, 'Spliters': 2.0, 'Counters': 12.0}, {'Max_spout': 1000.0, 'Spliters': 2.0, 'Counters': 12.0}, {'Max_spout': 1000.0, 'Spliters': 2.0, 'Counters': 12.0}, {'Max_spout': 1000.0, 'Spliters': 2.0, 'Counters': 12.0}, {'Max_spout': 1000.0, 'Spliters': 2.0, 'Counters': 12.0}, {'Max_spout': 1000.0, 'Spliters': 2.0, 'Counters': 12.0}, {'Max_spout': 1000.0, 'Spliters': 2.0, 'Counters': 12.0}, {'Max_spout': 1000.0, 'Spliters': 2.0, 'Counters': 12.0}, {'Max_spout': 1000.0, 'Spliters': 2.0, 'Counters': 12.0}, {'Max_spout': 1000.0, 'Spliters': 2.0, 'Counters': 12.0}, {'Max_spout': 1000.0, 'Spliters': 2.0, 'Counters': 12.0}, {'Max_spout': 1000.0, 'Spliters': 2.0, 'Counters': 12.0}, {'Max_spout': 1000.0, 'Spliters': 2.0, 'Counters': 12.0}, {'Max_spout': 1000.0, 'Spliters': 2.0, 'Counters': 12.0}, {'Max_spout': 1000.0, 'Spliters': 2.0, 'Counters': 12.0}, {'Max_spout': 1000.0, 'Spliters': 2.0, 'Counters': 12.0}, {'Max_spout': 1000.0, 'Spliters': 2.0, 'Counters': 12.0}, {'Max_spout': 1000.0, 'Spliters': 2.0, 'Counters': 12.0}
0.34825220828017067, 0.34825220828017067, 0.34825220828017067, 0.34825220828017067, 0.34825220828017067, 0.34825220828017067, 0.34825220828017067, 0.34825220828017067, 0.34825220828017067, 0.34825220828017067, 0.34825220828017067, 0.34825220828017067, 0.34825220828017067, 0.34825220828017067, 0.34825220828017067, 0.34825220828017067, 0.34825220828017067, 0.34825220828017067, 0.34825220828017067, 0.34825220828017067
0.4212944507598877, 0.37267136573791504, 0.3089945316314697, 0.26328396797180176, 0.3143634796142578, 0.34287190437316895, 0.2866241931915283, 0.2852311134338379, 0.2790679931640625, 0.3770580291748047, 0.5015819072723389, 0.5075874328613281, 0.3685176372528076, 0.3377556800842285, 0.416245698928833, 0.4139516353607178, 0.3226511478424072, 0.2919020652770996, 0.30560970306396484, 0.3162567615509033