{'Max_spout': 1000.0, 'Spliters': 2.0, 'Counters': 12.0}, {'Max_spout': 10000.0, 'Spliters': 2.0, 'Counters': 9.0}, {'Max_spout': 1000.0, 'Spliters': 2.0, 'Counters': 12.0}, {'Max_spout': 1000.0, 'Spliters': 2.0, 'Counters': 12.0}, {'Max_spout': 1000.0, 'Spliters': 2.0, 'Counters': 12.0}, {'Max_spout': 1000.0, 'Spliters': 2.0, 'Counters': 12.0}, {'Max_spout': 1000.0, 'Spliters': 2.0, 'Counters': 12.0}, {'Max_spout': 1000.0, 'Spliters': 2.0, 'Counters': 12.0}, {'Max_spout': 1000.0, 'Spliters': 2.0, 'Counters': 12.0}, {'Max_spout': 1000.0, 'Spliters': 2.0, 'Counters': 12.0}, {'Max_spout': 1000.0, 'Spliters': 2.0, 'Counters': 12.0}, {'Max_spout': 1000.0, 'Spliters': 2.0, 'Counters': 12.0}, {'Max_spout': 1000.0, 'Spliters': 2.0, 'Counters': 9.0}, {'Max_spout': 1000.0, 'Spliters': 2.0, 'Counters': 12.0}, {'Max_spout': 1000.0, 'Spliters': 2.0, 'Counters': 15.0}, {'Max_spout': 1000.0, 'Spliters': 2.0, 'Counters': 15.0}, {'Max_spout': 1000.0, 'Spliters': 2.0, 'Counters': 12.0}, {'Max_spout': 1000.0, 'Spliters': 2.0, 'Counters': 12.0}, {'Max_spout': 1000.0, 'Spliters': 2.0, 'Counters': 12.0}, {'Max_spout': 1000.0, 'Spliters': 2.0, 'Counters': 12.0}
0.34825220828017067, 0.3915810157618045, 0.34825220828017067, 0.34825220828017067, 0.34825220828017067, 0.34825220828017067, 0.34825220828017067, 0.34825220828017067, 0.34825220828017067, 0.34825220828017067, 0.34825220828017067, 0.34825220828017067, 0.3843556979164898, 0.34825220828017067, 0.3534006710681069, 0.3534006710681069, 0.34825220828017067, 0.34825220828017067, 0.34825220828017067, 0.34825220828017067
0.30944299697875977, 0.20577192306518555, 0.24058890342712402, 0.16719865798950195, 0.23714876174926758, 0.19945430755615234, 0.19744277000427246, 0.25047874450683594, 0.20587849617004395, 0.268862247467041, 0.344102144241333, 0.39564037322998047, 0.30968809127807617, 0.2848069667816162, 0.2771646976470947, 0.18388128280639648, 0.21111297607421875, 0.19180846214294434, 0.2397303581237793, 0.27664756774902344