{'Max_spout': 1000.0, 'Spliters': 2.0, 'Counters': 3.0}, {'Max_spout': 1000000.0, 'Spliters': 6.0, 'Counters': 6.0}, {'Max_spout': 1000.0, 'Spliters': 2.0, 'Counters': 12.0}, {'Max_spout': 1000.0, 'Spliters': 2.0, 'Counters': 12.0}, {'Max_spout': 1000.0, 'Spliters': 1.0, 'Counters': 6.0}, {'Max_spout': 1000000.0, 'Spliters': 6.0, 'Counters': 12.0}, {'Max_spout': 10000.0, 'Spliters': 2.0, 'Counters': 9.0}, {'Max_spout': 1000000.0, 'Spliters': 2.0, 'Counters': 12.0}, {'Max_spout': 1000.0, 'Spliters': 2.0, 'Counters': 9.0}, {'Max_spout': 1000000.0, 'Spliters': 2.0, 'Counters': 15.0}, {'Max_spout': 10000.0, 'Spliters': 6.0, 'Counters': 18.0}, {'Max_spout': 100000.0, 'Spliters': 6.0, 'Counters': 12.0}, {'Max_spout': 1000.0, 'Spliters': 2.0, 'Counters': 6.0}, {'Max_spout': 100000.0, 'Spliters': 6.0, 'Counters': 18.0}, {'Max_spout': 10000.0, 'Spliters': 2.0, 'Counters': 9.0}, {'Max_spout': 1000.0, 'Spliters': 2.0, 'Counters': 18.0}, {'Max_spout': 100000.0, 'Spliters': 6.0, 'Counters': 12.0}, {'Max_spout': 10000.0, 'Spliters': 6.0, 'Counters': 15.0}, {'Max_spout': 1000000.0, 'Spliters': 6.0, 'Counters': 15.0}, {'Max_spout': 10000.0, 'Spliters': 2.0, 'Counters': 6.0}
0.4797667742484102, 0.4607099566646824, 0.34825220828017067, 0.34825220828017067, 0.504753926626011, 0.45132372310007496, 0.3915810157618045, 0.47464293365645127, 0.3843556979164898, 0.4437836724363142, 0.4475080432583598, 0.4488602405241635, 0.42471564247809135, 0.46030367959212204, 0.3915810157618045, 0.3670307857723123, 0.4488602405241635, 0.46376947806057345, 0.4750693614314816, 0.4048595507354926
0.12937402725219727, 0.09176182746887207, 0.11825418472290039, 0.08276605606079102, 0.07372474670410156, 0.12302565574645996, 0.07843971252441406, 0.15676617622375488, 0.08358025550842285, 0.20299196243286133, 0.08696770668029785, 0.2100532054901123, 0.1759939193725586, 0.11697721481323242, 0.21039962768554688, 0.10749197006225586, 0.16495704650878906, 0.055159807205200195, 0.11290168762207031, 0.11491107940673828