{'Max_spout': 1000.0, 'Spliters': 2.0, 'Counters': 3.0}, {'Max_spout': 1000000.0, 'Spliters': 6.0, 'Counters': 6.0}, {'Max_spout': 100.0, 'Spliters': 6.0, 'Counters': 6.0}, {'Max_spout': 1000.0, 'Spliters': 2.0, 'Counters': 12.0}, {'Max_spout': 1000.0, 'Spliters': 1.0, 'Counters': 6.0}, {'Max_spout': 1000000.0, 'Spliters': 6.0, 'Counters': 12.0}, {'Max_spout': 10000.0, 'Spliters': 2.0, 'Counters': 9.0}, {'Max_spout': 1000000.0, 'Spliters': 2.0, 'Counters': 12.0}, {'Max_spout': 1000.0, 'Spliters': 2.0, 'Counters': 9.0}, {'Max_spout': 1000000.0, 'Spliters': 2.0, 'Counters': 15.0}, {'Max_spout': 10000.0, 'Spliters': 6.0, 'Counters': 18.0}, {'Max_spout': 100000.0, 'Spliters': 6.0, 'Counters': 12.0}, {'Max_spout': 1000.0, 'Spliters': 2.0, 'Counters': 6.0}, {'Max_spout': 100000.0, 'Spliters': 6.0, 'Counters': 18.0}, {'Max_spout': 1000.0, 'Spliters': 2.0, 'Counters': 3.0}, {'Max_spout': 1000.0, 'Spliters': 2.0, 'Counters': 18.0}, {'Max_spout': 100000.0, 'Spliters': 6.0, 'Counters': 12.0}, {'Max_spout': 10000.0, 'Spliters': 6.0, 'Counters': 15.0}, {'Max_spout': 1000000.0, 'Spliters': 6.0, 'Counters': 15.0}, {'Max_spout': 10000.0, 'Spliters': 2.0, 'Counters': 6.0}
0.4797667742484102, 0.4607099566646824, 0.4963552162903253, 0.34825220828017067, 0.504753926626011, 0.45132372310007496, 0.3915810157618045, 0.47464293365645127, 0.3843556979164898, 0.4437836724363142, 0.4475080432583598, 0.4488602405241635, 0.42471564247809135, 0.46030367959212204, 0.4797667742484102, 0.3670307857723123, 0.4488602405241635, 0.46376947806057345, 0.4750693614314816, 0.4048595507354926
0.13622212409973145, 0.1168208122253418, 0.08705592155456543, 0.1168982982635498, 0.043725013732910156, 0.06856775283813477, 0.0812523365020752, 0.044280052185058594, 0.09301280975341797, 0.0748445987701416, 0.07894229888916016, 0.11193370819091797, 0.1192021369934082, 0.048691511154174805, 0.06881189346313477, 0.04663538932800293, 0.03497028350830078, 0.08077454566955566, 0.0908970832824707, 0.09845709800720215