{'Max_spout': 10000.0, 'Spliters': 2.0, 'Counters': 12.0}, {'Max_spout': 10000.0, 'Spliters': 2.0, 'Counters': 12.0}, {'Max_spout': 1000.0, 'Spliters': 2.0, 'Counters': 12.0}, {'Max_spout': 1000.0, 'Spliters': 2.0, 'Counters': 12.0}, {'Max_spout': 1000.0, 'Spliters': 2.0, 'Counters': 12.0}, {'Max_spout': 1000.0, 'Spliters': 2.0, 'Counters': 15.0}, {'Max_spout': 10000.0, 'Spliters': 2.0, 'Counters': 12.0}, {'Max_spout': 1000.0, 'Spliters': 2.0, 'Counters': 15.0}, {'Max_spout': 1000.0, 'Spliters': 2.0, 'Counters': 15.0}, {'Max_spout': 1000.0, 'Spliters': 2.0, 'Counters': 9.0}, {'Max_spout': 100000.0, 'Spliters': 2.0, 'Counters': 18.0}, {'Max_spout': 1000.0, 'Spliters': 2.0, 'Counters': 15.0}, {'Max_spout': 1000.0, 'Spliters': 2.0, 'Counters': 15.0}, {'Max_spout': 1000.0, 'Spliters': 2.0, 'Counters': 12.0}, {'Max_spout': 10000.0, 'Spliters': 2.0, 'Counters': 12.0}, {'Max_spout': 1000.0, 'Spliters': 2.0, 'Counters': 18.0}, {'Max_spout': 1000.0, 'Spliters': 2.0, 'Counters': 12.0}, {'Max_spout': 1000.0, 'Spliters': 2.0, 'Counters': 9.0}, {'Max_spout': 1000.0, 'Spliters': 2.0, 'Counters': 12.0}, {'Max_spout': 10000.0, 'Spliters': 2.0, 'Counters': 15.0}
0.3777081854880393, 0.3777081854880393, 0.353038171607748, 0.353038171607748, 0.353038171607748, 0.33404364197772773, 0.3777081854880393, 0.33404364197772773, 0.33404364197772773, 0.40781820730939655, 0.42885023240274767, 0.33404364197772773, 0.33404364197772773, 0.353038171607748, 0.3777081854880393, 0.3513569799560069, 0.353038171607748, 0.40781820730939655, 0.353038171607748, 0.42572488935337316
0.25608134269714355, 0.17338228225708008, 0.12315726280212402, 0.10880303382873535, 0.1406867504119873, 0.1450643539428711, 0.16132688522338867, 0.13859891891479492, 0.10665774345397949, 0.17272567749023438, 0.17727327346801758, 0.22689461708068848, 0.13992643356323242, 0.19827747344970703, 0.18592095375061035, 0.19538402557373047, 0.18486857414245605, 0.1315443515777588, 0.19406342506408691, 0.14404654502868652