{'Max_spout': 1000.0, 'Spliters': 2.0, 'Counters': 18.0}, {'Max_spout': 1000.0, 'Spliters': 2.0, 'Counters': 15.0}, {'Max_spout': 1000.0, 'Spliters': 2.0, 'Counters': 15.0}, {'Max_spout': 1000.0, 'Spliters': 2.0, 'Counters': 15.0}, {'Max_spout': 1000.0, 'Spliters': 2.0, 'Counters': 12.0}, {'Max_spout': 1000.0, 'Spliters': 2.0, 'Counters': 15.0}, {'Max_spout': 1000.0, 'Spliters': 2.0, 'Counters': 18.0}, {'Max_spout': 1000.0, 'Spliters': 2.0, 'Counters': 15.0}, {'Max_spout': 1000.0, 'Spliters': 2.0, 'Counters': 15.0}, {'Max_spout': 1000.0, 'Spliters': 2.0, 'Counters': 12.0}, {'Max_spout': 10000.0, 'Spliters': 2.0, 'Counters': 12.0}, {'Max_spout': 1000.0, 'Spliters': 2.0, 'Counters': 15.0}, {'Max_spout': 1000.0, 'Spliters': 2.0, 'Counters': 15.0}, {'Max_spout': 1000.0, 'Spliters': 2.0, 'Counters': 15.0}, {'Max_spout': 1000.0, 'Spliters': 2.0, 'Counters': 12.0}, {'Max_spout': 1000.0, 'Spliters': 2.0, 'Counters': 15.0}, {'Max_spout': 1000.0, 'Spliters': 2.0, 'Counters': 15.0}, {'Max_spout': 1000.0, 'Spliters': 2.0, 'Counters': 15.0}, {'Max_spout': 1000.0, 'Spliters': 2.0, 'Counters': 15.0}, {'Max_spout': 1000.0, 'Spliters': 2.0, 'Counters': 15.0}
0.3513569799560069, 0.33404364197772773, 0.33404364197772773, 0.33404364197772773, 0.353038171607748, 0.33404364197772773, 0.3513569799560069, 0.33404364197772773, 0.33404364197772773, 0.353038171607748, 0.3777081854880393, 0.33404364197772773, 0.33404364197772773, 0.33404364197772773, 0.353038171607748, 0.33404364197772773, 0.33404364197772773, 0.33404364197772773, 0.33404364197772773, 0.33404364197772773
0.2725822925567627, 0.34161949157714844, 0.2243022918701172, 0.17015385627746582, 0.1827552318572998, 0.22281765937805176, 0.24757838249206543, 0.23971915245056152, 0.2450718879699707, 0.25754404067993164, 0.3128378391265869, 0.31351613998413086, 0.18963170051574707, 0.21028947830200195, 0.1961662769317627, 0.14468169212341309, 0.16097187995910645, 0.1809253692626953, 0.2106308937072754, 0.20887374877929688