{'Max_spout': 1000.0, 'Spliters': 2.0, 'Counters': 3.0}, {'Max_spout': 1000.0, 'Spliters': 6.0, 'Counters': 15.0}, {'Max_spout': 100.0, 'Spliters': 6.0, 'Counters': 6.0}, {'Max_spout': 1000.0, 'Spliters': 2.0, 'Counters': 12.0}, {'Max_spout': 1000.0, 'Spliters': 1.0, 'Counters': 6.0}, {'Max_spout': 1000000.0, 'Spliters': 6.0, 'Counters': 12.0}, {'Max_spout': 10000.0, 'Spliters': 2.0, 'Counters': 9.0}, {'Max_spout': 1000000.0, 'Spliters': 6.0, 'Counters': 15.0}, {'Max_spout': 10000.0, 'Spliters': 2.0, 'Counters': 9.0}, {'Max_spout': 1000.0, 'Spliters': 3.0, 'Counters': 9.0}, {'Max_spout': 10000.0, 'Spliters': 6.0, 'Counters': 18.0}, {'Max_spout': 100000.0, 'Spliters': 6.0, 'Counters': 12.0}, {'Max_spout': 1000.0, 'Spliters': 2.0, 'Counters': 6.0}, {'Max_spout': 100000.0, 'Spliters': 6.0, 'Counters': 18.0}, {'Max_spout': 1000.0, 'Spliters': 2.0, 'Counters': 3.0}, {'Max_spout': 1000.0, 'Spliters': 2.0, 'Counters': 18.0}, {'Max_spout': 10000.0, 'Spliters': 6.0, 'Counters': 9.0}, {'Max_spout': 10000.0, 'Spliters': 6.0, 'Counters': 15.0}, {'Max_spout': 1000000.0, 'Spliters': 6.0, 'Counters': 15.0}, {'Max_spout': 10000.0, 'Spliters': 2.0, 'Counters': 6.0}
0.49280699652739335, 0.4620269596269353, 0.5021169684422148, 0.353038171607748, 0.49240578970723936, 0.4426252477282385, 0.391479583096187, 0.45382663094968345, 0.391479583096187, 0.5106061063097496, 0.45021922311446794, 0.4526470286993124, 0.41431724775011136, 0.430935374360889, 0.49280699652739335, 0.3513569799560069, 0.4512162617317901, 0.45815727634111725, 0.45382663094968345, 0.42781165897207585
0.19666457176208496, 0.14203357696533203, 0.14866995811462402, 0.16699624061584473, 0.1730952262878418, 0.1679973602294922, 0.0896604061126709, 0.12344002723693848, 0.08868193626403809, 0.1297457218170166, 0.09040379524230957, 0.07410073280334473, 0.06631326675415039, 0.07080674171447754, 0.1134335994720459, 0.0650641918182373, 0.05965685844421387, 0.04788494110107422, 0.07880091667175293, 0.06983304023742676