{'Max_spout': 1000.0, 'Spliters': 2.0, 'Counters': 9.0}, {'Max_spout': 10000.0, 'Spliters': 2.0, 'Counters': 15.0}, {'Max_spout': 1000.0, 'Spliters': 2.0, 'Counters': 12.0}, {'Max_spout': 1000.0, 'Spliters': 2.0, 'Counters': 12.0}, {'Max_spout': 10000.0, 'Spliters': 2.0, 'Counters': 15.0}, {'Max_spout': 1000000.0, 'Spliters': 6.0, 'Counters': 12.0}, {'Max_spout': 10000.0, 'Spliters': 2.0, 'Counters': 12.0}, {'Max_spout': 1000.0, 'Spliters': 2.0, 'Counters': 15.0}, {'Max_spout': 10000.0, 'Spliters': 2.0, 'Counters': 9.0}, {'Max_spout': 100000.0, 'Spliters': 6.0, 'Counters': 18.0}, {'Max_spout': 10000.0, 'Spliters': 6.0, 'Counters': 18.0}, {'Max_spout': 1000.0, 'Spliters': 2.0, 'Counters': 9.0}, {'Max_spout': 1000.0, 'Spliters': 2.0, 'Counters': 6.0}, {'Max_spout': 10000.0, 'Spliters': 2.0, 'Counters': 9.0}, {'Max_spout': 10000.0, 'Spliters': 2.0, 'Counters': 12.0}, {'Max_spout': 1000.0, 'Spliters': 2.0, 'Counters': 18.0}, {'Max_spout': 10000.0, 'Spliters': 2.0, 'Counters': 12.0}, {'Max_spout': 1000.0, 'Spliters': 2.0, 'Counters': 9.0}, {'Max_spout': 10000.0, 'Spliters': 6.0, 'Counters': 18.0}, {'Max_spout': 10000.0, 'Spliters': 2.0, 'Counters': 15.0}
0.40781820730939655, 0.42572488935337316, 0.353038171607748, 0.353038171607748, 0.42572488935337316, 0.4426252477282385, 0.3777081854880393, 0.33404364197772773, 0.391479583096187, 0.430935374360889, 0.45021922311446794, 0.40781820730939655, 0.41431724775011136, 0.391479583096187, 0.3777081854880393, 0.3513569799560069, 0.3777081854880393, 0.40781820730939655, 0.45021922311446794, 0.42572488935337316
0.1391456127166748, 0.12958264350891113, 0.11176466941833496, 0.054620981216430664, 0.1465306282043457, 0.09945249557495117, 0.11881566047668457, 0.1897745132446289, 0.09792375564575195, 0.10742902755737305, 0.0888509750366211, 0.12357854843139648, 0.09094595909118652, 0.13018178939819336, 0.1636664867401123, 0.07015538215637207, 0.09626150131225586, 0.15527892112731934, 0.1269686222076416, 0.0985558032989502