{'Width': 6.0, 'Complexity': 0.0, 'Fifo': 4.0, 'Multiplier': 1.0}, {'Width': 5.0, 'Complexity': 1.0, 'Fifo': 1.0, 'Multiplier': 10.0}, {'Width': 3.0, 'Complexity': 0.0, 'Fifo': 3.0, 'Multiplier': 1.0}, {'Width': 4.0, 'Complexity': 1.0, 'Fifo': 3.0, 'Multiplier': 1.0}, {'Width': 5.0, 'Complexity': 0.0, 'Fifo': 2.0, 'Multiplier': 1.0}, {'Width': 6.0, 'Complexity': 0.0, 'Fifo': 4.0, 'Multiplier': 10.0}, {'Width': 4.0, 'Complexity': 1.0, 'Fifo': 2.0, 'Multiplier': 1.0}, {'Width': 3.0, 'Complexity': 1.0, 'Fifo': 3.0, 'Multiplier': 5.0}, {'Width': 3.0, 'Complexity': 1.0, 'Fifo': 1.0, 'Multiplier': 1.0}, {'Width': 4.0, 'Complexity': 0.0, 'Fifo': 4.0, 'Multiplier': 10.0}, {'Width': 3.0, 'Complexity': 0.0, 'Fifo': 2.0, 'Multiplier': 1.0}, {'Width': 3.0, 'Complexity': 1.0, 'Fifo': 3.0, 'Multiplier': 1.0}, {'Width': 5.0, 'Complexity': 1.0, 'Fifo': 1.0, 'Multiplier': 2.0}, {'Width': 3.0, 'Complexity': 1.0, 'Fifo': 3.0, 'Multiplier': 5.0}, {'Width': 6.0, 'Complexity': 1.0, 'Fifo': 4.0, 'Multiplier': 1.0}, {'Width': 7.0, 'Complexity': 0.0, 'Fifo': 2.0, 'Multiplier': 2.0}, {'Width': 4.0, 'Complexity': 0.0, 'Fifo': 4.0, 'Multiplier': 2.0}, {'Width': 5.0, 'Complexity': 1.0, 'Fifo': 3.0, 'Multiplier': 5.0}, {'Width': 5.0, 'Complexity': 1.0, 'Fifo': 3.0, 'Multiplier': 2.0}, {'Width': 4.0, 'Complexity': 1.0, 'Fifo': 1.0, 'Multiplier': 2.0}
0.5090215664735307, 0.7315223560012921, 0.22587868316250503, 0.3877806214317866, 0.4613695020025905, 0.7144005805628459, 0.3877806214317866, 0.6391991176499863, 0.31315494505176633, 0.7150440227223385, 0.22587868316250503, 0.3139305450653319, 0.5829034483024184, 0.6391991176499863, 0.4847424486775527, 0.6202339879203385, 0.5408570998371044, 0.6827769515677803, 0.5835525588932539, 0.5491263607226946
0.15191054344177246, 0.07428717613220215, 0.10496950149536133, 0.09332060813903809, 0.10007691383361816, 0.09264016151428223, 0.09082937240600586, 0.12302327156066895, 0.09895205497741699, 0.07388997077941895, 0.06770682334899902, 0.07353591918945312, 0.07106256484985352, 0.09054446220397949, 0.06436848640441895, 0.11582612991333008, 0.19220709800720215, 0.1005704402923584, 0.05812501907348633, 0.059911251068115234