{'Width': 3.0, 'Complexity': 0.0, 'Fifo': 3.0, 'Multiplier': 1.0}, {'Width': 4.0, 'Complexity': 1.0, 'Fifo': 2.0, 'Multiplier': 1.0}, {'Width': 3.0, 'Complexity': 0.0, 'Fifo': 3.0, 'Multiplier': 1.0}, {'Width': 4.0, 'Complexity': 0.0, 'Fifo': 4.0, 'Multiplier': 1.0}, {'Width': 5.0, 'Complexity': 0.0, 'Fifo': 1.0, 'Multiplier': 1.0}, {'Width': 4.0, 'Complexity': 0.0, 'Fifo': 3.0, 'Multiplier': 2.0}, {'Width': 3.0, 'Complexity': 1.0, 'Fifo': 1.0, 'Multiplier': 1.0}, {'Width': 3.0, 'Complexity': 1.0, 'Fifo': 3.0, 'Multiplier': 2.0}, {'Width': 3.0, 'Complexity': 0.0, 'Fifo': 1.0, 'Multiplier': 1.0}, {'Width': 6.0, 'Complexity': 0.0, 'Fifo': 4.0, 'Multiplier': 5.0}, {'Width': 3.0, 'Complexity': 0.0, 'Fifo': 2.0, 'Multiplier': 1.0}, {'Width': 3.0, 'Complexity': 1.0, 'Fifo': 3.0, 'Multiplier': 1.0}, {'Width': 4.0, 'Complexity': 1.0, 'Fifo': 3.0, 'Multiplier': 1.0}, {'Width': 4.0, 'Complexity': 1.0, 'Fifo': 1.0, 'Multiplier': 1.0}, {'Width': 5.0, 'Complexity': 1.0, 'Fifo': 4.0, 'Multiplier': 1.0}, {'Width': 5.0, 'Complexity': 1.0, 'Fifo': 4.0, 'Multiplier': 1.0}, {'Width': 3.0, 'Complexity': 1.0, 'Fifo': 4.0, 'Multiplier': 2.0}, {'Width': 4.0, 'Complexity': 0.0, 'Fifo': 3.0, 'Multiplier': 2.0}, {'Width': 3.0, 'Complexity': 0.0, 'Fifo': 3.0, 'Multiplier': 2.0}, {'Width': 5.0, 'Complexity': 1.0, 'Fifo': 1.0, 'Multiplier': 1.0}
0.22587868316250503, 0.3877806214317866, 0.22587868316250503, 0.377903417660034, 0.46135536441445457, 0.5408570998371044, 0.31315494505176633, 0.45467580971289023, 0.22581417455021324, 0.6780011143421788, 0.22587868316250503, 0.3139305450653319, 0.3877806214317866, 0.3796361104778351, 0.44772479049532365, 0.44772479049532365, 0.45467580971289023, 0.5408570998371044, 0.419850993356651, 0.44576155393974004
0.12091279029846191, 0.09621429443359375, 0.08081769943237305, 0.07941675186157227, 0.09668707847595215, 0.11305570602416992, 0.0949554443359375, 0.10210585594177246, 0.0689077377319336, 0.09061837196350098, 0.06367301940917969, 0.05149221420288086, 0.08376669883728027, 0.12341666221618652, 0.07079768180847168, 0.09382820129394531, 0.08624815940856934, 0.13249897956848145, 0.1400439739227295, 0.09354496002197266