{'Max_spout': 1.0, 'Spliters': 1.0, 'Counters': 9.0}, {'Max_spout': 1.0, 'Spliters': 2.0, 'Counters': 1.0}, {'Max_spout': 1.0, 'Spliters': 1.0, 'Counters': 9.0}, {'Max_spout': 1.0, 'Spliters': 1.0, 'Counters': 6.0}, {'Max_spout': 1.0, 'Spliters': 1.0, 'Counters': 15.0}, {'Max_spout': 1.0, 'Spliters': 2.0, 'Counters': 9.0}, {'Max_spout': 1.0, 'Spliters': 1.0, 'Counters': 15.0}, {'Max_spout': 1.0, 'Spliters': 2.0, 'Counters': 15.0}, {'Max_spout': 1.0, 'Spliters': 3.0, 'Counters': 15.0}, {'Max_spout': 1.0, 'Spliters': 1.0, 'Counters': 18.0}, {'Max_spout': 1.0, 'Spliters': 1.0, 'Counters': 12.0}, {'Max_spout': 1.0, 'Spliters': 1.0, 'Counters': 12.0}, {'Max_spout': 1.0, 'Spliters': 1.0, 'Counters': 18.0}, {'Max_spout': 10.0, 'Spliters': 3.0, 'Counters': 18.0}, {'Max_spout': 1.0, 'Spliters': 1.0, 'Counters': 9.0}, {'Max_spout': 1.0, 'Spliters': 1.0, 'Counters': 12.0}, {'Max_spout': 1.0, 'Spliters': 2.0, 'Counters': 9.0}, {'Max_spout': 1000.0, 'Spliters': 2.0, 'Counters': 1.0}, {'Max_spout': 1.0, 'Spliters': 1.0, 'Counters': 6.0}, {'Max_spout': 1.0, 'Spliters': 2.0, 'Counters': 6.0}
0.0018937558904615903, 0.003421972853229538, 0.0018937558904615903, 0.003361783712524935, 0.002165341037543289, 0.007009832850352171, 0.002165341037543289, 0.005399406329548717, 0.012736609384221054, 0.0015707897696076722, 0.0, 0.0, 0.0015707897696076722, 0.17072576359467162, 0.0018937558904615903, 0.0, 0.007009832850352171, 0.0698663801076358, 0.003361783712524935, 0.007622000452152555
0.31446266174316406, 0.10271668434143066, 0.09290456771850586, 0.12140870094299316, 0.08752775192260742, 0.0963752269744873, 0.13357257843017578, 0.05714559555053711, 0.09482026100158691, 0.07098603248596191, 0.052995920181274414, 0.07798314094543457, 0.07238483428955078, 0.08605408668518066, 0.13051557540893555, 0.05194449424743652, 0.07717180252075195, 0.09613990783691406, 0.0979011058807373, 0.07143974304199219