{'Max_spout': 1.0, 'Spliters': 1.0, 'Counters': 9.0}, {'Max_spout': 1.0, 'Spliters': 1.0, 'Counters': 9.0}, {'Max_spout': 1.0, 'Spliters': 1.0, 'Counters': 12.0}, {'Max_spout': 1.0, 'Spliters': 1.0, 'Counters': 12.0}, {'Max_spout': 1.0, 'Spliters': 1.0, 'Counters': 12.0}, {'Max_spout': 1.0, 'Spliters': 1.0, 'Counters': 12.0}, {'Max_spout': 1.0, 'Spliters': 1.0, 'Counters': 12.0}, {'Max_spout': 1.0, 'Spliters': 1.0, 'Counters': 18.0}, {'Max_spout': 1.0, 'Spliters': 2.0, 'Counters': 1.0}, {'Max_spout': 1.0, 'Spliters': 1.0, 'Counters': 12.0}, {'Max_spout': 1.0, 'Spliters': 1.0, 'Counters': 12.0}, {'Max_spout': 1.0, 'Spliters': 1.0, 'Counters': 12.0}, {'Max_spout': 1.0, 'Spliters': 1.0, 'Counters': 12.0}, {'Max_spout': 1.0, 'Spliters': 1.0, 'Counters': 12.0}, {'Max_spout': 1.0, 'Spliters': 1.0, 'Counters': 18.0}, {'Max_spout': 1.0, 'Spliters': 1.0, 'Counters': 12.0}, {'Max_spout': 1.0, 'Spliters': 2.0, 'Counters': 1.0}, {'Max_spout': 1.0, 'Spliters': 1.0, 'Counters': 9.0}, {'Max_spout': 1.0, 'Spliters': 1.0, 'Counters': 12.0}, {'Max_spout': 1.0, 'Spliters': 1.0, 'Counters': 12.0}
0.0018937558904615903, 0.0018937558904615903, 0.0, 0.0, 0.0, 0.0, 0.0, 0.0015707897696076722, 0.003421972853229538, 0.0, 0.0, 0.0, 0.0, 0.0, 0.0015707897696076722, 0.0, 0.003421972853229538, 0.0018937558904615903, 0.0, 0.0
0.31983232498168945, 0.3893287181854248, 0.3373558521270752, 0.27427101135253906, 0.19911909103393555, 0.3445568084716797, 0.2699770927429199, 0.2555868625640869, 0.43149375915527344, 0.18617486953735352, 0.19179844856262207, 0.23412299156188965, 0.6493959426879883, 0.63150954246521, 0.3591279983520508, 0.169511079788208, 0.546541690826416, 0.7485711574554443, 0.7241127490997314, 0.602454423904419