{'Max_spout': 1.0, 'Spliters': 1.0, 'Counters': 9.0}, {'Max_spout': 1.0, 'Spliters': 2.0, 'Counters': 1.0}, {'Max_spout': 1.0, 'Spliters': 1.0, 'Counters': 9.0}, {'Max_spout': 1.0, 'Spliters': 1.0, 'Counters': 6.0}, {'Max_spout': 1.0, 'Spliters': 1.0, 'Counters': 18.0}, {'Max_spout': 1.0, 'Spliters': 2.0, 'Counters': 15.0}, {'Max_spout': 1.0, 'Spliters': 1.0, 'Counters': 15.0}, {'Max_spout': 1.0, 'Spliters': 1.0, 'Counters': 15.0}, {'Max_spout': 1.0, 'Spliters': 2.0, 'Counters': 9.0}, {'Max_spout': 1.0, 'Spliters': 1.0, 'Counters': 18.0}, {'Max_spout': 1.0, 'Spliters': 1.0, 'Counters': 12.0}, {'Max_spout': 1.0, 'Spliters': 1.0, 'Counters': 12.0}, {'Max_spout': 1.0, 'Spliters': 1.0, 'Counters': 18.0}, {'Max_spout': 10.0, 'Spliters': 3.0, 'Counters': 18.0}, {'Max_spout': 1.0, 'Spliters': 1.0, 'Counters': 18.0}, {'Max_spout': 1.0, 'Spliters': 1.0, 'Counters': 12.0}, {'Max_spout': 1.0, 'Spliters': 2.0, 'Counters': 9.0}, {'Max_spout': 1000.0, 'Spliters': 2.0, 'Counters': 1.0}, {'Max_spout': 1.0, 'Spliters': 1.0, 'Counters': 18.0}, {'Max_spout': 1.0, 'Spliters': 2.0, 'Counters': 12.0}
0.0018937558904615903, 0.003421972853229538, 0.0018937558904615903, 0.003361783712524935, 0.0015707897696076722, 0.005399406329548717, 0.002165341037543289, 0.002165341037543289, 0.007009832850352171, 0.0015707897696076722, 0.0, 0.0, 0.0015707897696076722, 0.17072576359467162, 0.0015707897696076722, 0.0, 0.007009832850352171, 0.0698663801076358, 0.0015707897696076722, 0.006037998432146252
0.23644614219665527, 0.24464631080627441, 0.15378260612487793, 0.2142200469970703, 0.1507096290588379, 0.191664457321167, 0.12691688537597656, 0.12079167366027832, 0.3937256336212158, 0.12375307083129883, 0.24291038513183594, 0.22385382652282715, 0.427004337310791, 0.38681888580322266, 0.15620946884155273, 0.19840288162231445, 0.29616665840148926, 0.10377168655395508, 0.13436365127563477, 0.13138246536254883