{'Max_spout': 1.0, 'Spliters': 1.0, 'Counters': 9.0}, {'Max_spout': 1.0, 'Spliters': 2.0, 'Counters': 1.0}, {'Max_spout': 1.0, 'Spliters': 1.0, 'Counters': 18.0}, {'Max_spout': 1.0, 'Spliters': 1.0, 'Counters': 15.0}, {'Max_spout': 1.0, 'Spliters': 1.0, 'Counters': 12.0}, {'Max_spout': 1.0, 'Spliters': 1.0, 'Counters': 15.0}, {'Max_spout': 1.0, 'Spliters': 1.0, 'Counters': 12.0}, {'Max_spout': 1.0, 'Spliters': 1.0, 'Counters': 18.0}, {'Max_spout': 1.0, 'Spliters': 2.0, 'Counters': 1.0}, {'Max_spout': 1.0, 'Spliters': 1.0, 'Counters': 18.0}, {'Max_spout': 1.0, 'Spliters': 1.0, 'Counters': 12.0}, {'Max_spout': 1.0, 'Spliters': 1.0, 'Counters': 12.0}, {'Max_spout': 1.0, 'Spliters': 1.0, 'Counters': 12.0}, {'Max_spout': 1.0, 'Spliters': 3.0, 'Counters': 18.0}, {'Max_spout': 1.0, 'Spliters': 1.0, 'Counters': 18.0}, {'Max_spout': 1.0, 'Spliters': 1.0, 'Counters': 12.0}, {'Max_spout': 1.0, 'Spliters': 2.0, 'Counters': 1.0}, {'Max_spout': 1.0, 'Spliters': 1.0, 'Counters': 15.0}, {'Max_spout': 1.0, 'Spliters': 1.0, 'Counters': 12.0}, {'Max_spout': 1.0, 'Spliters': 1.0, 'Counters': 18.0}
0.0018937558904615903, 0.003421972853229538, 0.0015707897696076722, 0.002165341037543289, 0.0, 0.002165341037543289, 0.0, 0.0015707897696076722, 0.003421972853229538, 0.0015707897696076722, 0.0, 0.0, 0.0, 0.012992046225260068, 0.0015707897696076722, 0.0, 0.003421972853229538, 0.002165341037543289, 0.0, 0.0015707897696076722
0.33022451400756836, 0.14252066612243652, 0.16455340385437012, 0.19642329216003418, 0.19411349296569824, 0.22993063926696777, 0.1052699089050293, 0.19248747825622559, 0.5118765830993652, 0.15096139907836914, 0.23145413398742676, 0.2365403175354004, 0.4978971481323242, 0.4173250198364258, 0.2726125717163086, 0.10055351257324219, 0.43018031120300293, 0.1406252384185791, 0.13306641578674316, 0.1079099178314209