{'Max_spout': 1.0, 'Spliters': 1.0, 'Counters': 6.0}, {'Max_spout': 1.0, 'Spliters': 6.0, 'Counters': 1.0}, {'Max_spout': 1.0, 'Spliters': 1.0, 'Counters': 15.0}, {'Max_spout': 1.0, 'Spliters': 1.0, 'Counters': 3.0}, {'Max_spout': 1.0, 'Spliters': 1.0, 'Counters': 18.0}, {'Max_spout': 1.0, 'Spliters': 2.0, 'Counters': 15.0}, {'Max_spout': 1.0, 'Spliters': 1.0, 'Counters': 15.0}, {'Max_spout': 1.0, 'Spliters': 2.0, 'Counters': 15.0}, {'Max_spout': 1.0, 'Spliters': 6.0, 'Counters': 3.0}, {'Max_spout': 1.0, 'Spliters': 1.0, 'Counters': 9.0}, {'Max_spout': 1.0, 'Spliters': 1.0, 'Counters': 12.0}, {'Max_spout': 1.0, 'Spliters': 1.0, 'Counters': 12.0}, {'Max_spout': 1.0, 'Spliters': 1.0, 'Counters': 15.0}, {'Max_spout': 10.0, 'Spliters': 3.0, 'Counters': 18.0}, {'Max_spout': 1.0, 'Spliters': 1.0, 'Counters': 1.0}, {'Max_spout': 1.0, 'Spliters': 1.0, 'Counters': 12.0}, {'Max_spout': 1.0, 'Spliters': 1.0, 'Counters': 1.0}, {'Max_spout': 1000.0, 'Spliters': 6.0, 'Counters': 1.0}, {'Max_spout': 1.0, 'Spliters': 2.0, 'Counters': 18.0}, {'Max_spout': 1.0, 'Spliters': 2.0, 'Counters': 6.0}
0.0032401294043417073, 0.014498574912093054, 0.0, 0.0019296845057882317, 0.001956462434749673, 0.003507908693956674, 0.0, 0.003507908693956674, 0.01451196387657383, 0.0012736252462314246, 0.0008150532127657595, 0.0008150532127657595, 0.0, 0.2037582823297468, 0.0023531105074919845, 0.0008150532127657595, 0.0023531105074919845, 0.08616802815699232, 0.00412714830119143, 0.002341395163571347
0.15229344367980957, 0.09142923355102539, 0.0618743896484375, 0.11944389343261719, 0.08512306213378906, 0.07689404487609863, 0.08329963684082031, 0.05053210258483887, 0.16536331176757812, 0.09531807899475098, 0.0822446346282959, 0.11710309982299805, 0.08987903594970703, 0.08143210411071777, 0.10125231742858887, 0.06181788444519043, 0.10967731475830078, 0.10550451278686523, 0.08305501937866211, 0.058487892150878906