{'Max_spout': 1.0, 'Spliters': 1.0, 'Counters': 15.0}, {'Max_spout': 1.0, 'Spliters': 1.0, 'Counters': 15.0}, {'Max_spout': 1.0, 'Spliters': 1.0, 'Counters': 15.0}, {'Max_spout': 1.0, 'Spliters': 1.0, 'Counters': 15.0}, {'Max_spout': 1.0, 'Spliters': 1.0, 'Counters': 15.0}, {'Max_spout': 1.0, 'Spliters': 1.0, 'Counters': 15.0}, {'Max_spout': 1.0, 'Spliters': 1.0, 'Counters': 15.0}, {'Max_spout': 1.0, 'Spliters': 1.0, 'Counters': 9.0}, {'Max_spout': 1.0, 'Spliters': 1.0, 'Counters': 9.0}, {'Max_spout': 1.0, 'Spliters': 1.0, 'Counters': 9.0}, {'Max_spout': 1.0, 'Spliters': 1.0, 'Counters': 15.0}, {'Max_spout': 1.0, 'Spliters': 1.0, 'Counters': 15.0}, {'Max_spout': 1.0, 'Spliters': 1.0, 'Counters': 15.0}, {'Max_spout': 1.0, 'Spliters': 2.0, 'Counters': 6.0}, {'Max_spout': 1.0, 'Spliters': 1.0, 'Counters': 15.0}, {'Max_spout': 1.0, 'Spliters': 1.0, 'Counters': 15.0}, {'Max_spout': 1.0, 'Spliters': 1.0, 'Counters': 15.0}, {'Max_spout': 1.0, 'Spliters': 2.0, 'Counters': 1.0}, {'Max_spout': 1.0, 'Spliters': 1.0, 'Counters': 15.0}, {'Max_spout': 1.0, 'Spliters': 1.0, 'Counters': 15.0}
0.0, 0.0, 0.0, 0.0, 0.0, 0.0, 0.0, 0.0012736252462314246, 0.0012736252462314246, 0.0012736252462314246, 0.0, 0.0, 0.0, 0.002341395163571347, 0.0, 0.0, 0.0, 0.0019045801973868182, 0.0, 0.0
0.3261148929595947, 0.3644106388092041, 0.38387465476989746, 0.41803646087646484, 0.18625354766845703, 0.23560786247253418, 0.20341134071350098, 0.20349645614624023, 0.42437195777893066, 0.3237495422363281, 0.16736340522766113, 0.20878243446350098, 0.21757078170776367, 0.3105356693267822, 0.2683537006378174, 0.24717402458190918, 0.29549455642700195, 0.32851505279541016, 0.3017265796661377, 0.21892762184143066