{'Max_spout': 1.0, 'Spliters': 1.0, 'Counters': 12.0}, {'Max_spout': 1.0, 'Spliters': 2.0, 'Counters': 12.0}, {'Max_spout': 1.0, 'Spliters': 1.0, 'Counters': 15.0}, {'Max_spout': 1.0, 'Spliters': 1.0, 'Counters': 3.0}, {'Max_spout': 1.0, 'Spliters': 1.0, 'Counters': 18.0}, {'Max_spout': 1.0, 'Spliters': 2.0, 'Counters': 15.0}, {'Max_spout': 1.0, 'Spliters': 1.0, 'Counters': 15.0}, {'Max_spout': 1.0, 'Spliters': 2.0, 'Counters': 15.0}, {'Max_spout': 1.0, 'Spliters': 6.0, 'Counters': 3.0}, {'Max_spout': 1.0, 'Spliters': 1.0, 'Counters': 9.0}, {'Max_spout': 1.0, 'Spliters': 1.0, 'Counters': 12.0}, {'Max_spout': 1.0, 'Spliters': 1.0, 'Counters': 12.0}, {'Max_spout': 1.0, 'Spliters': 1.0, 'Counters': 15.0}, {'Max_spout': 10.0, 'Spliters': 3.0, 'Counters': 9.0}, {'Max_spout': 1.0, 'Spliters': 1.0, 'Counters': 9.0}, {'Max_spout': 1.0, 'Spliters': 1.0, 'Counters': 12.0}, {'Max_spout': 1.0, 'Spliters': 1.0, 'Counters': 1.0}, {'Max_spout': 1.0, 'Spliters': 3.0, 'Counters': 6.0}, {'Max_spout': 1.0, 'Spliters': 2.0, 'Counters': 18.0}, {'Max_spout': 1.0, 'Spliters': 2.0, 'Counters': 6.0}
0.0008150532127657595, 0.004038446411506524, 0.0, 0.0019296845057882317, 0.001956462434749673, 0.003507908693956674, 0.0, 0.003507908693956674, 0.01451196387657383, 0.0012736252462314246, 0.0008150532127657595, 0.0008150532127657595, 0.0, 0.20174993765763416, 0.0012736252462314246, 0.0008150532127657595, 0.0023531105074919845, 0.012763030391275798, 0.00412714830119143, 0.002341395163571347
0.18914246559143066, 0.27447009086608887, 0.2943234443664551, 0.12203168869018555, 0.08367633819580078, 0.255861759185791, 0.08021879196166992, 0.08031249046325684, 0.06775593757629395, 0.09804677963256836, 0.05874228477478027, 0.08777093887329102, 0.10495734214782715, 0.13418054580688477, 0.11375951766967773, 0.06974053382873535, 0.08379650115966797, 0.13025617599487305, 0.0877218246459961, 0.06538915634155273