{'Max_spout': 1.0, 'Spliters': 1.0, 'Counters': 12.0}, {'Max_spout': 1.0, 'Spliters': 2.0, 'Counters': 1.0}, {'Max_spout': 1.0, 'Spliters': 1.0, 'Counters': 15.0}, {'Max_spout': 1.0, 'Spliters': 1.0, 'Counters': 15.0}, {'Max_spout': 1.0, 'Spliters': 1.0, 'Counters': 15.0}, {'Max_spout': 1.0, 'Spliters': 1.0, 'Counters': 15.0}, {'Max_spout': 1.0, 'Spliters': 1.0, 'Counters': 15.0}, {'Max_spout': 1.0, 'Spliters': 2.0, 'Counters': 15.0}, {'Max_spout': 1.0, 'Spliters': 1.0, 'Counters': 3.0}, {'Max_spout': 1.0, 'Spliters': 1.0, 'Counters': 9.0}, {'Max_spout': 1.0, 'Spliters': 1.0, 'Counters': 12.0}, {'Max_spout': 1.0, 'Spliters': 1.0, 'Counters': 12.0}, {'Max_spout': 1.0, 'Spliters': 1.0, 'Counters': 15.0}, {'Max_spout': 10000.0, 'Spliters': 3.0, 'Counters': 1.0}, {'Max_spout': 1.0, 'Spliters': 1.0, 'Counters': 15.0}, {'Max_spout': 1.0, 'Spliters': 1.0, 'Counters': 12.0}, {'Max_spout': 1.0, 'Spliters': 1.0, 'Counters': 15.0}, {'Max_spout': 1.0, 'Spliters': 3.0, 'Counters': 12.0}, {'Max_spout': 1.0, 'Spliters': 1.0, 'Counters': 15.0}, {'Max_spout': 1.0, 'Spliters': 2.0, 'Counters': 1.0}
0.0008150532127657595, 0.0019045801973868182, 0.0, 0.0, 0.0, 0.0, 0.0, 0.003507908693956674, 0.0019296845057882317, 0.0012736252462314246, 0.0008150532127657595, 0.0008150532127657595, 0.0, 0.06990210993344015, 0.0, 0.0008150532127657595, 0.0, 0.01014716145584904, 0.0, 0.0019045801973868182
0.5779802799224854, 0.21334409713745117, 0.17789721488952637, 0.24553728103637695, 0.2599010467529297, 0.2005620002746582, 0.14603686332702637, 0.1601710319519043, 0.17142915725708008, 0.13872718811035156, 0.1385974884033203, 0.1800246238708496, 0.16803598403930664, 0.1842176914215088, 0.14749503135681152, 0.11415314674377441, 0.15858006477355957, 0.15177607536315918, 0.1466505527496338, 0.1368722915649414