{'Max_spout': 1.0, 'Spliters': 3.0, 'Counters': 3.0}, {'Max_spout': 1.0, 'Spliters': 6.0, 'Counters': 1.0}, {'Max_spout': 1.0, 'Spliters': 1.0, 'Counters': 15.0}, {'Max_spout': 1.0, 'Spliters': 1.0, 'Counters': 3.0}, {'Max_spout': 1.0, 'Spliters': 2.0, 'Counters': 18.0}, {'Max_spout': 1000.0, 'Spliters': 1.0, 'Counters': 1.0}, {'Max_spout': 1.0, 'Spliters': 1.0, 'Counters': 15.0}, {'Max_spout': 1.0, 'Spliters': 2.0, 'Counters': 15.0}, {'Max_spout': 1000.0, 'Spliters': 6.0, 'Counters': 3.0}, {'Max_spout': 1.0, 'Spliters': 1.0, 'Counters': 9.0}, {'Max_spout': 1.0, 'Spliters': 1.0, 'Counters': 12.0}, {'Max_spout': 1.0, 'Spliters': 1.0, 'Counters': 12.0}, {'Max_spout': 1.0, 'Spliters': 1.0, 'Counters': 18.0}, {'Max_spout': 10.0, 'Spliters': 3.0, 'Counters': 18.0}, {'Max_spout': 10.0, 'Spliters': 1.0, 'Counters': 1.0}, {'Max_spout': 1.0, 'Spliters': 1.0, 'Counters': 12.0}, {'Max_spout': 10.0, 'Spliters': 6.0, 'Counters': 3.0}, {'Max_spout': 1000.0, 'Spliters': 6.0, 'Counters': 1.0}, {'Max_spout': 1.0, 'Spliters': 2.0, 'Counters': 18.0}, {'Max_spout': 1.0, 'Spliters': 2.0, 'Counters': 6.0}
0.012711148153912832, 0.014498574912093054, 0.0, 0.0019296845057882317, 0.00412714830119143, 0.08456637328098249, 0.0, 0.003507908693956674, 0.29261079786512956, 0.0012736252462314246, 0.0008150532127657595, 0.0008150532127657595, 0.001956462434749673, 0.2037582823297468, 0.05876918596769576, 0.0008150532127657595, 0.20861178195401897, 0.08616802815699232, 0.00412714830119143, 0.002341395163571347
0.27790331840515137, 0.11169838905334473, 0.13853073120117188, 0.10013318061828613, 0.09364175796508789, 0.0817861557006836, 0.12066364288330078, 0.11229968070983887, 0.12151622772216797, 0.11277651786804199, 0.07286620140075684, 0.11414790153503418, 0.12356734275817871, 0.11047244071960449, 0.10662031173706055, 0.13643527030944824, 0.1532764434814453, 0.08814001083374023, 0.07824015617370605, 0.15952801704406738