{'Max_spout': 1.0, 'Spliters': 1.0, 'Counters': 9.0}, {'Max_spout': 1.0, 'Spliters': 2.0, 'Counters': 12.0}, {'Max_spout': 1.0, 'Spliters': 1.0, 'Counters': 9.0}, {'Max_spout': 1.0, 'Spliters': 1.0, 'Counters': 6.0}, {'Max_spout': 1.0, 'Spliters': 1.0, 'Counters': 3.0}, {'Max_spout': 1.0, 'Spliters': 2.0, 'Counters': 6.0}, {'Max_spout': 1.0, 'Spliters': 1.0, 'Counters': 6.0}, {'Max_spout': 1.0, 'Spliters': 2.0, 'Counters': 15.0}, {'Max_spout': 1.0, 'Spliters': 6.0, 'Counters': 3.0}, {'Max_spout': 1.0, 'Spliters': 1.0, 'Counters': 18.0}, {'Max_spout': 1.0, 'Spliters': 1.0, 'Counters': 12.0}, {'Max_spout': 1.0, 'Spliters': 1.0, 'Counters': 18.0}, {'Max_spout': 1.0, 'Spliters': 1.0, 'Counters': 18.0}, {'Max_spout': 10.0, 'Spliters': 3.0, 'Counters': 6.0}, {'Max_spout': 100000.0, 'Spliters': 2.0, 'Counters': 1.0}, {'Max_spout': 1.0, 'Spliters': 6.0, 'Counters': 12.0}, {'Max_spout': 1.0, 'Spliters': 2.0, 'Counters': 12.0}, {'Max_spout': 1000.0, 'Spliters': 3.0, 'Counters': 1.0}, {'Max_spout': 1.0, 'Spliters': 2.0, 'Counters': 18.0}, {'Max_spout': 1.0, 'Spliters': 1.0, 'Counters': 9.0}
0.003115159039619231, 0.005236118385743005, 0.003115159039619231, 0.0020255808389428864, 0.003166889755378377, 0.007426590881168038, 0.0020255808389428864, 0.005286232516634626, 0.019185629207162158, 0.0, 0.0008018260942662669, 0.0, 0.0, 0.1903011374291127, 0.05259397207834615, 0.014659191578239472, 0.005236118385743005, 0.09715190078048719, 0.004397110839524876, 0.003115159039619231
0.21869969367980957, 0.1641547679901123, 0.15324020385742188, 0.23470187187194824, 0.20211386680603027, 0.0738832950592041, 0.08918881416320801, 0.07226109504699707, 0.15809154510498047, 0.10190892219543457, 0.04742574691772461, 0.13577818870544434, 0.06666970252990723, 0.10629487037658691, 0.05895042419433594, 0.0679326057434082, 0.17734289169311523, 0.1809999942779541, 0.21224069595336914, 0.10215568542480469