{'Max_spout': 1.0, 'Spliters': 3.0, 'Counters': 6.0}, {'Max_spout': 1.0, 'Spliters': 6.0, 'Counters': 1.0}, {'Max_spout': 1.0, 'Spliters': 1.0, 'Counters': 9.0}, {'Max_spout': 1.0, 'Spliters': 1.0, 'Counters': 3.0}, {'Max_spout': 1.0, 'Spliters': 2.0, 'Counters': 18.0}, {'Max_spout': 1000.0, 'Spliters': 1.0, 'Counters': 1.0}, {'Max_spout': 1.0, 'Spliters': 1.0, 'Counters': 15.0}, {'Max_spout': 1.0, 'Spliters': 2.0, 'Counters': 15.0}, {'Max_spout': 1000.0, 'Spliters': 6.0, 'Counters': 3.0}, {'Max_spout': 1.0, 'Spliters': 1.0, 'Counters': 18.0}, {'Max_spout': 1.0, 'Spliters': 1.0, 'Counters': 12.0}, {'Max_spout': 1.0, 'Spliters': 1.0, 'Counters': 12.0}, {'Max_spout': 1.0, 'Spliters': 1.0, 'Counters': 18.0}, {'Max_spout': 10.0, 'Spliters': 3.0, 'Counters': 18.0}, {'Max_spout': 10.0, 'Spliters': 1.0, 'Counters': 1.0}, {'Max_spout': 100.0, 'Spliters': 2.0, 'Counters': 1.0}, {'Max_spout': 10.0, 'Spliters': 6.0, 'Counters': 3.0}, {'Max_spout': 1000.0, 'Spliters': 6.0, 'Counters': 1.0}, {'Max_spout': 1.0, 'Spliters': 2.0, 'Counters': 18.0}, {'Max_spout': 1.0, 'Spliters': 2.0, 'Counters': 6.0}
0.014104702968696481, 0.01519589775424035, 0.003115159039619231, 0.003166889755378377, 0.004397110839524876, 0.09818813168053697, 0.0037165286103190143, 0.005286232516634626, 0.29840216751699034, 0.0, 0.0008018260942662669, 0.0008018260942662669, 0.0, 0.1968321402937011, 0.06889723046680507, 0.07730185519279387, 0.198416393463824, 0.12316436788298513, 0.004397110839524876, 0.007426590881168038
0.13821864128112793, 0.15137934684753418, 0.2555203437805176, 0.1488664150238037, 0.11644482612609863, 0.12613987922668457, 0.11174273490905762, 0.12970781326293945, 0.1288137435913086, 0.07929825782775879, 0.05282306671142578, 0.10199975967407227, 0.07067680358886719, 0.16229462623596191, 0.11943697929382324, 0.14269661903381348, 0.11411428451538086, 0.0868687629699707, 0.050997018814086914, 0.04553079605102539