{'Max_spout': 1.0, 'Spliters': 1.0, 'Counters': 9.0}, {'Max_spout': 1.0, 'Spliters': 2.0, 'Counters': 12.0}, {'Max_spout': 1.0, 'Spliters': 1.0, 'Counters': 9.0}, {'Max_spout': 1.0, 'Spliters': 1.0, 'Counters': 6.0}, {'Max_spout': 1.0, 'Spliters': 1.0, 'Counters': 3.0}, {'Max_spout': 1.0, 'Spliters': 2.0, 'Counters': 6.0}, {'Max_spout': 1.0, 'Spliters': 1.0, 'Counters': 6.0}, {'Max_spout': 1.0, 'Spliters': 1.0, 'Counters': 15.0}, {'Max_spout': 1.0, 'Spliters': 6.0, 'Counters': 3.0}, {'Max_spout': 1.0, 'Spliters': 1.0, 'Counters': 18.0}, {'Max_spout': 1.0, 'Spliters': 1.0, 'Counters': 12.0}, {'Max_spout': 1.0, 'Spliters': 1.0, 'Counters': 18.0}, {'Max_spout': 1.0, 'Spliters': 1.0, 'Counters': 18.0}, {'Max_spout': 10.0, 'Spliters': 3.0, 'Counters': 6.0}, {'Max_spout': 1.0, 'Spliters': 2.0, 'Counters': 3.0}, {'Max_spout': 1.0, 'Spliters': 2.0, 'Counters': 1.0}, {'Max_spout': 1.0, 'Spliters': 2.0, 'Counters': 12.0}, {'Max_spout': 1000.0, 'Spliters': 3.0, 'Counters': 1.0}, {'Max_spout': 1.0, 'Spliters': 1.0, 'Counters': 18.0}, {'Max_spout': 1.0, 'Spliters': 1.0, 'Counters': 9.0}
0.003115159039619231, 0.005236118385743005, 0.003115159039619231, 0.0020255808389428864, 0.003166889755378377, 0.007426590881168038, 0.0020255808389428864, 0.0037165286103190143, 0.019185629207162158, 0.0, 0.0008018260942662669, 0.0, 0.0, 0.1903011374291127, 0.0061333229871901596, 0.005342812986996237, 0.005236118385743005, 0.09715190078048719, 0.0, 0.003115159039619231
0.2636876106262207, 0.1152036190032959, 0.1588120460510254, 0.13538193702697754, 0.17145967483520508, 0.15622806549072266, 0.13080811500549316, 0.1190335750579834, 0.13492608070373535, 0.11332464218139648, 0.10291147232055664, 0.14095067977905273, 0.12961101531982422, 0.14071035385131836, 0.16968417167663574, 0.17434000968933105, 0.1344606876373291, 0.1139075756072998, 0.1051783561706543, 0.10482382774353027