{'Max_spout': 1.0, 'Spliters': 1.0, 'Counters': 6.0}, {'Max_spout': 1.0, 'Spliters': 1.0, 'Counters': 6.0}, {'Max_spout': 1.0, 'Spliters': 1.0, 'Counters': 6.0}, {'Max_spout': 1.0, 'Spliters': 1.0, 'Counters': 6.0}, {'Max_spout': 1.0, 'Spliters': 1.0, 'Counters': 12.0}, {'Max_spout': 1.0, 'Spliters': 1.0, 'Counters': 6.0}, {'Max_spout': 1.0, 'Spliters': 1.0, 'Counters': 12.0}, {'Max_spout': 1.0, 'Spliters': 1.0, 'Counters': 18.0}, {'Max_spout': 1.0, 'Spliters': 3.0, 'Counters': 6.0}, {'Max_spout': 1.0, 'Spliters': 1.0, 'Counters': 18.0}, {'Max_spout': 1.0, 'Spliters': 1.0, 'Counters': 12.0}, {'Max_spout': 1.0, 'Spliters': 1.0, 'Counters': 18.0}, {'Max_spout': 1.0, 'Spliters': 1.0, 'Counters': 18.0}, {'Max_spout': 100000.0, 'Spliters': 2.0, 'Counters': 1.0}, {'Max_spout': 1.0, 'Spliters': 2.0, 'Counters': 1.0}, {'Max_spout': 1.0, 'Spliters': 1.0, 'Counters': 12.0}, {'Max_spout': 1.0, 'Spliters': 1.0, 'Counters': 3.0}, {'Max_spout': 1.0, 'Spliters': 6.0, 'Counters': 15.0}, {'Max_spout': 1.0, 'Spliters': 1.0, 'Counters': 18.0}, {'Max_spout': 1.0, 'Spliters': 1.0, 'Counters': 6.0}
0.0020255808389428864, 0.0020255808389428864, 0.0020255808389428864, 0.0020255808389428864, 0.0008018260942662669, 0.0020255808389428864, 0.0008018260942662669, 0.0, 0.014104702968696481, 0.0, 0.0008018260942662669, 0.0, 0.0, 0.05259397207834615, 0.005342812986996237, 0.0008018260942662669, 0.003166889755378377, 0.011018642456691707, 0.0, 0.0020255808389428864
0.3309750556945801, 0.15629220008850098, 0.16308927536010742, 0.17278671264648438, 0.1879277229309082, 0.24144482612609863, 0.21889352798461914, 0.13179636001586914, 0.18389606475830078, 0.11066269874572754, 0.13486003875732422, 0.15309786796569824, 0.12656569480895996, 0.17145609855651855, 0.23959565162658691, 0.2726869583129883, 0.31598854064941406, 0.25350332260131836, 0.2580697536468506, 0.16553401947021484