{'Clndrs': 4.0, 'Volume': 97.0, 'Model': 82.0, 'origin': 2.0}, {'Clndrs': 4.0, 'Volume': 97.0, 'Model': 82.0, 'origin': 2.0}, {'Clndrs': 4.0, 'Volume': 97.0, 'Model': 82.0, 'origin': 2.0}, {'Clndrs': 4.0, 'Volume': 97.0, 'Model': 82.0, 'origin': 2.0}, {'Clndrs': 4.0, 'Volume': 90.0, 'Model': 78.0, 'origin': 2.0}, {'Clndrs': 4.0, 'Volume': 90.0, 'Model': 78.0, 'origin': 2.0}, {'Clndrs': 4.0, 'Volume': 90.0, 'Model': 78.0, 'origin': 2.0}, {'Clndrs': 4.0, 'Volume': 97.0, 'Model': 82.0, 'origin': 2.0}, {'Clndrs': 4.0, 'Volume': 97.0, 'Model': 82.0, 'origin': 2.0}, {'Clndrs': 4.0, 'Volume': 86.0, 'Model': 80.0, 'origin': 3.0}, {'Clndrs': 4.0, 'Volume': 97.0, 'Model': 82.0, 'origin': 2.0}, {'Clndrs': 4.0, 'Volume': 97.0, 'Model': 82.0, 'origin': 2.0}, {'Clndrs': 4.0, 'Volume': 90.0, 'Model': 78.0, 'origin': 2.0}, {'Clndrs': 4.0, 'Volume': 97.0, 'Model': 82.0, 'origin': 2.0}, {'Clndrs': 4.0, 'Volume': 90.0, 'Model': 78.0, 'origin': 2.0}, {'Clndrs': 4.0, 'Volume': 97.0, 'Model': 82.0, 'origin': 2.0}, {'Clndrs': 4.0, 'Volume': 86.0, 'Model': 80.0, 'origin': 3.0}, {'Clndrs': 4.0, 'Volume': 97.0, 'Model': 82.0, 'origin': 2.0}, {'Clndrs': 4.0, 'Volume': 97.0, 'Model': 82.0, 'origin': 2.0}, {'Clndrs': 4.0, 'Volume': 90.0, 'Model': 78.0, 'origin': 2.0}
0.16745989117220028, 0.16745989117220028, 0.16745989117220028, 0.16745989117220028, 0.19339815732352839, 0.19339815732352839, 0.19339815732352839, 0.16745989117220028, 0.16745989117220028, 0.25069416027841385, 0.16745989117220028, 0.16745989117220028, 0.19339815732352839, 0.16745989117220028, 0.19339815732352839, 0.16745989117220028, 0.25069416027841385, 0.16745989117220028, 0.16745989117220028, 0.19339815732352839
0.14371037483215332, 0.1273670196533203, 0.12191009521484375, 0.1270589828491211, 0.12108564376831055, 0.7951188087463379, 0.132737398147583, 0.12424302101135254, 0.1401045322418213, 0.13377094268798828, 0.1336669921875, 0.13130784034729004, 0.1323690414428711, 0.13403558731079102, 0.13504981994628906, 0.13808465003967285, 0.13620829582214355, 0.13225650787353516, 0.13521456718444824, 0.13370275497436523