{'Clndrs': 4.0, 'Volume': 85.0, 'Model': 80.0, 'origin': 2.0}, {'Clndrs': 4.0, 'Volume': 97.0, 'Model': 82.0, 'origin': 2.0}, {'Clndrs': 4.0, 'Volume': 97.0, 'Model': 82.0, 'origin': 2.0}, {'Clndrs': 4.0, 'Volume': 97.0, 'Model': 82.0, 'origin': 2.0}, {'Clndrs': 4.0, 'Volume': 79.0, 'Model': 77.0, 'origin': 2.0}, {'Clndrs': 4.0, 'Volume': 97.0, 'Model': 70.0, 'origin': 2.0}, {'Clndrs': 4.0, 'Volume': 90.0, 'Model': 80.0, 'origin': 2.0}, {'Clndrs': 4.0, 'Volume': 86.0, 'Model': 80.0, 'origin': 3.0}, {'Clndrs': 4.0, 'Volume': 89.0, 'Model': 81.0, 'origin': 3.0}, {'Clndrs': 4.0, 'Volume': 86.0, 'Model': 80.0, 'origin': 3.0}, {'Clndrs': 4.0, 'Volume': 90.0, 'Model': 80.0, 'origin': 2.0}, {'Clndrs': 4.0, 'Volume': 85.0, 'Model': 78.0, 'origin': 3.0}, {'Clndrs': 4.0, 'Volume': 68.0, 'Model': 73.0, 'origin': 2.0}, {'Clndrs': 4.0, 'Volume': 97.0, 'Model': 82.0, 'origin': 2.0}, {'Clndrs': 4.0, 'Volume': 90.0, 'Model': 80.0, 'origin': 2.0}, {'Clndrs': 4.0, 'Volume': 86.0, 'Model': 80.0, 'origin': 3.0}, {'Clndrs': 4.0, 'Volume': 79.0, 'Model': 77.0, 'origin': 2.0}, {'Clndrs': 4.0, 'Volume': 97.0, 'Model': 82.0, 'origin': 2.0}, {'Clndrs': 4.0, 'Volume': 85.0, 'Model': 78.0, 'origin': 3.0}, {'Clndrs': 4.0, 'Volume': 90.0, 'Model': 78.0, 'origin': 2.0}
0.2976352869025818, 0.16745989117220028, 0.16745989117220028, 0.16745989117220028, 0.2596851205899111, 0.3263298147356364, 0.19532716835654673, 0.25069416027841385, 0.30394627244639594, 0.25069416027841385, 0.19532716835654673, 0.26800809420993543, 0.34385632337349503, 0.16745989117220028, 0.19532716835654673, 0.25069416027841385, 0.2596851205899111, 0.16745989117220028, 0.26800809420993543, 0.19339815732352839
0.06335020065307617, 0.05987071990966797, 0.06023859977722168, 0.05623674392700195, 0.05785083770751953, 0.6366510391235352, 0.05234217643737793, 0.04770708084106445, 0.10018491744995117, 0.04403567314147949, 0.0433804988861084, 0.04111933708190918, 0.05016613006591797, 0.050972938537597656, 0.04885387420654297, 0.0480802059173584, 0.051636695861816406, 0.045247793197631836, 0.04160666465759277, 0.04563260078430176