{'Clndrs': 4.0, 'Volume': 85.0, 'Model': 80.0, 'origin': 2.0}, {'Clndrs': 4.0, 'Volume': 85.0, 'Model': 80.0, 'origin': 3.0}, {'Clndrs': 4.0, 'Volume': 90.0, 'Model': 80.0, 'origin': 2.0}, {'Clndrs': 4.0, 'Volume': 71.0, 'Model': 71.0, 'origin': 3.0}, {'Clndrs': 5.0, 'Volume': 121.0, 'Model': 80.0, 'origin': 2.0}, {'Clndrs': 4.0, 'Volume': 68.0, 'Model': 73.0, 'origin': 2.0}, {'Clndrs': 4.0, 'Volume': 91.0, 'Model': 82.0, 'origin': 3.0}, {'Clndrs': 4.0, 'Volume': 98.0, 'Model': 80.0, 'origin': 2.0}, {'Clndrs': 4.0, 'Volume': 91.0, 'Model': 82.0, 'origin': 3.0}, {'Clndrs': 4.0, 'Volume': 86.0, 'Model': 80.0, 'origin': 3.0}, {'Clndrs': 4.0, 'Volume': 90.0, 'Model': 80.0, 'origin': 2.0}, {'Clndrs': 4.0, 'Volume': 85.0, 'Model': 76.0, 'origin': 1.0}, {'Clndrs': 4.0, 'Volume': 91.0, 'Model': 79.0, 'origin': 2.0}, {'Clndrs': 4.0, 'Volume': 141.0, 'Model': 79.0, 'origin': 2.0}, {'Clndrs': 4.0, 'Volume': 86.0, 'Model': 80.0, 'origin': 3.0}, {'Clndrs': 4.0, 'Volume': 72.0, 'Model': 71.0, 'origin': 3.0}, {'Clndrs': 4.0, 'Volume': 85.0, 'Model': 80.0, 'origin': 2.0}, {'Clndrs': 4.0, 'Volume': 85.0, 'Model': 81.0, 'origin': 3.0}, {'Clndrs': 4.0, 'Volume': 91.0, 'Model': 79.0, 'origin': 2.0}, {'Clndrs': 4.0, 'Volume': 105.0, 'Model': 82.0, 'origin': 1.0}
0.2976352869025818, 0.25394722064135844, 0.19532716835654673, 0.3517798862205761, 0.31159152325128536, 0.34385632337349503, 0.3348019145129377, 0.3858307736456239, 0.3348019145129377, 0.25069416027841385, 0.19532716835654673, 0.30998225385304745, 0.3853209531288335, 0.3872631585390678, 0.25069416027841385, 0.27467083302654305, 0.2976352869025818, 0.24245318422143292, 0.3853209531288335, 0.38514201560003136
0.02436518669128418, 0.020547151565551758, 0.02109503746032715, 0.028697967529296875, 0.02057790756225586, 0.041498661041259766, 0.022939205169677734, 0.019841670989990234, 0.02378702163696289, 0.022304773330688477, 0.018081188201904297, 0.024226903915405273, 0.023145437240600586, 0.02252364158630371, 0.022350072860717773, 0.020186901092529297, 0.020607471466064453, 0.022098302841186523, 0.022751808166503906, 0.02530527114868164