{'Clndrs': 4.0, 'Volume': 72.0, 'Model': 71.0, 'origin': 3.0}, {'Clndrs': 4.0, 'Volume': 97.0, 'Model': 82.0, 'origin': 2.0}, {'Clndrs': 4.0, 'Volume': 97.0, 'Model': 82.0, 'origin': 2.0}, {'Clndrs': 4.0, 'Volume': 97.0, 'Model': 82.0, 'origin': 2.0}, {'Clndrs': 4.0, 'Volume': 79.0, 'Model': 77.0, 'origin': 2.0}, {'Clndrs': 4.0, 'Volume': 90.0, 'Model': 78.0, 'origin': 2.0}, {'Clndrs': 4.0, 'Volume': 90.0, 'Model': 78.0, 'origin': 2.0}, {'Clndrs': 4.0, 'Volume': 86.0, 'Model': 80.0, 'origin': 3.0}, {'Clndrs': 4.0, 'Volume': 85.0, 'Model': 78.0, 'origin': 3.0}, {'Clndrs': 4.0, 'Volume': 86.0, 'Model': 80.0, 'origin': 3.0}, {'Clndrs': 4.0, 'Volume': 97.0, 'Model': 82.0, 'origin': 2.0}, {'Clndrs': 4.0, 'Volume': 97.0, 'Model': 82.0, 'origin': 2.0}, {'Clndrs': 4.0, 'Volume': 86.0, 'Model': 80.0, 'origin': 3.0}, {'Clndrs': 4.0, 'Volume': 97.0, 'Model': 82.0, 'origin': 2.0}, {'Clndrs': 4.0, 'Volume': 90.0, 'Model': 80.0, 'origin': 2.0}, {'Clndrs': 4.0, 'Volume': 86.0, 'Model': 80.0, 'origin': 3.0}, {'Clndrs': 4.0, 'Volume': 86.0, 'Model': 80.0, 'origin': 3.0}, {'Clndrs': 4.0, 'Volume': 97.0, 'Model': 82.0, 'origin': 2.0}, {'Clndrs': 4.0, 'Volume': 79.0, 'Model': 77.0, 'origin': 2.0}, {'Clndrs': 4.0, 'Volume': 90.0, 'Model': 78.0, 'origin': 2.0}
0.27467083302654305, 0.16745989117220028, 0.16745989117220028, 0.16745989117220028, 0.2596851205899111, 0.19339815732352839, 0.19339815732352839, 0.25069416027841385, 0.26800809420993543, 0.25069416027841385, 0.16745989117220028, 0.16745989117220028, 0.25069416027841385, 0.16745989117220028, 0.19532716835654673, 0.25069416027841385, 0.25069416027841385, 0.16745989117220028, 0.2596851205899111, 0.19339815732352839
0.09258675575256348, 0.06674742698669434, 0.06833291053771973, 0.06438779830932617, 0.08596348762512207, 0.1895432472229004, 0.07778668403625488, 0.07153725624084473, 0.07717227935791016, 0.07937097549438477, 0.06961393356323242, 0.07638978958129883, 0.07069897651672363, 0.07659101486206055, 0.06899309158325195, 0.0705418586730957, 0.07658767700195312, 0.06929278373718262, 0.06971263885498047, 0.06561517715454102