{'Clndrs': 4.0, 'Volume': 85.0, 'Model': 80.0, 'origin': 2.0}, {'Clndrs': 4.0, 'Volume': 98.0, 'Model': 71.0, 'origin': 1.0}, {'Clndrs': 4.0, 'Volume': 90.0, 'Model': 80.0, 'origin': 2.0}, {'Clndrs': 4.0, 'Volume': 71.0, 'Model': 71.0, 'origin': 3.0}, {'Clndrs': 5.0, 'Volume': 121.0, 'Model': 80.0, 'origin': 2.0}, {'Clndrs': 4.0, 'Volume': 68.0, 'Model': 73.0, 'origin': 2.0}, {'Clndrs': 4.0, 'Volume': 91.0, 'Model': 82.0, 'origin': 3.0}, {'Clndrs': 4.0, 'Volume': 98.0, 'Model': 80.0, 'origin': 2.0}, {'Clndrs': 4.0, 'Volume': 91.0, 'Model': 82.0, 'origin': 3.0}, {'Clndrs': 4.0, 'Volume': 98.0, 'Model': 78.0, 'origin': 3.0}, {'Clndrs': 5.0, 'Volume': 121.0, 'Model': 80.0, 'origin': 2.0}, {'Clndrs': 4.0, 'Volume': 85.0, 'Model': 76.0, 'origin': 1.0}, {'Clndrs': 4.0, 'Volume': 97.0, 'Model': 76.0, 'origin': 3.0}, {'Clndrs': 4.0, 'Volume': 85.0, 'Model': 76.0, 'origin': 3.0}, {'Clndrs': 4.0, 'Volume': 86.0, 'Model': 80.0, 'origin': 3.0}, {'Clndrs': 4.0, 'Volume': 91.0, 'Model': 82.0, 'origin': 3.0}, {'Clndrs': 4.0, 'Volume': 85.0, 'Model': 76.0, 'origin': 1.0}, {'Clndrs': 4.0, 'Volume': 85.0, 'Model': 81.0, 'origin': 3.0}, {'Clndrs': 4.0, 'Volume': 91.0, 'Model': 79.0, 'origin': 2.0}, {'Clndrs': 4.0, 'Volume': 105.0, 'Model': 82.0, 'origin': 1.0}
0.2976352869025818, 0.3578925042330301, 0.19532716835654673, 0.3517798862205761, 0.31159152325128536, 0.34385632337349503, 0.3348019145129377, 0.3858307736456239, 0.3348019145129377, 0.41236767459335466, 0.31159152325128536, 0.30998225385304745, 0.4177778452301931, 0.3987424541225786, 0.25069416027841385, 0.3348019145129377, 0.30998225385304745, 0.24245318422143292, 0.3853209531288335, 0.38514201560003136
0.03066730499267578, 0.02590775489807129, 0.029145240783691406, 0.024276018142700195, 0.023766756057739258, 0.11507558822631836, 0.020322561264038086, 0.012530088424682617, 0.013760089874267578, 0.013521909713745117, 0.012605667114257812, 0.012045860290527344, 0.037071943283081055, 0.018128395080566406, 0.015936851501464844, 0.012749910354614258, 0.009959936141967773, 0.012662649154663086, 0.01330256462097168, 0.01228189468383789