{'Clndrs': 4.0, 'Volume': 85.0, 'Model': 80.0, 'origin': 2.0}, {'Clndrs': 4.0, 'Volume': 85.0, 'Model': 80.0, 'origin': 3.0}, {'Clndrs': 4.0, 'Volume': 90.0, 'Model': 80.0, 'origin': 2.0}, {'Clndrs': 4.0, 'Volume': 71.0, 'Model': 71.0, 'origin': 3.0}, {'Clndrs': 5.0, 'Volume': 121.0, 'Model': 80.0, 'origin': 2.0}, {'Clndrs': 4.0, 'Volume': 68.0, 'Model': 73.0, 'origin': 2.0}, {'Clndrs': 4.0, 'Volume': 91.0, 'Model': 82.0, 'origin': 3.0}, {'Clndrs': 4.0, 'Volume': 98.0, 'Model': 80.0, 'origin': 2.0}, {'Clndrs': 4.0, 'Volume': 91.0, 'Model': 82.0, 'origin': 3.0}, {'Clndrs': 4.0, 'Volume': 86.0, 'Model': 80.0, 'origin': 3.0}, {'Clndrs': 4.0, 'Volume': 90.0, 'Model': 80.0, 'origin': 2.0}, {'Clndrs': 4.0, 'Volume': 85.0, 'Model': 76.0, 'origin': 1.0}, {'Clndrs': 4.0, 'Volume': 91.0, 'Model': 79.0, 'origin': 2.0}, {'Clndrs': 4.0, 'Volume': 97.0, 'Model': 82.0, 'origin': 2.0}, {'Clndrs': 4.0, 'Volume': 86.0, 'Model': 80.0, 'origin': 3.0}, {'Clndrs': 4.0, 'Volume': 72.0, 'Model': 71.0, 'origin': 3.0}, {'Clndrs': 4.0, 'Volume': 85.0, 'Model': 80.0, 'origin': 2.0}, {'Clndrs': 4.0, 'Volume': 85.0, 'Model': 81.0, 'origin': 3.0}, {'Clndrs': 4.0, 'Volume': 91.0, 'Model': 79.0, 'origin': 2.0}, {'Clndrs': 4.0, 'Volume': 97.0, 'Model': 71.0, 'origin': 2.0}
0.2976352869025818, 0.25394722064135844, 0.19532716835654673, 0.3517798862205761, 0.31159152325128536, 0.34385632337349503, 0.3348019145129377, 0.3858307736456239, 0.3348019145129377, 0.25069416027841385, 0.19532716835654673, 0.30998225385304745, 0.3853209531288335, 0.16745989117220028, 0.25069416027841385, 0.27467083302654305, 0.2976352869025818, 0.24245318422143292, 0.3853209531288335, 0.35266393508851945
0.02934432029724121, 0.023134231567382812, 0.026160478591918945, 0.026349306106567383, 0.02962327003479004, 0.02640843391418457, 0.035414695739746094, 0.0405125617980957, 0.03475785255432129, 0.03628134727478027, 0.03401947021484375, 0.0392153263092041, 0.03681015968322754, 0.039064884185791016, 0.04103994369506836, 0.036599159240722656, 0.040136098861694336, 0.03956770896911621, 0.033391475677490234, 0.03821921348571777