{'Clndrs': 4.0, 'Volume': 85.0, 'Model': 80.0, 'origin': 2.0}, {'Clndrs': 4.0, 'Volume': 107.0, 'Model': 82.0, 'origin': 3.0}, {'Clndrs': 4.0, 'Volume': 90.0, 'Model': 80.0, 'origin': 2.0}, {'Clndrs': 4.0, 'Volume': 71.0, 'Model': 71.0, 'origin': 3.0}, {'Clndrs': 5.0, 'Volume': 121.0, 'Model': 80.0, 'origin': 2.0}, {'Clndrs': 4.0, 'Volume': 68.0, 'Model': 73.0, 'origin': 2.0}, {'Clndrs': 4.0, 'Volume': 91.0, 'Model': 82.0, 'origin': 3.0}, {'Clndrs': 4.0, 'Volume': 98.0, 'Model': 80.0, 'origin': 2.0}, {'Clndrs': 4.0, 'Volume': 112.0, 'Model': 82.0, 'origin': 1.0}, {'Clndrs': 4.0, 'Volume': 111.0, 'Model': 77.0, 'origin': 1.0}, {'Clndrs': 4.0, 'Volume': 140.0, 'Model': 80.0, 'origin': 1.0}, {'Clndrs': 4.0, 'Volume': 79.0, 'Model': 74.0, 'origin': 3.0}, {'Clndrs': 4.0, 'Volume': 98.0, 'Model': 80.0, 'origin': 1.0}, {'Clndrs': 4.0, 'Volume': 140.0, 'Model': 75.0, 'origin': 1.0}, {'Clndrs': 4.0, 'Volume': 72.0, 'Model': 71.0, 'origin': 3.0}, {'Clndrs': 4.0, 'Volume': 140.0, 'Model': 71.0, 'origin': 1.0}, {'Clndrs': 4.0, 'Volume': 97.0, 'Model': 71.0, 'origin': 2.0}, {'Clndrs': 4.0, 'Volume': 85.0, 'Model': 81.0, 'origin': 3.0}, {'Clndrs': 4.0, 'Volume': 85.0, 'Model': 76.0, 'origin': 3.0}, {'Clndrs': 4.0, 'Volume': 105.0, 'Model': 82.0, 'origin': 1.0}
0.2976352869025818, 0.3943597055048702, 0.19532716835654673, 0.3517798862205761, 0.31159152325128536, 0.34385632337349503, 0.3348019145129377, 0.3858307736456239, 0.39284905848868923, 0.45750168448441264, 0.4227155814832946, 0.35511448019040315, 0.43859809984807896, 0.5099580946488214, 0.27467083302654305, 0.4436626620892513, 0.35266393508851945, 0.24245318422143292, 0.3987424541225786, 0.38514201560003136
0.036051034927368164, 0.025461673736572266, 0.026982784271240234, 0.023818492889404297, 0.01758885383605957, 0.07152032852172852, 0.029201507568359375, 0.022284746170043945, 0.052367448806762695, 0.027702808380126953, 0.016025066375732422, 0.014305830001831055, 0.013867616653442383, 0.01500082015991211, 0.010917901992797852, 0.011057853698730469, 0.0168917179107666, 0.014363527297973633, 0.019216299057006836, 0.020058870315551758