{'Spout_wait': 10.0, 'Spliters': 6.0, 'Counters': 12.0}, {'Spout_wait': 10.0, 'Spliters': 5.0, 'Counters': 18.0}, {'Spout_wait': 10.0, 'Spliters': 5.0, 'Counters': 18.0}, {'Spout_wait': 10.0, 'Spliters': 6.0, 'Counters': 18.0}, {'Spout_wait': 7.0, 'Spliters': 3.0, 'Counters': 17.0}, {'Spout_wait': 5.0, 'Spliters': 5.0, 'Counters': 18.0}, {'Spout_wait': 4.0, 'Spliters': 6.0, 'Counters': 17.0}, {'Spout_wait': 9.0, 'Spliters': 6.0, 'Counters': 12.0}, {'Spout_wait': 7.0, 'Spliters': 6.0, 'Counters': 17.0}, {'Spout_wait': 5.0, 'Spliters': 4.0, 'Counters': 17.0}, {'Spout_wait': 7.0, 'Spliters': 3.0, 'Counters': 17.0}, {'Spout_wait': 9.0, 'Spliters': 3.0, 'Counters': 17.0}, {'Spout_wait': 9.0, 'Spliters': 6.0, 'Counters': 15.0}, {'Spout_wait': 8.0, 'Spliters': 6.0, 'Counters': 17.0}, {'Spout_wait': 8.0, 'Spliters': 6.0, 'Counters': 17.0}, {'Spout_wait': 4.0, 'Spliters': 4.0, 'Counters': 17.0}, {'Spout_wait': 7.0, 'Spliters': 6.0, 'Counters': 13.0}, {'Spout_wait': 9.0, 'Spliters': 5.0, 'Counters': 17.0}, {'Spout_wait': 9.0, 'Spliters': 3.0, 'Counters': 17.0}, {'Spout_wait': 9.0, 'Spliters': 3.0, 'Counters': 17.0}
0.059561592720216106, 0.03932649393228327, 0.03932649393228327, 0.029511347490367323, 0.02967052168107598, 0.04923334370793886, 0.04488372625774839, 0.06901207886297123, 0.02810356721455487, 0.04594440035556535, 0.02967052168107598, 0.020033994250278075, 0.05703678646842847, 0.006111178207122481, 0.006111178207122481, 0.04308830093697913, 0.07056443555047553, 0.020466796587967684, 0.020033994250278075, 0.020033994250278075
0.1447131633758545, 0.13573670387268066, 0.14052677154541016, 0.14535284042358398, 0.1334376335144043, 0.12700963020324707, 0.128265380859375, 0.12775015830993652, 0.12522196769714355, 0.1266641616821289, 0.12958049774169922, 0.1304943561553955, 0.12973403930664062, 0.12804412841796875, 0.12743926048278809, 0.12725234031677246, 0.1298539638519287, 0.1285390853881836, 0.13158130645751953, 0.13885092735290527