{'Spout_wait': 10.0, 'Spliters': 6.0, 'Counters': 12.0}, {'Spout_wait': 10.0, 'Spliters': 3.0, 'Counters': 13.0}, {'Spout_wait': 9.0, 'Spliters': 4.0, 'Counters': 17.0}, {'Spout_wait': 10.0, 'Spliters': 6.0, 'Counters': 18.0}, {'Spout_wait': 9.0, 'Spliters': 6.0, 'Counters': 18.0}, {'Spout_wait': 5.0, 'Spliters': 5.0, 'Counters': 18.0}, {'Spout_wait': 6.0, 'Spliters': 4.0, 'Counters': 17.0}, {'Spout_wait': 5.0, 'Spliters': 3.0, 'Counters': 15.0}, {'Spout_wait': 4.0, 'Spliters': 6.0, 'Counters': 16.0}, {'Spout_wait': 5.0, 'Spliters': 4.0, 'Counters': 17.0}, {'Spout_wait': 8.0, 'Spliters': 4.0, 'Counters': 18.0}, {'Spout_wait': 9.0, 'Spliters': 6.0, 'Counters': 18.0}, {'Spout_wait': 8.0, 'Spliters': 5.0, 'Counters': 13.0}, {'Spout_wait': 5.0, 'Spliters': 6.0, 'Counters': 12.0}, {'Spout_wait': 100.0, 'Spliters': 5.0, 'Counters': 15.0}, {'Spout_wait': 4.0, 'Spliters': 4.0, 'Counters': 17.0}, {'Spout_wait': 100.0, 'Spliters': 6.0, 'Counters': 15.0}, {'Spout_wait': 6.0, 'Spliters': 6.0, 'Counters': 16.0}, {'Spout_wait': 9.0, 'Spliters': 3.0, 'Counters': 17.0}, {'Spout_wait': 9.0, 'Spliters': 3.0, 'Counters': 17.0}
0.059561592720216106, 0.09606446682418801, 0.05457370508667703, 0.029511347490367323, 0.03142005946668358, 0.04923334370793886, 0.05504432310620622, 0.08243577024755122, 0.08144647655494397, 0.04594440035556535, 0.07992689124886965, 0.03142005946668358, 0.06869452197396686, 0.08197250940746004, 0.07235023372512694, 0.04308830093697913, 0.08776743012797805, 0.05755833752539674, 0.020033994250278075, 0.020033994250278075
0.04452681541442871, 0.04215073585510254, 0.04370927810668945, 0.04257822036743164, 0.04141688346862793, 0.04108858108520508, 0.04413914680480957, 0.04932975769042969, 0.04352855682373047, 0.04243874549865723, 0.041861534118652344, 0.04124116897583008, 0.04282021522521973, 0.0459749698638916, 0.04262423515319824, 0.04571819305419922, 0.04261898994445801, 0.04766583442687988, 0.04294919967651367, 0.04383134841918945