{'Spout_wait': 5.0, 'Spliters': 5.0, 'Counters': 16.0}, {'Spout_wait': 10.0, 'Spliters': 3.0, 'Counters': 13.0}, {'Spout_wait': 9.0, 'Spliters': 4.0, 'Counters': 17.0}, {'Spout_wait': 6.0, 'Spliters': 6.0, 'Counters': 15.0}, {'Spout_wait': 8.0, 'Spliters': 6.0, 'Counters': 16.0}, {'Spout_wait': 5.0, 'Spliters': 5.0, 'Counters': 18.0}, {'Spout_wait': 6.0, 'Spliters': 4.0, 'Counters': 17.0}, {'Spout_wait': 100.0, 'Spliters': 6.0, 'Counters': 18.0}, {'Spout_wait': 4.0, 'Spliters': 6.0, 'Counters': 16.0}, {'Spout_wait': 5.0, 'Spliters': 4.0, 'Counters': 17.0}, {'Spout_wait': 4.0, 'Spliters': 6.0, 'Counters': 14.0}, {'Spout_wait': 9.0, 'Spliters': 6.0, 'Counters': 18.0}, {'Spout_wait': 2.0, 'Spliters': 6.0, 'Counters': 13.0}, {'Spout_wait': 5.0, 'Spliters': 6.0, 'Counters': 12.0}, {'Spout_wait': 100.0, 'Spliters': 5.0, 'Counters': 15.0}, {'Spout_wait': 4.0, 'Spliters': 4.0, 'Counters': 17.0}, {'Spout_wait': 100.0, 'Spliters': 6.0, 'Counters': 15.0}, {'Spout_wait': 6.0, 'Spliters': 6.0, 'Counters': 16.0}, {'Spout_wait': 9.0, 'Spliters': 3.0, 'Counters': 17.0}, {'Spout_wait': 9.0, 'Spliters': 3.0, 'Counters': 17.0}
0.11610567290806706, 0.09606446682418801, 0.05457370508667703, 0.0516294898461388, 0.058868329738443026, 0.04923334370793886, 0.05504432310620622, 0.08310206306355905, 0.08144647655494397, 0.04594440035556535, 0.08761474371349254, 0.03142005946668358, 0.09880074579022502, 0.08197250940746004, 0.07235023372512694, 0.04308830093697913, 0.08776743012797805, 0.05755833752539674, 0.020033994250278075, 0.020033994250278075
0.036075592041015625, 0.02906322479248047, 0.027951955795288086, 0.02680039405822754, 0.027385711669921875, 0.027784347534179688, 0.02680349349975586, 0.027809858322143555, 0.02782297134399414, 0.0275723934173584, 0.026753902435302734, 0.02811908721923828, 0.02458477020263672, 0.02749323844909668, 0.028341054916381836, 0.02520895004272461, 0.028348922729492188, 0.028333187103271484, 0.02682185173034668, 0.028034210205078125