{'Spout_wait': 10.0, 'Spliters': 6.0, 'Counters': 18.0}, {'Spout_wait': 7.0, 'Spliters': 3.0, 'Counters': 17.0}, {'Spout_wait': 7.0, 'Spliters': 6.0, 'Counters': 17.0}, {'Spout_wait': 10.0, 'Spliters': 6.0, 'Counters': 18.0}, {'Spout_wait': 9.0, 'Spliters': 6.0, 'Counters': 17.0}, {'Spout_wait': 10.0, 'Spliters': 6.0, 'Counters': 18.0}, {'Spout_wait': 4.0, 'Spliters': 6.0, 'Counters': 17.0}, {'Spout_wait': 10.0, 'Spliters': 6.0, 'Counters': 15.0}, {'Spout_wait': 7.0, 'Spliters': 6.0, 'Counters': 17.0}, {'Spout_wait': 7.0, 'Spliters': 6.0, 'Counters': 17.0}, {'Spout_wait': 7.0, 'Spliters': 3.0, 'Counters': 17.0}, {'Spout_wait': 9.0, 'Spliters': 3.0, 'Counters': 17.0}, {'Spout_wait': 9.0, 'Spliters': 6.0, 'Counters': 15.0}, {'Spout_wait': 8.0, 'Spliters': 6.0, 'Counters': 17.0}, {'Spout_wait': 8.0, 'Spliters': 6.0, 'Counters': 17.0}, {'Spout_wait': 8.0, 'Spliters': 6.0, 'Counters': 17.0}, {'Spout_wait': 5.0, 'Spliters': 6.0, 'Counters': 18.0}, {'Spout_wait': 9.0, 'Spliters': 5.0, 'Counters': 17.0}, {'Spout_wait': 9.0, 'Spliters': 3.0, 'Counters': 17.0}, {'Spout_wait': 9.0, 'Spliters': 3.0, 'Counters': 17.0}
0.029511347490367323, 0.02967052168107598, 0.02810356721455487, 0.029511347490367323, 0.008586239120553896, 0.029511347490367323, 0.04488372625774839, 0.050251845828924835, 0.02810356721455487, 0.02810356721455487, 0.02967052168107598, 0.020033994250278075, 0.05703678646842847, 0.006111178207122481, 0.006111178207122481, 0.006111178207122481, 0.03893991222898485, 0.020466796587967684, 0.020033994250278075, 0.020033994250278075
0.25797367095947266, 0.25718212127685547, 0.25177717208862305, 0.2608602046966553, 0.25067758560180664, 0.2546098232269287, 0.26277709007263184, 0.3031773567199707, 0.23908138275146484, 0.24322867393493652, 0.24416613578796387, 0.24920105934143066, 0.2591543197631836, 0.2310190200805664, 0.23100852966308594, 0.24860191345214844, 0.23435616493225098, 0.23200082778930664, 0.22957658767700195, 0.23811936378479004