{'Spout_wait': 10.0, 'Spliters': 6.0, 'Counters': 17.0}, {'Spout_wait': 7.0, 'Spliters': 3.0, 'Counters': 17.0}, {'Spout_wait': 7.0, 'Spliters': 6.0, 'Counters': 17.0}, {'Spout_wait': 10.0, 'Spliters': 6.0, 'Counters': 18.0}, {'Spout_wait': 9.0, 'Spliters': 6.0, 'Counters': 17.0}, {'Spout_wait': 9.0, 'Spliters': 5.0, 'Counters': 17.0}, {'Spout_wait': 4.0, 'Spliters': 6.0, 'Counters': 17.0}, {'Spout_wait': 10.0, 'Spliters': 6.0, 'Counters': 15.0}, {'Spout_wait': 7.0, 'Spliters': 6.0, 'Counters': 17.0}, {'Spout_wait': 7.0, 'Spliters': 6.0, 'Counters': 17.0}, {'Spout_wait': 7.0, 'Spliters': 3.0, 'Counters': 17.0}, {'Spout_wait': 9.0, 'Spliters': 3.0, 'Counters': 17.0}, {'Spout_wait': 10.0, 'Spliters': 6.0, 'Counters': 18.0}, {'Spout_wait': 8.0, 'Spliters': 6.0, 'Counters': 17.0}, {'Spout_wait': 8.0, 'Spliters': 6.0, 'Counters': 17.0}, {'Spout_wait': 8.0, 'Spliters': 6.0, 'Counters': 17.0}, {'Spout_wait': 6.0, 'Spliters': 6.0, 'Counters': 17.0}, {'Spout_wait': 9.0, 'Spliters': 5.0, 'Counters': 17.0}, {'Spout_wait': 9.0, 'Spliters': 3.0, 'Counters': 17.0}, {'Spout_wait': 9.0, 'Spliters': 3.0, 'Counters': 17.0}
0.000747363758841324, 0.02967052168107598, 0.02810356721455487, 0.029511347490367323, 0.008586239120553896, 0.020466796587967684, 0.04488372625774839, 0.050251845828924835, 0.02810356721455487, 0.02810356721455487, 0.02967052168107598, 0.020033994250278075, 0.029511347490367323, 0.006111178207122481, 0.006111178207122481, 0.006111178207122481, 0.025597877256524737, 0.020466796587967684, 0.020033994250278075, 0.020033994250278075
0.4612157344818115, 0.45812225341796875, 0.4506080150604248, 0.4584641456604004, 0.4459993839263916, 0.4662816524505615, 0.4498169422149658, 0.4343552589416504, 0.43660926818847656, 0.4265940189361572, 0.4442710876464844, 0.43863940238952637, 0.4480583667755127, 0.45464015007019043, 0.44278669357299805, 0.46308445930480957, 0.46749258041381836, 0.48065662384033203, 0.45511293411254883, 0.4589700698852539