{'Spout_wait': 10.0, 'Spliters': 6.0, 'Counters': 12.0}, {'Spout_wait': 9.0, 'Spliters': 6.0, 'Counters': 15.0}, {'Spout_wait': 9.0, 'Spliters': 4.0, 'Counters': 17.0}, {'Spout_wait': 10.0, 'Spliters': 6.0, 'Counters': 18.0}, {'Spout_wait': 9.0, 'Spliters': 6.0, 'Counters': 18.0}, {'Spout_wait': 5.0, 'Spliters': 5.0, 'Counters': 18.0}, {'Spout_wait': 6.0, 'Spliters': 4.0, 'Counters': 17.0}, {'Spout_wait': 5.0, 'Spliters': 3.0, 'Counters': 15.0}, {'Spout_wait': 4.0, 'Spliters': 6.0, 'Counters': 16.0}, {'Spout_wait': 5.0, 'Spliters': 4.0, 'Counters': 17.0}, {'Spout_wait': 8.0, 'Spliters': 4.0, 'Counters': 18.0}, {'Spout_wait': 9.0, 'Spliters': 6.0, 'Counters': 18.0}, {'Spout_wait': 8.0, 'Spliters': 5.0, 'Counters': 13.0}, {'Spout_wait': 8.0, 'Spliters': 6.0, 'Counters': 17.0}, {'Spout_wait': 5.0, 'Spliters': 5.0, 'Counters': 18.0}, {'Spout_wait': 4.0, 'Spliters': 4.0, 'Counters': 17.0}, {'Spout_wait': 100.0, 'Spliters': 6.0, 'Counters': 15.0}, {'Spout_wait': 6.0, 'Spliters': 6.0, 'Counters': 16.0}, {'Spout_wait': 9.0, 'Spliters': 3.0, 'Counters': 17.0}, {'Spout_wait': 9.0, 'Spliters': 3.0, 'Counters': 17.0}
0.059561592720216106, 0.05703678646842847, 0.05457370508667703, 0.029511347490367323, 0.03142005946668358, 0.04923334370793886, 0.05504432310620622, 0.08243577024755122, 0.08144647655494397, 0.04594440035556535, 0.07992689124886965, 0.03142005946668358, 0.06869452197396686, 0.006111178207122481, 0.04923334370793886, 0.04308830093697913, 0.08776743012797805, 0.05755833752539674, 0.020033994250278075, 0.020033994250278075
0.0563967227935791, 0.05223226547241211, 0.052249908447265625, 0.05104470252990723, 0.05403757095336914, 0.05580735206604004, 0.05599641799926758, 0.10179352760314941, 0.06334376335144043, 0.06051468849182129, 0.06498360633850098, 0.0667872428894043, 0.060892343521118164, 0.06136941909790039, 0.05921816825866699, 0.06010699272155762, 0.05582594871520996, 0.06407380104064941, 0.06754302978515625, 0.05904507637023926