{'Spout_wait': 9.0, 'Spliters': 6.0, 'Counters': 8.0}, {'Spout_wait': 10.0, 'Spliters': 3.0, 'Counters': 13.0}, {'Spout_wait': 6.0, 'Spliters': 6.0, 'Counters': 13.0}, {'Spout_wait': 5.0, 'Spliters': 3.0, 'Counters': 16.0}, {'Spout_wait': 8.0, 'Spliters': 6.0, 'Counters': 16.0}, {'Spout_wait': 5.0, 'Spliters': 5.0, 'Counters': 18.0}, {'Spout_wait': 6.0, 'Spliters': 6.0, 'Counters': 14.0}, {'Spout_wait': 100.0, 'Spliters': 6.0, 'Counters': 18.0}, {'Spout_wait': 4.0, 'Spliters': 6.0, 'Counters': 16.0}, {'Spout_wait': 5.0, 'Spliters': 4.0, 'Counters': 17.0}, {'Spout_wait': 4.0, 'Spliters': 6.0, 'Counters': 14.0}, {'Spout_wait': 9.0, 'Spliters': 6.0, 'Counters': 18.0}, {'Spout_wait': 5.0, 'Spliters': 6.0, 'Counters': 9.0}, {'Spout_wait': 5.0, 'Spliters': 6.0, 'Counters': 12.0}, {'Spout_wait': 4.0, 'Spliters': 6.0, 'Counters': 14.0}, {'Spout_wait': 3.0, 'Spliters': 6.0, 'Counters': 11.0}, {'Spout_wait': 100.0, 'Spliters': 6.0, 'Counters': 15.0}, {'Spout_wait': 4.0, 'Spliters': 3.0, 'Counters': 12.0}, {'Spout_wait': 1.0, 'Spliters': 5.0, 'Counters': 17.0}, {'Spout_wait': 9.0, 'Spliters': 3.0, 'Counters': 17.0}
0.15195007581018505, 0.09606446682418801, 0.09880055588592773, 0.09876403292331659, 0.058868329738443026, 0.04923334370793886, 0.08743938138879093, 0.08310206306355905, 0.08144647655494397, 0.04594440035556535, 0.08761474371349254, 0.03142005946668358, 0.12878132072817117, 0.08197250940746004, 0.08761474371349254, 0.11946040428120164, 0.08776743012797805, 0.14383266164785746, 0.08331555174372429, 0.020033994250278075
0.02029109001159668, 0.018732547760009766, 0.020719528198242188, 0.02016448974609375, 0.017885446548461914, 0.017195701599121094, 0.019016027450561523, 0.019018173217773438, 0.016755342483520508, 0.015716552734375, 0.016952991485595703, 0.0158846378326416, 0.01692485809326172, 0.025767803192138672, 0.022322416305541992, 0.0190889835357666, 0.023976802825927734, 0.02926349639892578, 0.02041482925415039, 0.029877901077270508