{'Spout_wait': 5.0, 'Spliters': 5.0, 'Counters': 1.0}, {'Spout_wait': 4.0, 'Spliters': 6.0, 'Counters': 17.0}, {'Spout_wait': 3.0, 'Spliters': 3.0, 'Counters': 18.0}, {'Spout_wait': 6.0, 'Spliters': 5.0, 'Counters': 1.0}, {'Spout_wait': 5.0, 'Spliters': 5.0, 'Counters': 1.0}, {'Spout_wait': 3.0, 'Spliters': 5.0, 'Counters': 15.0}, {'Spout_wait': 6.0, 'Spliters': 3.0, 'Counters': 18.0}, {'Spout_wait': 3.0, 'Spliters': 6.0, 'Counters': 1.0}, {'Spout_wait': 2.0, 'Spliters': 3.0, 'Counters': 12.0}, {'Spout_wait': 6.0, 'Spliters': 4.0, 'Counters': 12.0}, {'Spout_wait': 6.0, 'Spliters': 4.0, 'Counters': 12.0}, {'Spout_wait': 3.0, 'Spliters': 5.0, 'Counters': 9.0}, {'Spout_wait': 2.0, 'Spliters': 4.0, 'Counters': 10.0}, {'Spout_wait': 6.0, 'Spliters': 5.0, 'Counters': 17.0}, {'Spout_wait': 5.0, 'Spliters': 4.0, 'Counters': 5.0}, {'Spout_wait': 5.0, 'Spliters': 4.0, 'Counters': 1.0}, {'Spout_wait': 5.0, 'Spliters': 4.0, 'Counters': 1.0}, {'Spout_wait': 5.0, 'Spliters': 6.0, 'Counters': 16.0}, {'Spout_wait': 6.0, 'Spliters': 3.0, 'Counters': 10.0}, {'Spout_wait': 5.0, 'Spliters': 5.0, 'Counters': 10.0}
4.1023799471462397e-05, 0.07844433583031751, 0.06952258069177952, 0.06185809585680524, 4.1023799471462397e-05, 0.07209710043164075, 0.08149838149817812, 0.06095920606992189, 0.08125943081752762, 0.06053988789959308, 0.06053988789959308, 0.08209778137571766, 0.054792021290341, 0.08072007172685369, 0.07275679403201574, 0.05485197085539084, 0.05485197085539084, 0.05281542808411355, 0.09227742886053691, 0.04293529150197439
0.1468186378479004, 0.1460573673248291, 0.14587759971618652, 0.15736961364746094, 0.15558815002441406, 0.1537611484527588, 0.15326499938964844, 0.16657757759094238, 0.16723394393920898, 0.14419150352478027, 0.1438610553741455, 0.14513087272644043, 0.16930103302001953, 0.14342617988586426, 0.15172910690307617, 0.1448841094970703, 0.14380216598510742, 0.14518141746520996, 0.1464862823486328, 0.27725672721862793