{'Spout_wait': 6.0, 'Spliters': 4.0, 'Counters': 12.0}, {'Spout_wait': 4.0, 'Spliters': 6.0, 'Counters': 17.0}, {'Spout_wait': 6.0, 'Spliters': 6.0, 'Counters': 16.0}, {'Spout_wait': 5.0, 'Spliters': 3.0, 'Counters': 16.0}, {'Spout_wait': 5.0, 'Spliters': 5.0, 'Counters': 1.0}, {'Spout_wait': 3.0, 'Spliters': 4.0, 'Counters': 13.0}, {'Spout_wait': 5.0, 'Spliters': 6.0, 'Counters': 17.0}, {'Spout_wait': 3.0, 'Spliters': 5.0, 'Counters': 16.0}, {'Spout_wait': 5.0, 'Spliters': 3.0, 'Counters': 17.0}, {'Spout_wait': 4.0, 'Spliters': 3.0, 'Counters': 1.0}, {'Spout_wait': 6.0, 'Spliters': 4.0, 'Counters': 2.0}, {'Spout_wait': 5.0, 'Spliters': 4.0, 'Counters': 18.0}, {'Spout_wait': 3.0, 'Spliters': 6.0, 'Counters': 1.0}, {'Spout_wait': 6.0, 'Spliters': 6.0, 'Counters': 17.0}, {'Spout_wait': 4.0, 'Spliters': 6.0, 'Counters': 14.0}, {'Spout_wait': 1.0, 'Spliters': 3.0, 'Counters': 11.0}, {'Spout_wait': 6.0, 'Spliters': 6.0, 'Counters': 18.0}, {'Spout_wait': 5.0, 'Spliters': 6.0, 'Counters': 16.0}, {'Spout_wait': 6.0, 'Spliters': 3.0, 'Counters': 10.0}, {'Spout_wait': 4.0, 'Spliters': 5.0, 'Counters': 1.0}
0.06053988789959308, 0.07844433583031751, 0.07760646753256917, 0.11576260346090173, 4.1023799471462397e-05, 0.0944329251953211, 0.10634899911226592, 0.0877261627975725, 0.08431319156724504, 0.1098820187784505, 0.06473198371359523, 0.08604950129794131, 0.06095920606992189, 0.09814544075718912, 0.07305533855603463, 0.09048089118900249, 0.06317483948161395, 0.05281542808411355, 0.09227742886053691, 0.0943736286555068
0.03875923156738281, 0.038352251052856445, 0.03389239311218262, 0.03312182426452637, 0.033072710037231445, 0.040798187255859375, 0.033498287200927734, 0.03261113166809082, 0.04838967323303223, 0.03924250602722168, 0.036710262298583984, 0.03255009651184082, 0.03574013710021973, 0.035813093185424805, 0.03394126892089844, 0.032640933990478516, 0.03336048126220703, 0.03351759910583496, 0.04133439064025879, 0.1408710479736328