{'Spout_wait': 5.0, 'Spliters': 3.0, 'Counters': 1.0}, {'Spout_wait': 4.0, 'Spliters': 3.0, 'Counters': 13.0}, {'Spout_wait': 5.0, 'Spliters': 4.0, 'Counters': 2.0}, {'Spout_wait': 5.0, 'Spliters': 3.0, 'Counters': 16.0}, {'Spout_wait': 5.0, 'Spliters': 5.0, 'Counters': 1.0}, {'Spout_wait': 3.0, 'Spliters': 4.0, 'Counters': 13.0}, {'Spout_wait': 3.0, 'Spliters': 6.0, 'Counters': 3.0}, {'Spout_wait': 3.0, 'Spliters': 5.0, 'Counters': 16.0}, {'Spout_wait': 5.0, 'Spliters': 3.0, 'Counters': 17.0}, {'Spout_wait': 4.0, 'Spliters': 3.0, 'Counters': 1.0}, {'Spout_wait': 6.0, 'Spliters': 4.0, 'Counters': 2.0}, {'Spout_wait': 3.0, 'Spliters': 2.0, 'Counters': 4.0}, {'Spout_wait': 5.0, 'Spliters': 6.0, 'Counters': 9.0}, {'Spout_wait': 6.0, 'Spliters': 6.0, 'Counters': 17.0}, {'Spout_wait': 4.0, 'Spliters': 6.0, 'Counters': 14.0}, {'Spout_wait': 1.0, 'Spliters': 3.0, 'Counters': 11.0}, {'Spout_wait': 6.0, 'Spliters': 6.0, 'Counters': 18.0}, {'Spout_wait': 6.0, 'Spliters': 5.0, 'Counters': 1.0}, {'Spout_wait': 6.0, 'Spliters': 3.0, 'Counters': 10.0}, {'Spout_wait': 4.0, 'Spliters': 5.0, 'Counters': 1.0}
0.07862474536683417, 0.10802622409850438, 0.07826474669758343, 0.11576260346090173, 4.1023799471462397e-05, 0.0944329251953211, 0.1394038849849789, 0.0877261627975725, 0.08431319156724504, 0.1098820187784505, 0.06473198371359523, 0.19649143149520976, 0.11185850431670374, 0.09814544075718912, 0.07305533855603463, 0.09048089118900249, 0.06317483948161395, 0.06185809585680524, 0.09227742886053691, 0.0943736286555068
0.029967069625854492, 0.03607034683227539, 0.03192782402038574, 0.02341437339782715, 0.02859330177307129, 0.024715900421142578, 0.026051044464111328, 0.0318906307220459, 0.024649620056152344, 0.02494192123413086, 0.023767948150634766, 0.027066469192504883, 0.03984570503234863, 0.019211292266845703, 0.020613908767700195, 0.017014026641845703, 0.01700305938720703, 0.016604900360107422, 0.019634723663330078, 0.020309925079345703