{'Spout_wait': 6.0, 'Spliters': 4.0, 'Counters': 12.0}, {'Spout_wait': 4.0, 'Spliters': 6.0, 'Counters': 17.0}, {'Spout_wait': 6.0, 'Spliters': 6.0, 'Counters': 16.0}, {'Spout_wait': 6.0, 'Spliters': 5.0, 'Counters': 1.0}, {'Spout_wait': 5.0, 'Spliters': 5.0, 'Counters': 1.0}, {'Spout_wait': 3.0, 'Spliters': 5.0, 'Counters': 15.0}, {'Spout_wait': 6.0, 'Spliters': 3.0, 'Counters': 18.0}, {'Spout_wait': 3.0, 'Spliters': 5.0, 'Counters': 16.0}, {'Spout_wait': 5.0, 'Spliters': 3.0, 'Counters': 17.0}, {'Spout_wait': 6.0, 'Spliters': 5.0, 'Counters': 15.0}, {'Spout_wait': 6.0, 'Spliters': 4.0, 'Counters': 2.0}, {'Spout_wait': 5.0, 'Spliters': 4.0, 'Counters': 18.0}, {'Spout_wait': 3.0, 'Spliters': 6.0, 'Counters': 1.0}, {'Spout_wait': 6.0, 'Spliters': 6.0, 'Counters': 17.0}, {'Spout_wait': 4.0, 'Spliters': 6.0, 'Counters': 14.0}, {'Spout_wait': 3.0, 'Spliters': 5.0, 'Counters': 15.0}, {'Spout_wait': 6.0, 'Spliters': 6.0, 'Counters': 18.0}, {'Spout_wait': 5.0, 'Spliters': 6.0, 'Counters': 16.0}, {'Spout_wait': 6.0, 'Spliters': 3.0, 'Counters': 10.0}, {'Spout_wait': 3.0, 'Spliters': 3.0, 'Counters': 18.0}
0.06053988789959308, 0.07844433583031751, 0.07760646753256917, 0.06185809585680524, 4.1023799471462397e-05, 0.07209710043164075, 0.08149838149817812, 0.0877261627975725, 0.08431319156724504, 0.06784542282263151, 0.06473198371359523, 0.08604950129794131, 0.06095920606992189, 0.09814544075718912, 0.07305533855603463, 0.07209710043164075, 0.06317483948161395, 0.05281542808411355, 0.09227742886053691, 0.06952258069177952
0.060187339782714844, 0.05671501159667969, 0.057929277420043945, 0.0591275691986084, 0.06337761878967285, 0.06444096565246582, 0.058965444564819336, 0.06176424026489258, 0.058177947998046875, 0.05727100372314453, 0.05936264991760254, 0.06331872940063477, 0.05746889114379883, 0.06080746650695801, 0.05790901184082031, 0.062395334243774414, 0.06546187400817871, 0.060328006744384766, 0.0579531192779541, 0.16826844215393066