{'Spout_wait': 6.0, 'Spliters': 4.0, 'Counters': 12.0}, {'Spout_wait': 4.0, 'Spliters': 6.0, 'Counters': 17.0}, {'Spout_wait': 6.0, 'Spliters': 6.0, 'Counters': 16.0}, {'Spout_wait': 6.0, 'Spliters': 5.0, 'Counters': 1.0}, {'Spout_wait': 5.0, 'Spliters': 5.0, 'Counters': 1.0}, {'Spout_wait': 3.0, 'Spliters': 5.0, 'Counters': 15.0}, {'Spout_wait': 6.0, 'Spliters': 3.0, 'Counters': 18.0}, {'Spout_wait': 3.0, 'Spliters': 5.0, 'Counters': 16.0}, {'Spout_wait': 5.0, 'Spliters': 3.0, 'Counters': 17.0}, {'Spout_wait': 1.0, 'Spliters': 6.0, 'Counters': 13.0}, {'Spout_wait': 6.0, 'Spliters': 4.0, 'Counters': 2.0}, {'Spout_wait': 5.0, 'Spliters': 4.0, 'Counters': 18.0}, {'Spout_wait': 3.0, 'Spliters': 6.0, 'Counters': 1.0}, {'Spout_wait': 6.0, 'Spliters': 6.0, 'Counters': 17.0}, {'Spout_wait': 4.0, 'Spliters': 6.0, 'Counters': 14.0}, {'Spout_wait': 6.0, 'Spliters': 4.0, 'Counters': 3.0}, {'Spout_wait': 6.0, 'Spliters': 6.0, 'Counters': 18.0}, {'Spout_wait': 5.0, 'Spliters': 6.0, 'Counters': 16.0}, {'Spout_wait': 6.0, 'Spliters': 3.0, 'Counters': 10.0}, {'Spout_wait': 3.0, 'Spliters': 3.0, 'Counters': 18.0}
0.06053988789959308, 0.07844433583031751, 0.07760646753256917, 0.06185809585680524, 4.1023799471462397e-05, 0.07209710043164075, 0.08149838149817812, 0.0877261627975725, 0.08431319156724504, 0.08503145616120389, 0.06473198371359523, 0.08604950129794131, 0.06095920606992189, 0.09814544075718912, 0.07305533855603463, 0.08928367777102508, 0.06317483948161395, 0.05281542808411355, 0.09227742886053691, 0.06952258069177952
0.06350970268249512, 0.04252982139587402, 0.04614067077636719, 0.0433497428894043, 0.044461727142333984, 0.04365825653076172, 0.04183554649353027, 0.04353928565979004, 0.04354143142700195, 0.044586181640625, 0.06255793571472168, 0.045716047286987305, 0.04377603530883789, 0.044719696044921875, 0.05082535743713379, 0.04569101333618164, 0.0435490608215332, 0.043706417083740234, 0.044287919998168945, 0.1365363597869873