{'Spout_wait': 5.0, 'Spliters': 5.0, 'Counters': 1.0}, {'Spout_wait': 5.0, 'Spliters': 6.0, 'Counters': 16.0}, {'Spout_wait': 5.0, 'Spliters': 5.0, 'Counters': 4.0}, {'Spout_wait': 6.0, 'Spliters': 5.0, 'Counters': 1.0}, {'Spout_wait': 5.0, 'Spliters': 5.0, 'Counters': 1.0}, {'Spout_wait': 2.0, 'Spliters': 5.0, 'Counters': 14.0}, {'Spout_wait': 4.0, 'Spliters': 6.0, 'Counters': 1.0}, {'Spout_wait': 3.0, 'Spliters': 6.0, 'Counters': 1.0}, {'Spout_wait': 2.0, 'Spliters': 3.0, 'Counters': 12.0}, {'Spout_wait': 3.0, 'Spliters': 4.0, 'Counters': 15.0}, {'Spout_wait': 6.0, 'Spliters': 4.0, 'Counters': 12.0}, {'Spout_wait': 6.0, 'Spliters': 3.0, 'Counters': 12.0}, {'Spout_wait': 2.0, 'Spliters': 4.0, 'Counters': 10.0}, {'Spout_wait': 5.0, 'Spliters': 6.0, 'Counters': 1.0}, {'Spout_wait': 4.0, 'Spliters': 6.0, 'Counters': 1.0}, {'Spout_wait': 5.0, 'Spliters': 4.0, 'Counters': 1.0}, {'Spout_wait': 5.0, 'Spliters': 4.0, 'Counters': 1.0}, {'Spout_wait': 6.0, 'Spliters': 4.0, 'Counters': 15.0}, {'Spout_wait': 5.0, 'Spliters': 6.0, 'Counters': 2.0}, {'Spout_wait': 5.0, 'Spliters': 5.0, 'Counters': 10.0}
4.1023799471462397e-05, 0.05281542808411355, 0.054612027473105784, 0.06185809585680524, 4.1023799471462397e-05, 0.04724666887988782, 0.06341415770644487, 0.06095920606992189, 0.08125943081752762, 0.050780020257953695, 0.06053988789959308, 0.07299553757811195, 0.054792021290341, 0.06970230856181392, 0.06341415770644487, 0.05485197085539084, 0.05485197085539084, 0.051797308758049, 0.085690071643867, 0.04293529150197439
0.2510800361633301, 0.2185218334197998, 0.21947598457336426, 0.21566414833068848, 0.21585297584533691, 0.21879935264587402, 0.22027015686035156, 0.23227691650390625, 0.23031377792358398, 0.21612215042114258, 0.22411584854125977, 0.23659133911132812, 0.23380804061889648, 0.23280596733093262, 0.2293391227722168, 0.2293555736541748, 0.23101472854614258, 0.22995972633361816, 0.3373584747314453, 0.23720598220825195