{'Spout_wait': 5.0, 'Spliters': 5.0, 'Counters': 1.0}, {'Spout_wait': 4.0, 'Spliters': 5.0, 'Counters': 10.0}, {'Spout_wait': 5.0, 'Spliters': 5.0, 'Counters': 4.0}, {'Spout_wait': 5.0, 'Spliters': 6.0, 'Counters': 16.0}, {'Spout_wait': 5.0, 'Spliters': 5.0, 'Counters': 1.0}, {'Spout_wait': 2.0, 'Spliters': 5.0, 'Counters': 14.0}, {'Spout_wait': 4.0, 'Spliters': 5.0, 'Counters': 15.0}, {'Spout_wait': 3.0, 'Spliters': 6.0, 'Counters': 1.0}, {'Spout_wait': 2.0, 'Spliters': 3.0, 'Counters': 14.0}, {'Spout_wait': 3.0, 'Spliters': 4.0, 'Counters': 15.0}, {'Spout_wait': 6.0, 'Spliters': 4.0, 'Counters': 12.0}, {'Spout_wait': 4.0, 'Spliters': 5.0, 'Counters': 10.0}, {'Spout_wait': 2.0, 'Spliters': 4.0, 'Counters': 10.0}, {'Spout_wait': 5.0, 'Spliters': 6.0, 'Counters': 1.0}, {'Spout_wait': 4.0, 'Spliters': 5.0, 'Counters': 10.0}, {'Spout_wait': 5.0, 'Spliters': 4.0, 'Counters': 1.0}, {'Spout_wait': 5.0, 'Spliters': 5.0, 'Counters': 10.0}, {'Spout_wait': 6.0, 'Spliters': 4.0, 'Counters': 15.0}, {'Spout_wait': 5.0, 'Spliters': 4.0, 'Counters': 15.0}, {'Spout_wait': 5.0, 'Spliters': 5.0, 'Counters': 10.0}
4.1023799471462397e-05, 0.04928309323600877, 0.054612027473105784, 0.05281542808411355, 4.1023799471462397e-05, 0.04724666887988782, 0.05317513139432972, 0.06095920606992189, 0.06407312853136182, 0.050780020257953695, 0.06053988789959308, 0.04928309323600877, 0.054792021290341, 0.06970230856181392, 0.04928309323600877, 0.05485197085539084, 0.04293529150197439, 0.051797308758049, 0.07173785106193742, 0.04293529150197439
0.4823644161224365, 0.46408653259277344, 0.4710965156555176, 0.4752779006958008, 0.46161603927612305, 0.475205659866333, 0.5054528713226318, 0.47122836112976074, 0.4626345634460449, 0.4655721187591553, 0.469043493270874, 0.4718630313873291, 0.4732372760772705, 0.4838423728942871, 0.4680325984954834, 0.4696044921875, 0.46933460235595703, 0.5933248996734619, 0.4736795425415039, 0.47446584701538086