{'Max_spout': 100.0, 'Spliters': 3.0, 'Counters': 15.0}, {'Max_spout': 1000000.0, 'Spliters': 6.0, 'Counters': 12.0}, {'Max_spout': 1000000.0, 'Spliters': 1.0, 'Counters': 3.0}, {'Max_spout': 10000.0, 'Spliters': 2.0, 'Counters': 18.0}, {'Max_spout': 100000.0, 'Spliters': 6.0, 'Counters': 15.0}, {'Max_spout': 1000000.0, 'Spliters': 1.0, 'Counters': 3.0}, {'Max_spout': 10000.0, 'Spliters': 2.0, 'Counters': 15.0}, {'Max_spout': 1000000.0, 'Spliters': 2.0, 'Counters': 18.0}, {'Max_spout': 100000.0, 'Spliters': 6.0, 'Counters': 6.0}, {'Max_spout': 1000000.0, 'Spliters': 6.0, 'Counters': 18.0}, {'Max_spout': 1000.0, 'Spliters': 2.0, 'Counters': 18.0}, {'Max_spout': 1000000.0, 'Spliters': 1.0, 'Counters': 3.0}, {'Max_spout': 1000000.0, 'Spliters': 6.0, 'Counters': 1.0}, {'Max_spout': 100.0, 'Spliters': 2.0, 'Counters': 12.0}, {'Max_spout': 10000.0, 'Spliters': 2.0, 'Counters': 18.0}, {'Max_spout': 100000.0, 'Spliters': 6.0, 'Counters': 18.0}, {'Max_spout': 1000000.0, 'Spliters': 2.0, 'Counters': 18.0}, {'Max_spout': 1000000.0, 'Spliters': 2.0, 'Counters': 18.0}, {'Max_spout': 10000.0, 'Spliters': 6.0, 'Counters': 9.0}, {'Max_spout': 1000000.0, 'Spliters': 1.0, 'Counters': 3.0}
0.4867655869588914, 0.44984553552444706, 0.39445597231778273, 0.38803073678533906, 0.4560848893772902, 0.39445597231778273, 0.37396253693787807, 0.3164259069728935, 0.44861846662082083, 0.44459959447439834, 0.37732074296275253, 0.39445597231778273, 0.40357683359835317, 0.4509522821374017, 0.38803073678533906, 0.42495585890769383, 0.3164259069728935, 0.3164259069728935, 0.46440171060253754, 0.39445597231778273
0.017360448837280273, 0.010104894638061523, 0.010198354721069336, 0.01123809814453125, 0.010630369186401367, 0.013473033905029297, 0.01111292839050293, 0.01063084602355957, 0.014065265655517578, 0.015337228775024414, 0.01788949966430664, 0.012395858764648438, 0.011218547821044922, 0.013509273529052734, 0.012651205062866211, 0.009831905364990234, 0.01462697982788086, 0.014345169067382812, 0.014365911483764648, 0.011287212371826172