{'Max_spout': 1000000.0, 'Spliters': 2.0, 'Counters': 18.0}, {'Max_spout': 1000000.0, 'Spliters': 2.0, 'Counters': 18.0}, {'Max_spout': 1000000.0, 'Spliters': 2.0, 'Counters': 18.0}, {'Max_spout': 1000000.0, 'Spliters': 2.0, 'Counters': 18.0}, {'Max_spout': 1000000.0, 'Spliters': 2.0, 'Counters': 18.0}, {'Max_spout': 1000000.0, 'Spliters': 2.0, 'Counters': 18.0}, {'Max_spout': 1000000.0, 'Spliters': 2.0, 'Counters': 18.0}, {'Max_spout': 1000000.0, 'Spliters': 2.0, 'Counters': 18.0}, {'Max_spout': 1000000.0, 'Spliters': 2.0, 'Counters': 18.0}, {'Max_spout': 1000000.0, 'Spliters': 2.0, 'Counters': 18.0}, {'Max_spout': 1000000.0, 'Spliters': 2.0, 'Counters': 18.0}, {'Max_spout': 1000000.0, 'Spliters': 2.0, 'Counters': 18.0}, {'Max_spout': 1000000.0, 'Spliters': 2.0, 'Counters': 18.0}, {'Max_spout': 1000000.0, 'Spliters': 2.0, 'Counters': 18.0}, {'Max_spout': 1000000.0, 'Spliters': 2.0, 'Counters': 18.0}, {'Max_spout': 1000000.0, 'Spliters': 2.0, 'Counters': 18.0}, {'Max_spout': 1000000.0, 'Spliters': 2.0, 'Counters': 18.0}, {'Max_spout': 1000000.0, 'Spliters': 2.0, 'Counters': 18.0}, {'Max_spout': 1000000.0, 'Spliters': 2.0, 'Counters': 18.0}, {'Max_spout': 1000000.0, 'Spliters': 2.0, 'Counters': 18.0}
0.3164259069728935, 0.3164259069728935, 0.3164259069728935, 0.3164259069728935, 0.3164259069728935, 0.3164259069728935, 0.3164259069728935, 0.3164259069728935, 0.3164259069728935, 0.3164259069728935, 0.3164259069728935, 0.3164259069728935, 0.3164259069728935, 0.3164259069728935, 0.3164259069728935, 0.3164259069728935, 0.3164259069728935, 0.3164259069728935, 0.3164259069728935, 0.3164259069728935
0.09105300903320312, 0.08221173286437988, 0.07282137870788574, 0.08313465118408203, 0.08720064163208008, 0.0932309627532959, 0.0799863338470459, 0.10176992416381836, 0.08012175559997559, 0.0820608139038086, 0.07642936706542969, 0.07521700859069824, 0.07518291473388672, 0.08680391311645508, 0.08411049842834473, 0.07204914093017578, 0.08943843841552734, 0.06976795196533203, 0.08894753456115723, 0.07500457763671875