{'Max_spout': 1000000.0, 'Spliters': 1.0, 'Counters': 3.0}, {'Max_spout': 1000000.0, 'Spliters': 6.0, 'Counters': 12.0}, {'Max_spout': 10000.0, 'Spliters': 2.0, 'Counters': 18.0}, {'Max_spout': 1000000.0, 'Spliters': 2.0, 'Counters': 18.0}, {'Max_spout': 100000.0, 'Spliters': 6.0, 'Counters': 15.0}, {'Max_spout': 1000000.0, 'Spliters': 1.0, 'Counters': 3.0}, {'Max_spout': 10000.0, 'Spliters': 2.0, 'Counters': 15.0}, {'Max_spout': 1000000.0, 'Spliters': 2.0, 'Counters': 18.0}, {'Max_spout': 1000000.0, 'Spliters': 1.0, 'Counters': 9.0}, {'Max_spout': 10000.0, 'Spliters': 2.0, 'Counters': 6.0}, {'Max_spout': 1000.0, 'Spliters': 2.0, 'Counters': 15.0}, {'Max_spout': 10000.0, 'Spliters': 2.0, 'Counters': 12.0}, {'Max_spout': 1000000.0, 'Spliters': 6.0, 'Counters': 1.0}, {'Max_spout': 1000000.0, 'Spliters': 1.0, 'Counters': 6.0}, {'Max_spout': 10000.0, 'Spliters': 2.0, 'Counters': 18.0}, {'Max_spout': 1000000.0, 'Spliters': 1.0, 'Counters': 3.0}, {'Max_spout': 1000000.0, 'Spliters': 2.0, 'Counters': 18.0}, {'Max_spout': 1000000.0, 'Spliters': 2.0, 'Counters': 18.0}, {'Max_spout': 10000.0, 'Spliters': 6.0, 'Counters': 9.0}, {'Max_spout': 1000000.0, 'Spliters': 1.0, 'Counters': 9.0}
0.39445597231778273, 0.44984553552444706, 0.38803073678533906, 0.3164259069728935, 0.4560848893772902, 0.39445597231778273, 0.37396253693787807, 0.3164259069728935, 0.32012653299473015, 0.4166887504479434, 0.36892976043895076, 0.3482003422813653, 0.40357683359835317, 0.36846990554864756, 0.38803073678533906, 0.39445597231778273, 0.3164259069728935, 0.3164259069728935, 0.46440171060253754, 0.32012653299473015
0.023724079132080078, 0.021738290786743164, 0.020877361297607422, 0.02800917625427246, 0.01953744888305664, 0.019849777221679688, 0.019128084182739258, 0.028860092163085938, 0.022172212600708008, 0.022319555282592773, 0.026397705078125, 0.030614852905273438, 0.031108379364013672, 0.018456697463989258, 0.017855167388916016, 0.024614572525024414, 0.022123336791992188, 0.02402520179748535, 0.03370952606201172, 0.023644685745239258