{'Max_spout': 100.0, 'Spliters': 3.0, 'Counters': 15.0}, {'Max_spout': 1000.0, 'Spliters': 2.0, 'Counters': 6.0}, {'Max_spout': 1000.0, 'Spliters': 2.0, 'Counters': 6.0}, {'Max_spout': 100.0, 'Spliters': 1.0, 'Counters': 12.0}, {'Max_spout': 1000.0, 'Spliters': 1.0, 'Counters': 6.0}, {'Max_spout': 10000.0, 'Spliters': 1.0, 'Counters': 6.0}, {'Max_spout': 1000000.0, 'Spliters': 6.0, 'Counters': 12.0}, {'Max_spout': 1000000.0, 'Spliters': 1.0, 'Counters': 3.0}, {'Max_spout': 100000.0, 'Spliters': 6.0, 'Counters': 6.0}, {'Max_spout': 10000.0, 'Spliters': 6.0, 'Counters': 9.0}, {'Max_spout': 1000000.0, 'Spliters': 1.0, 'Counters': 18.0}, {'Max_spout': 1000000.0, 'Spliters': 1.0, 'Counters': 3.0}, {'Max_spout': 1000.0, 'Spliters': 6.0, 'Counters': 12.0}, {'Max_spout': 100.0, 'Spliters': 2.0, 'Counters': 12.0}, {'Max_spout': 10000.0, 'Spliters': 2.0, 'Counters': 18.0}, {'Max_spout': 100000.0, 'Spliters': 6.0, 'Counters': 18.0}, {'Max_spout': 1000000.0, 'Spliters': 6.0, 'Counters': 9.0}, {'Max_spout': 1000.0, 'Spliters': 6.0, 'Counters': 18.0}, {'Max_spout': 10000.0, 'Spliters': 6.0, 'Counters': 1.0}, {'Max_spout': 1000000.0, 'Spliters': 6.0, 'Counters': 18.0}
0.4867655869588914, 0.4574555529336537, 0.4574555529336537, 0.5138341646485294, 0.500780182192749, 0.41494030786695557, 0.44984553552444706, 0.39445597231778273, 0.44861846662082083, 0.46440171060253754, 0.47148916029227994, 0.39445597231778273, 0.4484068363379843, 0.4509522821374017, 0.38803073678533906, 0.42495585890769383, 0.44400910161431717, 0.4751683735659056, 0.510667978335883, 0.44459959447439834
0.020573139190673828, 0.017095565795898438, 0.01438760757446289, 0.018233776092529297, 0.014591693878173828, 0.015018701553344727, 0.01708197593688965, 0.016190290451049805, 0.022220611572265625, 0.015760183334350586, 0.0162966251373291, 0.02666926383972168, 0.022556543350219727, 0.016244888305664062, 0.017178773880004883, 0.01999974250793457, 0.020345687866210938, 0.02019190788269043, 0.021368980407714844, 0.01671886444091797