{'Max_spout': 1000000.0, 'Spliters': 1.0, 'Counters': 3.0}, {'Max_spout': 100000.0, 'Spliters': 1.0, 'Counters': 9.0}, {'Max_spout': 10000.0, 'Spliters': 2.0, 'Counters': 18.0}, {'Max_spout': 1000000.0, 'Spliters': 2.0, 'Counters': 18.0}, {'Max_spout': 1000000.0, 'Spliters': 1.0, 'Counters': 9.0}, {'Max_spout': 1000000.0, 'Spliters': 1.0, 'Counters': 3.0}, {'Max_spout': 10000.0, 'Spliters': 2.0, 'Counters': 15.0}, {'Max_spout': 1000000.0, 'Spliters': 2.0, 'Counters': 18.0}, {'Max_spout': 1000000.0, 'Spliters': 1.0, 'Counters': 9.0}, {'Max_spout': 1000000.0, 'Spliters': 1.0, 'Counters': 9.0}, {'Max_spout': 1000.0, 'Spliters': 2.0, 'Counters': 15.0}, {'Max_spout': 1000000.0, 'Spliters': 1.0, 'Counters': 9.0}, {'Max_spout': 100000.0, 'Spliters': 1.0, 'Counters': 9.0}, {'Max_spout': 1000000.0, 'Spliters': 1.0, 'Counters': 6.0}, {'Max_spout': 10000.0, 'Spliters': 2.0, 'Counters': 18.0}, {'Max_spout': 1000000.0, 'Spliters': 1.0, 'Counters': 3.0}, {'Max_spout': 1000000.0, 'Spliters': 2.0, 'Counters': 18.0}, {'Max_spout': 1000000.0, 'Spliters': 2.0, 'Counters': 18.0}, {'Max_spout': 1000000.0, 'Spliters': 6.0, 'Counters': 18.0}, {'Max_spout': 1000000.0, 'Spliters': 2.0, 'Counters': 18.0}
0.39445597231778273, 0.35166741075975727, 0.38803073678533906, 0.3164259069728935, 0.32012653299473015, 0.39445597231778273, 0.37396253693787807, 0.3164259069728935, 0.32012653299473015, 0.32012653299473015, 0.36892976043895076, 0.32012653299473015, 0.35166741075975727, 0.36846990554864756, 0.38803073678533906, 0.39445597231778273, 0.3164259069728935, 0.3164259069728935, 0.44459959447439834, 0.3164259069728935
0.018398046493530273, 0.020190715789794922, 0.011284828186035156, 0.010156869888305664, 0.013565301895141602, 0.010572671890258789, 0.011069297790527344, 0.013883590698242188, 0.014896392822265625, 0.018632173538208008, 0.012865781784057617, 0.010571718215942383, 0.013716936111450195, 0.012655258178710938, 0.010300159454345703, 0.013794422149658203, 0.014856338500976562, 0.014454364776611328, 0.011188507080078125, 0.010149002075195312