{'Max_spout': 100000.0, 'Spliters': 3.0, 'Counters': 2.0}, {'Max_spout': 1000.0, 'Spliters': 4.0, 'Counters': 16.0}, {'Max_spout': 1000.0, 'Spliters': 1.0, 'Counters': 18.0}, {'Max_spout': 1000000.0, 'Spliters': 2.0, 'Counters': 7.0}, {'Max_spout': 10000.0, 'Spliters': 2.0, 'Counters': 14.0}, {'Max_spout': 1000000.0, 'Spliters': 2.0, 'Counters': 13.0}, {'Max_spout': 100000.0, 'Spliters': 3.0, 'Counters': 2.0}, {'Max_spout': 1000000.0, 'Spliters': 2.0, 'Counters': 18.0}, {'Max_spout': 100000.0, 'Spliters': 2.0, 'Counters': 18.0}, {'Max_spout': 10000.0, 'Spliters': 2.0, 'Counters': 18.0}, {'Max_spout': 10000.0, 'Spliters': 2.0, 'Counters': 14.0}, {'Max_spout': 1000000.0, 'Spliters': 2.0, 'Counters': 11.0}, {'Max_spout': 1000.0, 'Spliters': 1.0, 'Counters': 18.0}, {'Max_spout': 100000.0, 'Spliters': 2.0, 'Counters': 14.0}, {'Max_spout': 100000.0, 'Spliters': 1.0, 'Counters': 9.0}, {'Max_spout': 1000000.0, 'Spliters': 3.0, 'Counters': 12.0}, {'Max_spout': 1000000.0, 'Spliters': 2.0, 'Counters': 12.0}, {'Max_spout': 100000.0, 'Spliters': 2.0, 'Counters': 18.0}, {'Max_spout': 100000.0, 'Spliters': 1.0, 'Counters': 10.0}, {'Max_spout': 100000.0, 'Spliters': 2.0, 'Counters': 17.0}
0.24275536721044977, 0.27304161852098785, 0.2169919538979822, 0.2768382309227042, 0.15332396214456634, 0.1753336643562795, 0.24275536721044977, 0.13380251720146819, 0.15717968355457912, 0.13646979561984285, 0.15332396214456634, 0.2224197759651717, 0.2169919538979822, 0.17424465104643616, 0.24267659476476688, 0.28512387545681706, 0.17863486685012364, 0.15717968355457912, 0.2534341111142201, 0.12371969767889157
0.04227495193481445, 0.03308296203613281, 0.024221420288085938, 0.02200150489807129, 0.02227497100830078, 0.024364709854125977, 0.023561716079711914, 0.03976774215698242, 0.02714228630065918, 0.024283885955810547, 0.024120092391967773, 0.024196863174438477, 0.024239063262939453, 0.023808956146240234, 0.0241854190826416, 0.04103517532348633, 0.025934696197509766, 0.024285078048706055, 0.024391889572143555, 0.024637222290039062