{'Max_spout': 1000000.0, 'Spliters': 2.0, 'Counters': 15.0}, {'Max_spout': 100000.0, 'Spliters': 1.0, 'Counters': 18.0}, {'Max_spout': 10000.0, 'Spliters': 2.0, 'Counters': 16.0}, {'Max_spout': 10000.0, 'Spliters': 2.0, 'Counters': 17.0}, {'Max_spout': 10000.0, 'Spliters': 2.0, 'Counters': 14.0}, {'Max_spout': 1000000.0, 'Spliters': 2.0, 'Counters': 13.0}, {'Max_spout': 1000000.0, 'Spliters': 2.0, 'Counters': 18.0}, {'Max_spout': 100000.0, 'Spliters': 2.0, 'Counters': 15.0}, {'Max_spout': 1000000.0, 'Spliters': 2.0, 'Counters': 18.0}, {'Max_spout': 10000.0, 'Spliters': 2.0, 'Counters': 18.0}, {'Max_spout': 10000.0, 'Spliters': 2.0, 'Counters': 14.0}, {'Max_spout': 1000000.0, 'Spliters': 2.0, 'Counters': 11.0}, {'Max_spout': 1000000.0, 'Spliters': 2.0, 'Counters': 15.0}, {'Max_spout': 100000.0, 'Spliters': 2.0, 'Counters': 14.0}, {'Max_spout': 100000.0, 'Spliters': 2.0, 'Counters': 9.0}, {'Max_spout': 1000000.0, 'Spliters': 2.0, 'Counters': 18.0}, {'Max_spout': 10000.0, 'Spliters': 2.0, 'Counters': 14.0}, {'Max_spout': 100000.0, 'Spliters': 2.0, 'Counters': 18.0}, {'Max_spout': 1000000.0, 'Spliters': 2.0, 'Counters': 16.0}, {'Max_spout': 100000.0, 'Spliters': 2.0, 'Counters': 17.0}
0.19052519703880066, 0.2465668874813176, 0.1811405273230916, 0.13361873109709843, 0.15332396214456634, 0.1753336643562795, 0.13380251720146819, 0.132539345926719, 0.13380251720146819, 0.13646979561984285, 0.15332396214456634, 0.2224197759651717, 0.19052519703880066, 0.17424465104643616, 0.20799191559604002, 0.13380251720146819, 0.15332396214456634, 0.15717968355457912, 0.19902882585866655, 0.12371969767889157
0.1466808319091797, 0.13733291625976562, 0.10112595558166504, 0.0962216854095459, 0.0993642807006836, 0.11096954345703125, 0.10820579528808594, 0.11247420310974121, 0.11529326438903809, 0.10157155990600586, 0.12201356887817383, 0.12127971649169922, 0.1071312427520752, 0.0999448299407959, 0.1035609245300293, 0.10547471046447754, 0.09630775451660156, 0.1041567325592041, 0.09963202476501465, 0.11499714851379395