{'Max_spout': 10000.0, 'Spliters': 2.0, 'Counters': 15.0}, {'Max_spout': 100000.0, 'Spliters': 2.0, 'Counters': 12.0}, {'Max_spout': 100000.0, 'Spliters': 2.0, 'Counters': 18.0}, {'Max_spout': 10000.0, 'Spliters': 2.0, 'Counters': 17.0}, {'Max_spout': 1000000.0, 'Spliters': 2.0, 'Counters': 18.0}, {'Max_spout': 100000.0, 'Spliters': 2.0, 'Counters': 14.0}, {'Max_spout': 1000000.0, 'Spliters': 2.0, 'Counters': 18.0}, {'Max_spout': 100000.0, 'Spliters': 2.0, 'Counters': 15.0}, {'Max_spout': 1000000.0, 'Spliters': 2.0, 'Counters': 18.0}, {'Max_spout': 10000.0, 'Spliters': 2.0, 'Counters': 15.0}, {'Max_spout': 10000.0, 'Spliters': 2.0, 'Counters': 14.0}, {'Max_spout': 100000.0, 'Spliters': 2.0, 'Counters': 11.0}, {'Max_spout': 1000000.0, 'Spliters': 2.0, 'Counters': 13.0}, {'Max_spout': 100000.0, 'Spliters': 2.0, 'Counters': 12.0}, {'Max_spout': 10000.0, 'Spliters': 2.0, 'Counters': 12.0}, {'Max_spout': 100000.0, 'Spliters': 2.0, 'Counters': 17.0}, {'Max_spout': 10000.0, 'Spliters': 2.0, 'Counters': 14.0}, {'Max_spout': 1000000.0, 'Spliters': 2.0, 'Counters': 18.0}, {'Max_spout': 1000000.0, 'Spliters': 2.0, 'Counters': 18.0}, {'Max_spout': 100000.0, 'Spliters': 2.0, 'Counters': 17.0}
0.12284324324612461, 0.14512965696185742, 0.15717968355457912, 0.13361873109709843, 0.13380251720146819, 0.17424465104643616, 0.13380251720146819, 0.132539345926719, 0.13380251720146819, 0.12284324324612461, 0.15332396214456634, 0.17117835533245507, 0.1753336643562795, 0.14512965696185742, 0.16476005941792837, 0.12371969767889157, 0.15332396214456634, 0.13380251720146819, 0.13380251720146819, 0.12371969767889157
0.16599297523498535, 0.15947222709655762, 0.15459966659545898, 0.15660834312438965, 0.1684720516204834, 0.3866746425628662, 0.38260555267333984, 0.17267799377441406, 0.1656789779663086, 0.20665550231933594, 0.1675879955291748, 0.1706101894378662, 0.17698383331298828, 0.17334747314453125, 0.17058277130126953, 0.18178200721740723, 0.21089911460876465, 0.16775155067443848, 0.1780853271484375, 0.17164850234985352