{'Max_spout': 100000.0, 'Spliters': 3.0, 'Counters': 2.0}, {'Max_spout': 100000.0, 'Spliters': 1.0, 'Counters': 15.0}, {'Max_spout': 10000.0, 'Spliters': 2.0, 'Counters': 16.0}, {'Max_spout': 10000.0, 'Spliters': 2.0, 'Counters': 17.0}, {'Max_spout': 10000.0, 'Spliters': 2.0, 'Counters': 14.0}, {'Max_spout': 1000000.0, 'Spliters': 2.0, 'Counters': 13.0}, {'Max_spout': 100000.0, 'Spliters': 3.0, 'Counters': 2.0}, {'Max_spout': 1000000.0, 'Spliters': 2.0, 'Counters': 18.0}, {'Max_spout': 1000000.0, 'Spliters': 2.0, 'Counters': 18.0}, {'Max_spout': 10000.0, 'Spliters': 2.0, 'Counters': 18.0}, {'Max_spout': 10000.0, 'Spliters': 2.0, 'Counters': 14.0}, {'Max_spout': 1000000.0, 'Spliters': 2.0, 'Counters': 11.0}, {'Max_spout': 1000.0, 'Spliters': 1.0, 'Counters': 18.0}, {'Max_spout': 100000.0, 'Spliters': 2.0, 'Counters': 14.0}, {'Max_spout': 100000.0, 'Spliters': 2.0, 'Counters': 9.0}, {'Max_spout': 1000000.0, 'Spliters': 3.0, 'Counters': 12.0}, {'Max_spout': 1000000.0, 'Spliters': 2.0, 'Counters': 12.0}, {'Max_spout': 100000.0, 'Spliters': 2.0, 'Counters': 18.0}, {'Max_spout': 1000000.0, 'Spliters': 2.0, 'Counters': 16.0}, {'Max_spout': 100000.0, 'Spliters': 2.0, 'Counters': 17.0}
0.24275536721044977, 0.26551465639284955, 0.1811405273230916, 0.13361873109709843, 0.15332396214456634, 0.1753336643562795, 0.24275536721044977, 0.13380251720146819, 0.13380251720146819, 0.13646979561984285, 0.15332396214456634, 0.2224197759651717, 0.2169919538979822, 0.17424465104643616, 0.20799191559604002, 0.28512387545681706, 0.17863486685012364, 0.15717968355457912, 0.19902882585866655, 0.12371969767889157
0.035602569580078125, 0.03303098678588867, 0.0376133918762207, 0.03392362594604492, 0.03380084037780762, 0.034381866455078125, 0.03314805030822754, 0.034071922302246094, 0.03381228446960449, 0.03328084945678711, 0.03254055976867676, 0.03085637092590332, 0.034078359603881836, 0.032716989517211914, 0.032013654708862305, 0.03178000450134277, 0.03126883506774902, 0.03158903121948242, 0.03309774398803711, 0.03421306610107422