{'Max_spout': 1000000.0, 'Spliters': 1.0, 'Counters': 15.0}, {'Max_spout': 1000000.0, 'Spliters': 6.0, 'Counters': 15.0}, {'Max_spout': 1000000.0, 'Spliters': 1.0, 'Counters': 12.0}, {'Max_spout': 100.0, 'Spliters': 2.0, 'Counters': 8.0}, {'Max_spout': 10000.0, 'Spliters': 2.0, 'Counters': 14.0}, {'Max_spout': 1000000.0, 'Spliters': 2.0, 'Counters': 13.0}, {'Max_spout': 100000.0, 'Spliters': 3.0, 'Counters': 2.0}, {'Max_spout': 10000.0, 'Spliters': 2.0, 'Counters': 18.0}, {'Max_spout': 1000.0, 'Spliters': 5.0, 'Counters': 15.0}, {'Max_spout': 10000.0, 'Spliters': 2.0, 'Counters': 18.0}, {'Max_spout': 10000.0, 'Spliters': 2.0, 'Counters': 14.0}, {'Max_spout': 1000000.0, 'Spliters': 2.0, 'Counters': 11.0}, {'Max_spout': 1000000.0, 'Spliters': 3.0, 'Counters': 17.0}, {'Max_spout': 100000.0, 'Spliters': 1.0, 'Counters': 8.0}, {'Max_spout': 100000.0, 'Spliters': 3.0, 'Counters': 3.0}, {'Max_spout': 1000.0, 'Spliters': 3.0, 'Counters': 11.0}, {'Max_spout': 1000000.0, 'Spliters': 2.0, 'Counters': 12.0}, {'Max_spout': 1000000.0, 'Spliters': 4.0, 'Counters': 14.0}, {'Max_spout': 1000000.0, 'Spliters': 3.0, 'Counters': 10.0}, {'Max_spout': 100000.0, 'Spliters': 3.0, 'Counters': 12.0}
0.31071550930108205, 0.3521953284218484, 0.31482392338807075, 0.3738774189737619, 0.15332396214456634, 0.1753336643562795, 0.24275536721044977, 0.13646979561984285, 0.2826370604953454, 0.13646979561984285, 0.15332396214456634, 0.2224197759651717, 0.3051896460950224, 0.27990932392186396, 0.4047737003278099, 0.2864531194843023, 0.17863486685012364, 0.3111936531914209, 0.30027109419634246, 0.30072323839449744
0.021455764770507812, 0.029204607009887695, 0.030759334564208984, 0.02893972396850586, 0.02740788459777832, 0.048119306564331055, 0.027661561965942383, 0.027782440185546875, 0.030993938446044922, 0.03618359565734863, 0.027960777282714844, 0.027556419372558594, 0.030388593673706055, 0.026417016983032227, 0.06889605522155762, 0.02034306526184082, 0.0194246768951416, 0.0268247127532959, 0.018697738647460938, 0.014932394027709961