{'Max_spout': 10000.0, 'Spliters': 2.0, 'Counters': 15.0}, {'Max_spout': 1000000.0, 'Spliters': 2.0, 'Counters': 18.0}, {'Max_spout': 100000.0, 'Spliters': 2.0, 'Counters': 12.0}, {'Max_spout': 10000.0, 'Spliters': 2.0, 'Counters': 15.0}, {'Max_spout': 1000000.0, 'Spliters': 2.0, 'Counters': 18.0}, {'Max_spout': 1000000.0, 'Spliters': 2.0, 'Counters': 18.0}, {'Max_spout': 1000000.0, 'Spliters': 2.0, 'Counters': 18.0}, {'Max_spout': 100000.0, 'Spliters': 2.0, 'Counters': 15.0}, {'Max_spout': 100000.0, 'Spliters': 2.0, 'Counters': 17.0}, {'Max_spout': 10000.0, 'Spliters': 2.0, 'Counters': 15.0}, {'Max_spout': 1000000.0, 'Spliters': 2.0, 'Counters': 18.0}, {'Max_spout': 100000.0, 'Spliters': 2.0, 'Counters': 15.0}, {'Max_spout': 100000.0, 'Spliters': 2.0, 'Counters': 17.0}, {'Max_spout': 100000.0, 'Spliters': 2.0, 'Counters': 17.0}, {'Max_spout': 100000.0, 'Spliters': 2.0, 'Counters': 17.0}, {'Max_spout': 100000.0, 'Spliters': 2.0, 'Counters': 17.0}, {'Max_spout': 1000000.0, 'Spliters': 2.0, 'Counters': 18.0}, {'Max_spout': 100000.0, 'Spliters': 2.0, 'Counters': 15.0}, {'Max_spout': 100000.0, 'Spliters': 2.0, 'Counters': 15.0}, {'Max_spout': 100000.0, 'Spliters': 2.0, 'Counters': 17.0}
0.12284324324612461, 0.13380251720146819, 0.14512965696185742, 0.12284324324612461, 0.13380251720146819, 0.13380251720146819, 0.13380251720146819, 0.132539345926719, 0.12371969767889157, 0.12284324324612461, 0.13380251720146819, 0.132539345926719, 0.12371969767889157, 0.12371969767889157, 0.12371969767889157, 0.12371969767889157, 0.13380251720146819, 0.132539345926719, 0.132539345926719, 0.12371969767889157
0.22071361541748047, 0.22592639923095703, 0.2169947624206543, 0.2252812385559082, 0.2213764190673828, 0.21929335594177246, 0.2180337905883789, 0.22003984451293945, 0.21769237518310547, 0.21955037117004395, 0.21941804885864258, 0.2319793701171875, 0.22120332717895508, 0.22792387008666992, 0.29418063163757324, 0.22454166412353516, 0.22408843040466309, 0.22239446640014648, 0.22371888160705566, 0.22760772705078125