{'Max_spout': 100000.0, 'Spliters': 3.0, 'Counters': 2.0}, {'Max_spout': 1000.0, 'Spliters': 4.0, 'Counters': 16.0}, {'Max_spout': 1000.0, 'Spliters': 1.0, 'Counters': 18.0}, {'Max_spout': 1000000.0, 'Spliters': 2.0, 'Counters': 7.0}, {'Max_spout': 10000.0, 'Spliters': 2.0, 'Counters': 14.0}, {'Max_spout': 1000000.0, 'Spliters': 2.0, 'Counters': 13.0}, {'Max_spout': 100000.0, 'Spliters': 3.0, 'Counters': 2.0}, {'Max_spout': 10000.0, 'Spliters': 2.0, 'Counters': 18.0}, {'Max_spout': 100000.0, 'Spliters': 2.0, 'Counters': 18.0}, {'Max_spout': 10000.0, 'Spliters': 2.0, 'Counters': 18.0}, {'Max_spout': 10000.0, 'Spliters': 2.0, 'Counters': 14.0}, {'Max_spout': 1000000.0, 'Spliters': 2.0, 'Counters': 11.0}, {'Max_spout': 1000.0, 'Spliters': 1.0, 'Counters': 18.0}, {'Max_spout': 100000.0, 'Spliters': 1.0, 'Counters': 8.0}, {'Max_spout': 100000.0, 'Spliters': 1.0, 'Counters': 9.0}, {'Max_spout': 1000000.0, 'Spliters': 3.0, 'Counters': 12.0}, {'Max_spout': 1000000.0, 'Spliters': 2.0, 'Counters': 12.0}, {'Max_spout': 100000.0, 'Spliters': 3.0, 'Counters': 11.0}, {'Max_spout': 1000000.0, 'Spliters': 3.0, 'Counters': 10.0}, {'Max_spout': 100000.0, 'Spliters': 2.0, 'Counters': 17.0}
0.24275536721044977, 0.27304161852098785, 0.2169919538979822, 0.2768382309227042, 0.15332396214456634, 0.1753336643562795, 0.24275536721044977, 0.13646979561984285, 0.15717968355457912, 0.13646979561984285, 0.15332396214456634, 0.2224197759651717, 0.2169919538979822, 0.27990932392186396, 0.24267659476476688, 0.28512387545681706, 0.17863486685012364, 0.2907086941804491, 0.30027109419634246, 0.12371969767889157
0.022284269332885742, 0.021503210067749023, 0.02241802215576172, 0.021857261657714844, 0.021619081497192383, 0.0335543155670166, 0.02423405647277832, 0.021061182022094727, 0.02283501625061035, 0.02064800262451172, 0.021275997161865234, 0.021971464157104492, 0.025448322296142578, 0.022162914276123047, 0.022882938385009766, 0.02140665054321289, 0.02194070816040039, 0.020572423934936523, 0.01790618896484375, 0.02156376838684082