{'Max_spout': 100.0, 'Spliters': 3.0, 'Counters': 15.0}, {'Max_spout': 1000.0, 'Spliters': 2.0, 'Counters': 6.0}, {'Max_spout': 1000000.0, 'Spliters': 2.0, 'Counters': 9.0}, {'Max_spout': 100.0, 'Spliters': 1.0, 'Counters': 12.0}, {'Max_spout': 1000.0, 'Spliters': 1.0, 'Counters': 6.0}, {'Max_spout': 1000.0, 'Spliters': 6.0, 'Counters': 6.0}, {'Max_spout': 1000000.0, 'Spliters': 6.0, 'Counters': 12.0}, {'Max_spout': 100.0, 'Spliters': 2.0, 'Counters': 15.0}, {'Max_spout': 100000.0, 'Spliters': 6.0, 'Counters': 12.0}, {'Max_spout': 10000.0, 'Spliters': 6.0, 'Counters': 9.0}, {'Max_spout': 100.0, 'Spliters': 6.0, 'Counters': 18.0}, {'Max_spout': 10000.0, 'Spliters': 2.0, 'Counters': 6.0}, {'Max_spout': 100.0, 'Spliters': 2.0, 'Counters': 9.0}, {'Max_spout': 100.0, 'Spliters': 2.0, 'Counters': 12.0}, {'Max_spout': 10000.0, 'Spliters': 2.0, 'Counters': 18.0}, {'Max_spout': 100.0, 'Spliters': 2.0, 'Counters': 9.0}, {'Max_spout': 100.0, 'Spliters': 2.0, 'Counters': 18.0}, {'Max_spout': 1000.0, 'Spliters': 6.0, 'Counters': 18.0}, {'Max_spout': 10.0, 'Spliters': 2.0, 'Counters': 15.0}, {'Max_spout': 1000000.0, 'Spliters': 6.0, 'Counters': 18.0}
0.5174692377916337, 0.42471564247809135, 0.41464190904005405, 0.5188602285953636, 0.504753926626011, 0.4665671268518795, 0.45132372310007496, 0.42069156568117205, 0.4488602405241635, 0.46278694480825155, 0.48489509022222266, 0.4048595507354926, 0.4332312508997562, 0.405608670201996, 0.4202161119317217, 0.4332312508997562, 0.4007921025523584, 0.46457481367963727, 0.518476046580786, 0.45684852732534786
0.019755840301513672, 0.01097249984741211, 0.008391141891479492, 0.009331464767456055, 0.007607221603393555, 0.006890535354614258, 0.007696866989135742, 0.008033514022827148, 0.009775400161743164, 0.008079290390014648, 0.007444858551025391, 0.010208368301391602, 0.007272243499755859, 0.0074541568756103516, 0.00714564323425293, 0.010699748992919922, 0.009414196014404297, 0.008729219436645508, 0.008177995681762695, 0.007251739501953125