{'Max_spout': 1000000.0, 'Spliters': 6.0, 'Counters': 12.0}, {'Max_spout': 100.0, 'Spliters': 2.0, 'Counters': 18.0}, {'Max_spout': 1000.0, 'Spliters': 2.0, 'Counters': 9.0}, {'Max_spout': 100.0, 'Spliters': 2.0, 'Counters': 12.0}, {'Max_spout': 10000.0, 'Spliters': 2.0, 'Counters': 12.0}, {'Max_spout': 1000.0, 'Spliters': 2.0, 'Counters': 6.0}, {'Max_spout': 10000.0, 'Spliters': 2.0, 'Counters': 9.0}, {'Max_spout': 100.0, 'Spliters': 2.0, 'Counters': 15.0}, {'Max_spout': 100.0, 'Spliters': 2.0, 'Counters': 12.0}, {'Max_spout': 10000.0, 'Spliters': 2.0, 'Counters': 6.0}, {'Max_spout': 1000.0, 'Spliters': 2.0, 'Counters': 15.0}, {'Max_spout': 10000.0, 'Spliters': 2.0, 'Counters': 6.0}, {'Max_spout': 100.0, 'Spliters': 2.0, 'Counters': 9.0}, {'Max_spout': 100.0, 'Spliters': 2.0, 'Counters': 12.0}, {'Max_spout': 1000.0, 'Spliters': 2.0, 'Counters': 9.0}, {'Max_spout': 100.0, 'Spliters': 2.0, 'Counters': 15.0}, {'Max_spout': 1000.0, 'Spliters': 2.0, 'Counters': 12.0}, {'Max_spout': 100.0, 'Spliters': 2.0, 'Counters': 15.0}, {'Max_spout': 1000000.0, 'Spliters': 6.0, 'Counters': 12.0}, {'Max_spout': 100000.0, 'Spliters': 2.0, 'Counters': 18.0}
0.45132372310007496, 0.4007921025523584, 0.3843556979164898, 0.405608670201996, 0.4060542266639211, 0.42471564247809135, 0.3915810157618045, 0.42069156568117205, 0.405608670201996, 0.4048595507354926, 0.3534006710681069, 0.4048595507354926, 0.4332312508997562, 0.405608670201996, 0.3843556979164898, 0.42069156568117205, 0.34825220828017067, 0.42069156568117205, 0.45132372310007496, 0.4412970247361895
0.0367436408996582, 0.03239083290100098, 0.03588294982910156, 0.029718637466430664, 0.030135154724121094, 0.03418231010437012, 0.0323185920715332, 0.03520393371582031, 0.03546333312988281, 0.03393411636352539, 0.03550601005554199, 0.05214405059814453, 0.0325772762298584, 0.03787517547607422, 0.03595709800720215, 0.03472757339477539, 0.0379633903503418, 0.0342564582824707, 0.03351902961730957, 0.03536105155944824