{'Max_spout': 100.0, 'Spliters': 2.0, 'Counters': 18.0}, {'Max_spout': 10000.0, 'Spliters': 2.0, 'Counters': 9.0}, {'Max_spout': 1000.0, 'Spliters': 2.0, 'Counters': 12.0}, {'Max_spout': 100.0, 'Spliters': 2.0, 'Counters': 12.0}, {'Max_spout': 10000.0, 'Spliters': 2.0, 'Counters': 15.0}, {'Max_spout': 1000000.0, 'Spliters': 2.0, 'Counters': 9.0}, {'Max_spout': 10000.0, 'Spliters': 2.0, 'Counters': 9.0}, {'Max_spout': 10000.0, 'Spliters': 2.0, 'Counters': 9.0}, {'Max_spout': 100.0, 'Spliters': 2.0, 'Counters': 12.0}, {'Max_spout': 1000.0, 'Spliters': 2.0, 'Counters': 12.0}, {'Max_spout': 1000.0, 'Spliters': 2.0, 'Counters': 15.0}, {'Max_spout': 10000.0, 'Spliters': 2.0, 'Counters': 15.0}, {'Max_spout': 1000000.0, 'Spliters': 2.0, 'Counters': 9.0}, {'Max_spout': 100.0, 'Spliters': 2.0, 'Counters': 12.0}, {'Max_spout': 1000.0, 'Spliters': 2.0, 'Counters': 9.0}, {'Max_spout': 100.0, 'Spliters': 2.0, 'Counters': 18.0}, {'Max_spout': 1000.0, 'Spliters': 2.0, 'Counters': 12.0}, {'Max_spout': 100.0, 'Spliters': 2.0, 'Counters': 18.0}, {'Max_spout': 1000000.0, 'Spliters': 2.0, 'Counters': 9.0}, {'Max_spout': 1000.0, 'Spliters': 2.0, 'Counters': 9.0}
0.4007921025523584, 0.3915810157618045, 0.34825220828017067, 0.405608670201996, 0.3975491585218419, 0.41464190904005405, 0.3915810157618045, 0.3915810157618045, 0.405608670201996, 0.34825220828017067, 0.3534006710681069, 0.3975491585218419, 0.41464190904005405, 0.405608670201996, 0.3843556979164898, 0.4007921025523584, 0.34825220828017067, 0.4007921025523584, 0.41464190904005405, 0.3843556979164898
0.05088400840759277, 0.1456758975982666, 0.059456586837768555, 0.07764697074890137, 0.0447084903717041, 0.039385080337524414, 0.04905366897583008, 0.05371594429016113, 0.046838998794555664, 0.06116342544555664, 0.039765357971191406, 0.03630232810974121, 0.03989911079406738, 0.05164194107055664, 0.044631242752075195, 0.04620838165283203, 0.05282711982727051, 0.04989194869995117, 0.04208946228027344, 0.05809330940246582