{'Max_spout': 10000.0, 'Spliters': 6.0, 'Counters': 12.0}, {'Max_spout': 1000000.0, 'Spliters': 2.0, 'Counters': 9.0}, {'Max_spout': 1000.0, 'Spliters': 2.0, 'Counters': 9.0}, {'Max_spout': 10000.0, 'Spliters': 2.0, 'Counters': 18.0}, {'Max_spout': 100000.0, 'Spliters': 6.0, 'Counters': 15.0}, {'Max_spout': 1000.0, 'Spliters': 2.0, 'Counters': 6.0}, {'Max_spout': 10000.0, 'Spliters': 2.0, 'Counters': 9.0}, {'Max_spout': 100.0, 'Spliters': 2.0, 'Counters': 15.0}, {'Max_spout': 100.0, 'Spliters': 2.0, 'Counters': 12.0}, {'Max_spout': 10000.0, 'Spliters': 2.0, 'Counters': 6.0}, {'Max_spout': 1000.0, 'Spliters': 2.0, 'Counters': 15.0}, {'Max_spout': 10000.0, 'Spliters': 2.0, 'Counters': 6.0}, {'Max_spout': 100.0, 'Spliters': 2.0, 'Counters': 9.0}, {'Max_spout': 100.0, 'Spliters': 2.0, 'Counters': 12.0}, {'Max_spout': 1000.0, 'Spliters': 2.0, 'Counters': 9.0}, {'Max_spout': 100.0, 'Spliters': 2.0, 'Counters': 15.0}, {'Max_spout': 1000.0, 'Spliters': 2.0, 'Counters': 12.0}, {'Max_spout': 1000000.0, 'Spliters': 6.0, 'Counters': 9.0}, {'Max_spout': 10000.0, 'Spliters': 6.0, 'Counters': 9.0}, {'Max_spout': 100000.0, 'Spliters': 2.0, 'Counters': 18.0}
0.4609225491729707, 0.41464190904005405, 0.3843556979164898, 0.4202161119317217, 0.46493854636793785, 0.42471564247809135, 0.3915810157618045, 0.42069156568117205, 0.405608670201996, 0.4048595507354926, 0.3534006710681069, 0.4048595507354926, 0.4332312508997562, 0.405608670201996, 0.3843556979164898, 0.42069156568117205, 0.34825220828017067, 0.4550215006629207, 0.46278694480825155, 0.4412970247361895
0.01522970199584961, 0.013814210891723633, 0.015176057815551758, 0.01274418830871582, 0.013024330139160156, 0.015535116195678711, 0.014935731887817383, 0.02448272705078125, 0.022750377655029297, 0.027724742889404297, 0.028653383255004883, 0.030659198760986328, 0.02555680274963379, 0.02265334129333496, 0.025703907012939453, 0.04615664482116699, 0.035199880599975586, 0.02780914306640625, 0.026866912841796875, 0.02491903305053711