{'Max_spout': 100.0, 'Spliters': 6.0, 'Counters': 18.0}, {'Max_spout': 1000.0, 'Spliters': 2.0, 'Counters': 6.0}, {'Max_spout': 1000000.0, 'Spliters': 2.0, 'Counters': 9.0}, {'Max_spout': 10000.0, 'Spliters': 2.0, 'Counters': 18.0}, {'Max_spout': 100000.0, 'Spliters': 6.0, 'Counters': 15.0}, {'Max_spout': 1000000.0, 'Spliters': 6.0, 'Counters': 18.0}, {'Max_spout': 10000.0, 'Spliters': 2.0, 'Counters': 9.0}, {'Max_spout': 100.0, 'Spliters': 2.0, 'Counters': 15.0}, {'Max_spout': 100.0, 'Spliters': 2.0, 'Counters': 12.0}, {'Max_spout': 1000000.0, 'Spliters': 2.0, 'Counters': 9.0}, {'Max_spout': 1000.0, 'Spliters': 2.0, 'Counters': 18.0}, {'Max_spout': 10000.0, 'Spliters': 2.0, 'Counters': 6.0}, {'Max_spout': 100.0, 'Spliters': 2.0, 'Counters': 9.0}, {'Max_spout': 100.0, 'Spliters': 2.0, 'Counters': 12.0}, {'Max_spout': 1000000.0, 'Spliters': 2.0, 'Counters': 9.0}, {'Max_spout': 100.0, 'Spliters': 2.0, 'Counters': 9.0}, {'Max_spout': 1000.0, 'Spliters': 2.0, 'Counters': 12.0}, {'Max_spout': 1000000.0, 'Spliters': 6.0, 'Counters': 9.0}, {'Max_spout': 10000.0, 'Spliters': 6.0, 'Counters': 9.0}, {'Max_spout': 1000000.0, 'Spliters': 6.0, 'Counters': 18.0}
0.48489509022222266, 0.42471564247809135, 0.41464190904005405, 0.4202161119317217, 0.46493854636793785, 0.45684852732534786, 0.3915810157618045, 0.42069156568117205, 0.405608670201996, 0.41464190904005405, 0.3670307857723123, 0.4048595507354926, 0.4332312508997562, 0.405608670201996, 0.41464190904005405, 0.4332312508997562, 0.34825220828017067, 0.4550215006629207, 0.46278694480825155, 0.45684852732534786
0.024240970611572266, 0.032375335693359375, 0.02745652198791504, 0.026097536087036133, 0.026573896408081055, 0.025919198989868164, 0.02467179298400879, 0.10417819023132324, 0.014429569244384766, 0.00737452507019043, 0.010012149810791016, 0.03442668914794922, 0.010639190673828125, 0.006526470184326172, 0.010423660278320312, 0.009383916854858398, 0.03227090835571289, 0.012118101119995117, 0.00801539421081543, 0.006741762161254883