{'Max_spout': 10000.0, 'Spliters': 2.0, 'Counters': 9.0}, {'Max_spout': 10000.0, 'Spliters': 2.0, 'Counters': 9.0}, {'Max_spout': 1000.0, 'Spliters': 2.0, 'Counters': 12.0}, {'Max_spout': 10000.0, 'Spliters': 2.0, 'Counters': 9.0}, {'Max_spout': 10000.0, 'Spliters': 2.0, 'Counters': 9.0}, {'Max_spout': 10000.0, 'Spliters': 2.0, 'Counters': 9.0}, {'Max_spout': 10000.0, 'Spliters': 2.0, 'Counters': 9.0}, {'Max_spout': 1000.0, 'Spliters': 2.0, 'Counters': 9.0}, {'Max_spout': 10000.0, 'Spliters': 2.0, 'Counters': 9.0}, {'Max_spout': 1000.0, 'Spliters': 2.0, 'Counters': 12.0}, {'Max_spout': 1000.0, 'Spliters': 2.0, 'Counters': 12.0}, {'Max_spout': 10000.0, 'Spliters': 2.0, 'Counters': 9.0}, {'Max_spout': 10000.0, 'Spliters': 2.0, 'Counters': 6.0}, {'Max_spout': 10000.0, 'Spliters': 2.0, 'Counters': 15.0}, {'Max_spout': 1000.0, 'Spliters': 2.0, 'Counters': 9.0}, {'Max_spout': 10000.0, 'Spliters': 2.0, 'Counters': 9.0}, {'Max_spout': 1000.0, 'Spliters': 2.0, 'Counters': 12.0}, {'Max_spout': 1000.0, 'Spliters': 2.0, 'Counters': 12.0}, {'Max_spout': 100.0, 'Spliters': 2.0, 'Counters': 12.0}, {'Max_spout': 1000.0, 'Spliters': 2.0, 'Counters': 9.0}
0.3915810157618045, 0.3915810157618045, 0.34825220828017067, 0.3915810157618045, 0.3915810157618045, 0.3915810157618045, 0.3915810157618045, 0.3843556979164898, 0.3915810157618045, 0.34825220828017067, 0.34825220828017067, 0.3915810157618045, 0.4048595507354926, 0.3975491585218419, 0.3843556979164898, 0.3915810157618045, 0.34825220828017067, 0.34825220828017067, 0.405608670201996, 0.3843556979164898
0.06643509864807129, 0.04500293731689453, 0.03852033615112305, 0.04116368293762207, 0.0625612735748291, 0.04320502281188965, 0.06841206550598145, 0.16146421432495117, 0.042829036712646484, 0.04971027374267578, 0.03982424736022949, 0.047763824462890625, 0.050916433334350586, 0.04836559295654297, 0.04789280891418457, 0.039238691329956055, 0.04140877723693848, 0.04941439628601074, 0.05021214485168457, 0.049639225006103516