{'Max_spout': 10000.0, 'Spliters': 2.0, 'Counters': 12.0}, {'Max_spout': 10000.0, 'Spliters': 2.0, 'Counters': 9.0}, {'Max_spout': 1000.0, 'Spliters': 2.0, 'Counters': 12.0}, {'Max_spout': 10000.0, 'Spliters': 2.0, 'Counters': 18.0}, {'Max_spout': 10000.0, 'Spliters': 2.0, 'Counters': 12.0}, {'Max_spout': 1000000.0, 'Spliters': 2.0, 'Counters': 9.0}, {'Max_spout': 10000.0, 'Spliters': 2.0, 'Counters': 9.0}, {'Max_spout': 10000.0, 'Spliters': 2.0, 'Counters': 9.0}, {'Max_spout': 10000.0, 'Spliters': 2.0, 'Counters': 18.0}, {'Max_spout': 1000.0, 'Spliters': 2.0, 'Counters': 12.0}, {'Max_spout': 1000.0, 'Spliters': 2.0, 'Counters': 15.0}, {'Max_spout': 10000.0, 'Spliters': 2.0, 'Counters': 12.0}, {'Max_spout': 1000000.0, 'Spliters': 2.0, 'Counters': 9.0}, {'Max_spout': 1000000.0, 'Spliters': 2.0, 'Counters': 9.0}, {'Max_spout': 10000.0, 'Spliters': 2.0, 'Counters': 18.0}, {'Max_spout': 100.0, 'Spliters': 2.0, 'Counters': 18.0}, {'Max_spout': 1000.0, 'Spliters': 2.0, 'Counters': 15.0}, {'Max_spout': 1000000.0, 'Spliters': 2.0, 'Counters': 9.0}, {'Max_spout': 1000000.0, 'Spliters': 2.0, 'Counters': 9.0}, {'Max_spout': 1000000.0, 'Spliters': 2.0, 'Counters': 9.0}
0.3777081854880393, 0.391479583096187, 0.353038171607748, 0.3893870191155626, 0.3777081854880393, 0.3961943038278054, 0.391479583096187, 0.391479583096187, 0.3893870191155626, 0.353038171607748, 0.33404364197772773, 0.3777081854880393, 0.3961943038278054, 0.3961943038278054, 0.3893870191155626, 0.41809352356324125, 0.33404364197772773, 0.3961943038278054, 0.3961943038278054, 0.3961943038278054
0.04960131645202637, 0.04361295700073242, 0.04269266128540039, 0.04486894607543945, 0.03435492515563965, 0.04719829559326172, 0.0449678897857666, 0.04680681228637695, 0.05215620994567871, 0.04672431945800781, 0.046430110931396484, 0.05798840522766113, 0.042269229888916016, 0.05067634582519531, 0.045423269271850586, 0.037346839904785156, 0.5751979351043701, 0.050083160400390625, 0.03349947929382324, 0.032206058502197266