{'Max_spout': 10000.0, 'Spliters': 2.0, 'Counters': 12.0}, {'Max_spout': 10000.0, 'Spliters': 2.0, 'Counters': 9.0}, {'Max_spout': 1000.0, 'Spliters': 2.0, 'Counters': 12.0}, {'Max_spout': 10000.0, 'Spliters': 2.0, 'Counters': 18.0}, {'Max_spout': 10000.0, 'Spliters': 2.0, 'Counters': 12.0}, {'Max_spout': 10000.0, 'Spliters': 2.0, 'Counters': 9.0}, {'Max_spout': 10000.0, 'Spliters': 2.0, 'Counters': 9.0}, {'Max_spout': 10000.0, 'Spliters': 2.0, 'Counters': 12.0}, {'Max_spout': 10000.0, 'Spliters': 2.0, 'Counters': 18.0}, {'Max_spout': 1000.0, 'Spliters': 2.0, 'Counters': 12.0}, {'Max_spout': 1000.0, 'Spliters': 2.0, 'Counters': 15.0}, {'Max_spout': 10000.0, 'Spliters': 2.0, 'Counters': 12.0}, {'Max_spout': 10000.0, 'Spliters': 2.0, 'Counters': 12.0}, {'Max_spout': 10000.0, 'Spliters': 2.0, 'Counters': 18.0}, {'Max_spout': 10000.0, 'Spliters': 2.0, 'Counters': 12.0}, {'Max_spout': 10000.0, 'Spliters': 2.0, 'Counters': 12.0}, {'Max_spout': 1000.0, 'Spliters': 2.0, 'Counters': 15.0}, {'Max_spout': 1000.0, 'Spliters': 2.0, 'Counters': 12.0}, {'Max_spout': 10000.0, 'Spliters': 2.0, 'Counters': 12.0}, {'Max_spout': 10000.0, 'Spliters': 2.0, 'Counters': 18.0}
0.3777081854880393, 0.391479583096187, 0.353038171607748, 0.3893870191155626, 0.3777081854880393, 0.391479583096187, 0.391479583096187, 0.3777081854880393, 0.3893870191155626, 0.353038171607748, 0.33404364197772773, 0.3777081854880393, 0.3777081854880393, 0.3893870191155626, 0.3777081854880393, 0.3777081854880393, 0.33404364197772773, 0.353038171607748, 0.3777081854880393, 0.3893870191155626
0.0931406021118164, 0.08480215072631836, 0.07597827911376953, 0.06706666946411133, 0.0526580810546875, 0.0682675838470459, 0.06874608993530273, 0.06269502639770508, 0.0758812427520752, 0.0653066635131836, 0.06342291831970215, 0.06813216209411621, 0.06823301315307617, 0.09771585464477539, 0.0694737434387207, 0.06827569007873535, 0.634343147277832, 0.07885098457336426, 0.07855415344238281, 0.08377218246459961