{'Max_spout': 1000000.0, 'Spliters': 3.0, 'Counters': 18.0}, {'Max_spout': 1000.0, 'Spliters': 2.0, 'Counters': 6.0}, {'Max_spout': 1000000.0, 'Spliters': 2.0, 'Counters': 9.0}, {'Max_spout': 100.0, 'Spliters': 1.0, 'Counters': 12.0}, {'Max_spout': 1000.0, 'Spliters': 1.0, 'Counters': 6.0}, {'Max_spout': 1000.0, 'Spliters': 6.0, 'Counters': 6.0}, {'Max_spout': 1000000.0, 'Spliters': 6.0, 'Counters': 12.0}, {'Max_spout': 100.0, 'Spliters': 2.0, 'Counters': 15.0}, {'Max_spout': 100000.0, 'Spliters': 6.0, 'Counters': 12.0}, {'Max_spout': 10000.0, 'Spliters': 6.0, 'Counters': 9.0}, {'Max_spout': 100.0, 'Spliters': 6.0, 'Counters': 18.0}, {'Max_spout': 10000.0, 'Spliters': 2.0, 'Counters': 6.0}, {'Max_spout': 100.0, 'Spliters': 2.0, 'Counters': 9.0}, {'Max_spout': 100.0, 'Spliters': 2.0, 'Counters': 12.0}, {'Max_spout': 10000.0, 'Spliters': 2.0, 'Counters': 18.0}, {'Max_spout': 100000.0, 'Spliters': 6.0, 'Counters': 18.0}, {'Max_spout': 100.0, 'Spliters': 2.0, 'Counters': 18.0}, {'Max_spout': 1000.0, 'Spliters': 6.0, 'Counters': 18.0}, {'Max_spout': 10.0, 'Spliters': 2.0, 'Counters': 15.0}, {'Max_spout': 1000000.0, 'Spliters': 6.0, 'Counters': 18.0}
0.516534077968935, 0.41431724775011136, 0.3961943038278054, 0.5130400703430125, 0.49240578970723936, 0.4579822016278874, 0.4426252477282385, 0.41821186046824166, 0.4526470286993124, 0.4512162617317901, 0.47093358474716607, 0.42781165897207585, 0.46999872704776124, 0.44564373939940793, 0.3893870191155626, 0.430935374360889, 0.41809352356324125, 0.4716991532748779, 0.5345546302910422, 0.44333117752233564
0.03726911544799805, 0.029306650161743164, 0.023000478744506836, 0.01964092254638672, 0.019953489303588867, 0.022930622100830078, 0.025731563568115234, 0.02384638786315918, 0.019161462783813477, 0.02299952507019043, 0.026982784271240234, 0.020533084869384766, 0.02753424644470215, 0.02211308479309082, 0.020574092864990234, 0.023778200149536133, 0.03266620635986328, 0.023484468460083008, 0.02665233612060547, 0.020196199417114258