{'Max_spout': 10000.0, 'Spliters': 6.0, 'Counters': 12.0}, {'Max_spout': 1000000.0, 'Spliters': 2.0, 'Counters': 9.0}, {'Max_spout': 10000.0, 'Spliters': 2.0, 'Counters': 18.0}, {'Max_spout': 10000.0, 'Spliters': 2.0, 'Counters': 18.0}, {'Max_spout': 10000.0, 'Spliters': 2.0, 'Counters': 12.0}, {'Max_spout': 1000.0, 'Spliters': 2.0, 'Counters': 6.0}, {'Max_spout': 10000.0, 'Spliters': 2.0, 'Counters': 9.0}, {'Max_spout': 100.0, 'Spliters': 2.0, 'Counters': 15.0}, {'Max_spout': 1000.0, 'Spliters': 2.0, 'Counters': 6.0}, {'Max_spout': 1000000.0, 'Spliters': 2.0, 'Counters': 9.0}, {'Max_spout': 1000.0, 'Spliters': 2.0, 'Counters': 15.0}, {'Max_spout': 10000.0, 'Spliters': 2.0, 'Counters': 12.0}, {'Max_spout': 1000000.0, 'Spliters': 6.0, 'Counters': 18.0}, {'Max_spout': 100.0, 'Spliters': 2.0, 'Counters': 12.0}, {'Max_spout': 10000.0, 'Spliters': 2.0, 'Counters': 18.0}, {'Max_spout': 100.0, 'Spliters': 2.0, 'Counters': 15.0}, {'Max_spout': 1000.0, 'Spliters': 2.0, 'Counters': 15.0}, {'Max_spout': 100.0, 'Spliters': 2.0, 'Counters': 15.0}, {'Max_spout': 100000.0, 'Spliters': 6.0, 'Counters': 15.0}, {'Max_spout': 100000.0, 'Spliters': 2.0, 'Counters': 18.0}
0.4350877441709323, 0.3961943038278054, 0.3893870191155626, 0.3893870191155626, 0.3777081854880393, 0.41431724775011136, 0.391479583096187, 0.41821186046824166, 0.41431724775011136, 0.3961943038278054, 0.33404364197772773, 0.3777081854880393, 0.44333117752233564, 0.44564373939940793, 0.3893870191155626, 0.41821186046824166, 0.33404364197772773, 0.41821186046824166, 0.43816779038423925, 0.42885023240274767
0.022245407104492188, 0.02064967155456543, 0.017746448516845703, 0.024200916290283203, 0.023093461990356445, 0.0301666259765625, 0.017502546310424805, 0.015255451202392578, 0.014495849609375, 0.015232324600219727, 0.015784025192260742, 0.01652050018310547, 0.014868497848510742, 0.017099857330322266, 0.01889801025390625, 0.03635406494140625, 0.016138553619384766, 0.012475252151489258, 0.013503313064575195, 0.013272523880004883