{'Max_spout': 100.0, 'Spliters': 6.0, 'Counters': 18.0}, {'Max_spout': 1000.0, 'Spliters': 2.0, 'Counters': 6.0}, {'Max_spout': 1000000.0, 'Spliters': 2.0, 'Counters': 9.0}, {'Max_spout': 10000.0, 'Spliters': 2.0, 'Counters': 18.0}, {'Max_spout': 100000.0, 'Spliters': 6.0, 'Counters': 15.0}, {'Max_spout': 1000000.0, 'Spliters': 6.0, 'Counters': 18.0}, {'Max_spout': 10000.0, 'Spliters': 2.0, 'Counters': 9.0}, {'Max_spout': 100.0, 'Spliters': 2.0, 'Counters': 15.0}, {'Max_spout': 100.0, 'Spliters': 2.0, 'Counters': 12.0}, {'Max_spout': 1000000.0, 'Spliters': 2.0, 'Counters': 9.0}, {'Max_spout': 1000.0, 'Spliters': 2.0, 'Counters': 18.0}, {'Max_spout': 10000.0, 'Spliters': 2.0, 'Counters': 6.0}, {'Max_spout': 1000000.0, 'Spliters': 6.0, 'Counters': 18.0}, {'Max_spout': 100.0, 'Spliters': 2.0, 'Counters': 12.0}, {'Max_spout': 10000.0, 'Spliters': 2.0, 'Counters': 18.0}, {'Max_spout': 100000.0, 'Spliters': 6.0, 'Counters': 18.0}, {'Max_spout': 1000.0, 'Spliters': 2.0, 'Counters': 12.0}, {'Max_spout': 1000000.0, 'Spliters': 6.0, 'Counters': 15.0}, {'Max_spout': 10000.0, 'Spliters': 6.0, 'Counters': 9.0}, {'Max_spout': 10000.0, 'Spliters': 6.0, 'Counters': 6.0}
0.47093358474716607, 0.41431724775011136, 0.3961943038278054, 0.3893870191155626, 0.43816779038423925, 0.44333117752233564, 0.391479583096187, 0.41821186046824166, 0.44564373939940793, 0.3961943038278054, 0.3513569799560069, 0.42781165897207585, 0.44333117752233564, 0.44564373939940793, 0.3893870191155626, 0.430935374360889, 0.353038171607748, 0.45382663094968345, 0.4512162617317901, 0.43515614436816086
0.05868649482727051, 0.051111459732055664, 0.011091470718383789, 0.009279727935791016, 0.011345386505126953, 0.006749868392944336, 0.008481502532958984, 0.0419011116027832, 0.012356042861938477, 0.007775783538818359, 0.007916927337646484, 0.00685882568359375, 0.12297296524047852, 0.019075393676757812, 0.016437768936157227, 0.05865740776062012, 0.019424915313720703, 0.014547586441040039, 0.017334699630737305, 0.014007806777954102