{'Max_spout': 10000.0, 'Spliters': 6.0, 'Counters': 12.0}, {'Max_spout': 1000000.0, 'Spliters': 2.0, 'Counters': 9.0}, {'Max_spout': 10000.0, 'Spliters': 2.0, 'Counters': 18.0}, {'Max_spout': 10000.0, 'Spliters': 2.0, 'Counters': 18.0}, {'Max_spout': 100000.0, 'Spliters': 6.0, 'Counters': 15.0}, {'Max_spout': 1000.0, 'Spliters': 2.0, 'Counters': 6.0}, {'Max_spout': 10000.0, 'Spliters': 2.0, 'Counters': 9.0}, {'Max_spout': 100.0, 'Spliters': 2.0, 'Counters': 15.0}, {'Max_spout': 1000000.0, 'Spliters': 6.0, 'Counters': 12.0}, {'Max_spout': 1000000.0, 'Spliters': 2.0, 'Counters': 9.0}, {'Max_spout': 1000.0, 'Spliters': 2.0, 'Counters': 15.0}, {'Max_spout': 10000.0, 'Spliters': 2.0, 'Counters': 12.0}, {'Max_spout': 1000000.0, 'Spliters': 6.0, 'Counters': 18.0}, {'Max_spout': 100.0, 'Spliters': 2.0, 'Counters': 12.0}, {'Max_spout': 10000.0, 'Spliters': 2.0, 'Counters': 18.0}, {'Max_spout': 100.0, 'Spliters': 2.0, 'Counters': 15.0}, {'Max_spout': 1000.0, 'Spliters': 2.0, 'Counters': 12.0}, {'Max_spout': 1000000.0, 'Spliters': 6.0, 'Counters': 15.0}, {'Max_spout': 10000.0, 'Spliters': 6.0, 'Counters': 9.0}, {'Max_spout': 100000.0, 'Spliters': 2.0, 'Counters': 18.0}
0.4350877441709323, 0.3961943038278054, 0.3893870191155626, 0.3893870191155626, 0.43816779038423925, 0.41431724775011136, 0.391479583096187, 0.41821186046824166, 0.4426252477282385, 0.3961943038278054, 0.33404364197772773, 0.3777081854880393, 0.44333117752233564, 0.44564373939940793, 0.3893870191155626, 0.41821186046824166, 0.353038171607748, 0.45382663094968345, 0.4512162617317901, 0.42885023240274767
0.0433812141418457, 0.025098562240600586, 0.01756906509399414, 0.022706270217895508, 0.021802186965942383, 0.0254213809967041, 0.024788618087768555, 0.030402421951293945, 0.019196510314941406, 0.01900029182434082, 0.026788711547851562, 0.028810739517211914, 0.017118215560913086, 0.01632833480834961, 0.022326946258544922, 0.017389297485351562, 0.016948699951171875, 0.020110368728637695, 0.016667604446411133, 0.0186614990234375