{'Width': 5.0, 'Complexity': 0.0, 'Fifo': 1.0, 'Multiplier': 1.0}, {'Width': 3.0, 'Complexity': 0.0, 'Fifo': 3.0, 'Multiplier': 1.0}, {'Width': 6.0, 'Complexity': 0.0, 'Fifo': 1.0, 'Multiplier': 5.0}, {'Width': 3.0, 'Complexity': 0.0, 'Fifo': 3.0, 'Multiplier': 1.0}, {'Width': 4.0, 'Complexity': 0.0, 'Fifo': 2.0, 'Multiplier': 2.0}, {'Width': 3.0, 'Complexity': 0.0, 'Fifo': 3.0, 'Multiplier': 1.0}, {'Width': 7.0, 'Complexity': 0.0, 'Fifo': 2.0, 'Multiplier': 1.0}, {'Width': 4.0, 'Complexity': 1.0, 'Fifo': 1.0, 'Multiplier': 2.0}, {'Width': 7.0, 'Complexity': 0.0, 'Fifo': 2.0, 'Multiplier': 5.0}, {'Width': 3.0, 'Complexity': 0.0, 'Fifo': 1.0, 'Multiplier': 2.0}, {'Width': 3.0, 'Complexity': 0.0, 'Fifo': 3.0, 'Multiplier': 2.0}, {'Width': 3.0, 'Complexity': 0.0, 'Fifo': 1.0, 'Multiplier': 1.0}, {'Width': 3.0, 'Complexity': 1.0, 'Fifo': 3.0, 'Multiplier': 1.0}, {'Width': 4.0, 'Complexity': 0.0, 'Fifo': 1.0, 'Multiplier': 2.0}, {'Width': 3.0, 'Complexity': 0.0, 'Fifo': 1.0, 'Multiplier': 1.0}, {'Width': 7.0, 'Complexity': 1.0, 'Fifo': 2.0, 'Multiplier': 2.0}, {'Width': 4.0, 'Complexity': 1.0, 'Fifo': 1.0, 'Multiplier': 1.0}, {'Width': 3.0, 'Complexity': 0.0, 'Fifo': 4.0, 'Multiplier': 1.0}, {'Width': 5.0, 'Complexity': 0.0, 'Fifo': 3.0, 'Multiplier': 1.0}, {'Width': 6.0, 'Complexity': 1.0, 'Fifo': 4.0, 'Multiplier': 1.0}
0.46135536441445457, 0.22587868316250503, 0.6779996491609773, 0.22587868316250503, 0.5408570998371044, 0.22587868316250503, 0.5335948416821916, 0.5491263607226946, 0.6790710394625169, 0.41975353518343883, 0.419850993356651, 0.22581417455021324, 0.3139305450653319, 0.5408491849332049, 0.22581417455021324, 0.6099934834895173, 0.3796361104778351, 0.22587868316250503, 0.4613695020025905, 0.4847424486775527
0.021332263946533203, 0.023831605911254883, 0.06633734703063965, 0.02768707275390625, 0.026416778564453125, 0.02300095558166504, 0.025826454162597656, 0.02409219741821289, 0.023160934448242188, 0.024278640747070312, 0.025487899780273438, 0.02296614646911621, 0.027865886688232422, 0.023824214935302734, 0.025249004364013672, 0.024595022201538086, 0.02469325065612793, 0.030721664428710938, 0.023626089096069336, 0.02481245994567871