{'Max_spout': 1000.0, 'Spliters': 6.0, 'Counters': 1.0}, {'Max_spout': 1.0, 'Spliters': 3.0, 'Counters': 1.0}, {'Max_spout': 1.0, 'Spliters': 6.0, 'Counters': 18.0}, {'Max_spout': 10.0, 'Spliters': 6.0, 'Counters': 1.0}, {'Max_spout': 1.0, 'Spliters': 2.0, 'Counters': 9.0}, {'Max_spout': 10.0, 'Spliters': 2.0, 'Counters': 1.0}, {'Max_spout': 1.0, 'Spliters': 6.0, 'Counters': 6.0}, {'Max_spout': 1.0, 'Spliters': 3.0, 'Counters': 9.0}, {'Max_spout': 10.0, 'Spliters': 2.0, 'Counters': 1.0}, {'Max_spout': 1.0, 'Spliters': 2.0, 'Counters': 18.0}, {'Max_spout': 1.0, 'Spliters': 3.0, 'Counters': 9.0}, {'Max_spout': 1.0, 'Spliters': 2.0, 'Counters': 18.0}, {'Max_spout': 1.0, 'Spliters': 2.0, 'Counters': 6.0}, {'Max_spout': 1.0, 'Spliters': 1.0, 'Counters': 18.0}, {'Max_spout': 1.0, 'Spliters': 1.0, 'Counters': 1.0}, {'Max_spout': 1000000.0, 'Spliters': 6.0, 'Counters': 3.0}, {'Max_spout': 1.0, 'Spliters': 3.0, 'Counters': 3.0}, {'Max_spout': 10.0, 'Spliters': 3.0, 'Counters': 12.0}, {'Max_spout': 1.0, 'Spliters': 1.0, 'Counters': 1.0}, {'Max_spout': 1.0, 'Spliters': 1.0, 'Counters': 9.0}
0.07417650979321366, 0.016283364602325934, 0.010017821857759901, 0.06447724997284143, 0.007009832850352171, 0.06193168972938379, 0.013611553966170753, 0.014429245463060014, 0.06193168972938379, 0.0048591720910294844, 0.014429245463060014, 0.0048591720910294844, 0.007622000452152555, 0.0015707897696076722, 0.004807791117257265, 0.2622426180220967, 0.019323650221819033, 0.19101390809558616, 0.004807791117257265, 0.0018937558904615903
0.018805503845214844, 0.017403125762939453, 0.01490640640258789, 0.017228126525878906, 0.02382946014404297, 0.019184112548828125, 0.013341188430786133, 0.012234687805175781, 0.012963294982910156, 0.013928651809692383, 0.013291597366333008, 0.009634733200073242, 0.010516643524169922, 0.017667770385742188, 0.02155280113220215, 0.014288902282714844, 0.01072549819946289, 0.015889406204223633, 0.013887405395507812, 0.014359235763549805