{'Max_spout': 1.0, 'Spliters': 1.0, 'Counters': 1.0}, {'Max_spout': 1.0, 'Spliters': 2.0, 'Counters': 1.0}, {'Max_spout': 1.0, 'Spliters': 6.0, 'Counters': 18.0}, {'Max_spout': 10.0, 'Spliters': 6.0, 'Counters': 1.0}, {'Max_spout': 1.0, 'Spliters': 2.0, 'Counters': 9.0}, {'Max_spout': 1.0, 'Spliters': 2.0, 'Counters': 18.0}, {'Max_spout': 1.0, 'Spliters': 3.0, 'Counters': 12.0}, {'Max_spout': 1.0, 'Spliters': 1.0, 'Counters': 12.0}, {'Max_spout': 1.0, 'Spliters': 2.0, 'Counters': 15.0}, {'Max_spout': 1.0, 'Spliters': 1.0, 'Counters': 9.0}, {'Max_spout': 1.0, 'Spliters': 3.0, 'Counters': 9.0}, {'Max_spout': 1.0, 'Spliters': 2.0, 'Counters': 18.0}, {'Max_spout': 1.0, 'Spliters': 2.0, 'Counters': 18.0}, {'Max_spout': 1.0, 'Spliters': 1.0, 'Counters': 18.0}, {'Max_spout': 1.0, 'Spliters': 1.0, 'Counters': 1.0}, {'Max_spout': 1.0, 'Spliters': 1.0, 'Counters': 6.0}, {'Max_spout': 1.0, 'Spliters': 1.0, 'Counters': 9.0}, {'Max_spout': 1.0, 'Spliters': 3.0, 'Counters': 18.0}, {'Max_spout': 1.0, 'Spliters': 1.0, 'Counters': 1.0}, {'Max_spout': 1.0, 'Spliters': 1.0, 'Counters': 9.0}
0.004807791117257265, 0.003421972853229538, 0.010017821857759901, 0.06447724997284143, 0.007009832850352171, 0.0048591720910294844, 0.012569254212505876, 0.0, 0.005399406329548717, 0.0018937558904615903, 0.014429245463060014, 0.0048591720910294844, 0.0048591720910294844, 0.0015707897696076722, 0.004807791117257265, 0.003361783712524935, 0.0018937558904615903, 0.012992046225260068, 0.004807791117257265, 0.0018937558904615903
0.035735368728637695, 0.04058122634887695, 0.027811050415039062, 0.0261232852935791, 0.033247947692871094, 0.02779102325439453, 0.02544093132019043, 0.03763771057128906, 0.031087875366210938, 0.026635169982910156, 0.030803442001342773, 0.036238670349121094, 0.03450751304626465, 0.029987573623657227, 0.03213691711425781, 0.02858591079711914, 0.03724265098571777, 0.028474807739257812, 0.027573108673095703, 0.02390265464782715