{'Max_spout': 1.0, 'Spliters': 1.0, 'Counters': 18.0}, {'Max_spout': 1.0, 'Spliters': 1.0, 'Counters': 12.0}, {'Max_spout': 1.0, 'Spliters': 1.0, 'Counters': 18.0}, {'Max_spout': 1.0, 'Spliters': 1.0, 'Counters': 9.0}, {'Max_spout': 1.0, 'Spliters': 1.0, 'Counters': 12.0}, {'Max_spout': 1.0, 'Spliters': 1.0, 'Counters': 12.0}, {'Max_spout': 1.0, 'Spliters': 1.0, 'Counters': 9.0}, {'Max_spout': 1.0, 'Spliters': 1.0, 'Counters': 12.0}, {'Max_spout': 1.0, 'Spliters': 1.0, 'Counters': 12.0}, {'Max_spout': 1.0, 'Spliters': 1.0, 'Counters': 12.0}, {'Max_spout': 1.0, 'Spliters': 1.0, 'Counters': 12.0}, {'Max_spout': 1.0, 'Spliters': 1.0, 'Counters': 12.0}, {'Max_spout': 1.0, 'Spliters': 1.0, 'Counters': 18.0}, {'Max_spout': 1.0, 'Spliters': 1.0, 'Counters': 12.0}, {'Max_spout': 1.0, 'Spliters': 1.0, 'Counters': 12.0}, {'Max_spout': 1.0, 'Spliters': 1.0, 'Counters': 15.0}, {'Max_spout': 1.0, 'Spliters': 1.0, 'Counters': 12.0}, {'Max_spout': 1.0, 'Spliters': 1.0, 'Counters': 12.0}, {'Max_spout': 1.0, 'Spliters': 1.0, 'Counters': 18.0}, {'Max_spout': 1.0, 'Spliters': 1.0, 'Counters': 12.0}
0.0015707897696076722, 0.0, 0.0015707897696076722, 0.0018937558904615903, 0.0, 0.0, 0.0018937558904615903, 0.0, 0.0, 0.0, 0.0, 0.0, 0.0015707897696076722, 0.0, 0.0, 0.002165341037543289, 0.0, 0.0, 0.0015707897696076722, 0.0
0.0729215145111084, 0.05622076988220215, 0.06198549270629883, 0.06932806968688965, 0.06979608535766602, 0.06642866134643555, 0.060796499252319336, 0.06005525588989258, 0.061650753021240234, 0.06792783737182617, 0.06256914138793945, 0.06820559501647949, 0.06809401512145996, 0.06338834762573242, 0.06627297401428223, 0.05862593650817871, 0.06888794898986816, 0.05972886085510254, 0.06084895133972168, 0.06345438957214355