{'Max_spout': 1000.0, 'Spliters': 6.0, 'Counters': 1.0}, {'Max_spout': 1.0, 'Spliters': 3.0, 'Counters': 1.0}, {'Max_spout': 1.0, 'Spliters': 6.0, 'Counters': 18.0}, {'Max_spout': 10.0, 'Spliters': 6.0, 'Counters': 1.0}, {'Max_spout': 1000.0, 'Spliters': 2.0, 'Counters': 1.0}, {'Max_spout': 10.0, 'Spliters': 2.0, 'Counters': 1.0}, {'Max_spout': 1000.0, 'Spliters': 3.0, 'Counters': 9.0}, {'Max_spout': 1.0, 'Spliters': 3.0, 'Counters': 9.0}, {'Max_spout': 10.0, 'Spliters': 2.0, 'Counters': 1.0}, {'Max_spout': 10000.0, 'Spliters': 6.0, 'Counters': 1.0}, {'Max_spout': 10.0, 'Spliters': 3.0, 'Counters': 15.0}, {'Max_spout': 10.0, 'Spliters': 6.0, 'Counters': 6.0}, {'Max_spout': 1.0, 'Spliters': 2.0, 'Counters': 6.0}, {'Max_spout': 1.0, 'Spliters': 6.0, 'Counters': 18.0}, {'Max_spout': 10000.0, 'Spliters': 2.0, 'Counters': 1.0}, {'Max_spout': 1000.0, 'Spliters': 6.0, 'Counters': 3.0}, {'Max_spout': 1.0, 'Spliters': 3.0, 'Counters': 3.0}, {'Max_spout': 10.0, 'Spliters': 3.0, 'Counters': 12.0}, {'Max_spout': 1.0, 'Spliters': 1.0, 'Counters': 1.0}, {'Max_spout': 1.0, 'Spliters': 6.0, 'Counters': 15.0}
0.07417650979321366, 0.016283364602325934, 0.010017821857759901, 0.06447724997284143, 0.0698663801076358, 0.06193168972938379, 0.26128839993775554, 0.014429245463060014, 0.06193168972938379, 0.11066874539406268, 0.1854060418153045, 0.22549788163585271, 0.007622000452152555, 0.010017821857759901, 0.06821925289128083, 0.2731794252964681, 0.019323650221819033, 0.19101390809558616, 0.004807791117257265, 0.010632925515204339
0.01592540740966797, 0.0105438232421875, 0.010539054870605469, 0.01034855842590332, 0.009797334671020508, 0.008115530014038086, 0.008307695388793945, 0.010856389999389648, 0.013544321060180664, 0.009358644485473633, 0.00957798957824707, 0.010274410247802734, 0.009389638900756836, 0.009362459182739258, 0.008704423904418945, 0.008622884750366211, 0.00803232192993164, 0.008004426956176758, 0.009292840957641602, 0.013609886169433594