{'Max_spout': 1.0, 'Spliters': 1.0, 'Counters': 6.0}, {'Max_spout': 1.0, 'Spliters': 2.0, 'Counters': 1.0}, {'Max_spout': 1.0, 'Spliters': 6.0, 'Counters': 18.0}, {'Max_spout': 1.0, 'Spliters': 2.0, 'Counters': 6.0}, {'Max_spout': 1.0, 'Spliters': 2.0, 'Counters': 9.0}, {'Max_spout': 1.0, 'Spliters': 2.0, 'Counters': 18.0}, {'Max_spout': 1.0, 'Spliters': 2.0, 'Counters': 3.0}, {'Max_spout': 1.0, 'Spliters': 1.0, 'Counters': 12.0}, {'Max_spout': 1.0, 'Spliters': 2.0, 'Counters': 15.0}, {'Max_spout': 1.0, 'Spliters': 1.0, 'Counters': 9.0}, {'Max_spout': 1.0, 'Spliters': 1.0, 'Counters': 18.0}, {'Max_spout': 1.0, 'Spliters': 2.0, 'Counters': 18.0}, {'Max_spout': 1.0, 'Spliters': 2.0, 'Counters': 18.0}, {'Max_spout': 1.0, 'Spliters': 1.0, 'Counters': 18.0}, {'Max_spout': 1.0, 'Spliters': 1.0, 'Counters': 3.0}, {'Max_spout': 1.0, 'Spliters': 1.0, 'Counters': 6.0}, {'Max_spout': 1.0, 'Spliters': 1.0, 'Counters': 9.0}, {'Max_spout': 1.0, 'Spliters': 1.0, 'Counters': 12.0}, {'Max_spout': 1.0, 'Spliters': 1.0, 'Counters': 3.0}, {'Max_spout': 1.0, 'Spliters': 1.0, 'Counters': 9.0}
0.003361783712524935, 0.003421972853229538, 0.010017821857759901, 0.007622000452152555, 0.007009832850352171, 0.0048591720910294844, 0.006926155264494582, 0.0, 0.005399406329548717, 0.0018937558904615903, 0.0015707897696076722, 0.0048591720910294844, 0.0048591720910294844, 0.0015707897696076722, 0.003421972853229538, 0.003361783712524935, 0.0018937558904615903, 0.0, 0.003421972853229538, 0.0018937558904615903
0.05365490913391113, 0.027068138122558594, 0.027792692184448242, 0.02802133560180664, 0.02750682830810547, 0.027339458465576172, 0.02754068374633789, 0.026423931121826172, 0.028081417083740234, 0.026788949966430664, 0.02777719497680664, 0.03150677680969238, 0.027339458465576172, 0.025784015655517578, 0.0274658203125, 0.027107715606689453, 0.02765631675720215, 0.025799036026000977, 0.02847766876220703, 0.02808094024658203