{'Max_spout': 1000.0, 'Spliters': 6.0, 'Counters': 1.0}, {'Max_spout': 1.0, 'Spliters': 2.0, 'Counters': 1.0}, {'Max_spout': 1.0, 'Spliters': 6.0, 'Counters': 18.0}, {'Max_spout': 10.0, 'Spliters': 6.0, 'Counters': 1.0}, {'Max_spout': 1.0, 'Spliters': 2.0, 'Counters': 9.0}, {'Max_spout': 10.0, 'Spliters': 2.0, 'Counters': 1.0}, {'Max_spout': 1.0, 'Spliters': 6.0, 'Counters': 6.0}, {'Max_spout': 1.0, 'Spliters': 3.0, 'Counters': 9.0}, {'Max_spout': 1.0, 'Spliters': 2.0, 'Counters': 15.0}, {'Max_spout': 1.0, 'Spliters': 2.0, 'Counters': 18.0}, {'Max_spout': 1.0, 'Spliters': 3.0, 'Counters': 9.0}, {'Max_spout': 1.0, 'Spliters': 2.0, 'Counters': 18.0}, {'Max_spout': 1.0, 'Spliters': 2.0, 'Counters': 18.0}, {'Max_spout': 1.0, 'Spliters': 1.0, 'Counters': 18.0}, {'Max_spout': 1.0, 'Spliters': 1.0, 'Counters': 1.0}, {'Max_spout': 1000.0, 'Spliters': 2.0, 'Counters': 1.0}, {'Max_spout': 1.0, 'Spliters': 3.0, 'Counters': 3.0}, {'Max_spout': 1.0, 'Spliters': 3.0, 'Counters': 18.0}, {'Max_spout': 1.0, 'Spliters': 1.0, 'Counters': 1.0}, {'Max_spout': 1.0, 'Spliters': 1.0, 'Counters': 9.0}
0.07417650979321366, 0.003421972853229538, 0.010017821857759901, 0.06447724997284143, 0.007009832850352171, 0.06193168972938379, 0.013611553966170753, 0.014429245463060014, 0.005399406329548717, 0.0048591720910294844, 0.014429245463060014, 0.0048591720910294844, 0.0048591720910294844, 0.0015707897696076722, 0.004807791117257265, 0.0698663801076358, 0.019323650221819033, 0.012992046225260068, 0.004807791117257265, 0.0018937558904615903
0.022200584411621094, 0.027298688888549805, 0.026158571243286133, 0.021632671356201172, 0.02455592155456543, 0.023448705673217773, 0.022168397903442383, 0.020203351974487305, 0.022028446197509766, 0.024158477783203125, 0.02087879180908203, 0.019495248794555664, 0.018967628479003906, 0.0190427303314209, 0.021470069885253906, 0.02443671226501465, 0.02076554298400879, 0.018950939178466797, 0.018651962280273438, 0.02006697654724121