{'Max_spout': 1000.0, 'Spliters': 6.0, 'Counters': 1.0}, {'Max_spout': 1.0, 'Spliters': 3.0, 'Counters': 1.0}, {'Max_spout': 1.0, 'Spliters': 6.0, 'Counters': 18.0}, {'Max_spout': 10.0, 'Spliters': 6.0, 'Counters': 1.0}, {'Max_spout': 1.0, 'Spliters': 2.0, 'Counters': 9.0}, {'Max_spout': 10.0, 'Spliters': 2.0, 'Counters': 1.0}, {'Max_spout': 1.0, 'Spliters': 6.0, 'Counters': 6.0}, {'Max_spout': 1.0, 'Spliters': 3.0, 'Counters': 9.0}, {'Max_spout': 10.0, 'Spliters': 2.0, 'Counters': 1.0}, {'Max_spout': 1.0, 'Spliters': 2.0, 'Counters': 18.0}, {'Max_spout': 1.0, 'Spliters': 3.0, 'Counters': 9.0}, {'Max_spout': 1.0, 'Spliters': 2.0, 'Counters': 18.0}, {'Max_spout': 1.0, 'Spliters': 2.0, 'Counters': 6.0}, {'Max_spout': 1.0, 'Spliters': 1.0, 'Counters': 18.0}, {'Max_spout': 1.0, 'Spliters': 1.0, 'Counters': 1.0}, {'Max_spout': 100.0, 'Spliters': 3.0, 'Counters': 15.0}, {'Max_spout': 1.0, 'Spliters': 3.0, 'Counters': 3.0}, {'Max_spout': 10.0, 'Spliters': 3.0, 'Counters': 12.0}, {'Max_spout': 1.0, 'Spliters': 1.0, 'Counters': 1.0}, {'Max_spout': 1.0, 'Spliters': 1.0, 'Counters': 9.0}
0.08616802815699232, 0.014838319885792095, 0.012033331827074778, 0.060514772211873624, 0.003837611944295216, 0.048416169182955215, 0.012276006808288442, 0.0110944306928622, 0.048416169182955215, 0.00412714830119143, 0.0110944306928622, 0.00412714830119143, 0.002341395163571347, 0.001956462434749673, 0.0023531105074919845, 0.2693139996686231, 0.012711148153912832, 0.18501373205669558, 0.0023531105074919845, 0.0012736252462314246
0.01490640640258789, 0.009346961975097656, 0.009566783905029297, 0.009421825408935547, 0.011173248291015625, 0.00945901870727539, 0.011273622512817383, 0.010428190231323242, 0.01097869873046875, 0.011065244674682617, 0.010440826416015625, 0.01046442985534668, 0.011049032211303711, 0.0192258358001709, 0.0120697021484375, 0.010912179946899414, 0.011700630187988281, 0.011464357376098633, 0.013604402542114258, 0.012905120849609375