{'Max_spout': 1000.0, 'Spliters': 6.0, 'Counters': 1.0}, {'Max_spout': 1.0, 'Spliters': 2.0, 'Counters': 1.0}, {'Max_spout': 1.0, 'Spliters': 6.0, 'Counters': 18.0}, {'Max_spout': 10.0, 'Spliters': 6.0, 'Counters': 1.0}, {'Max_spout': 1.0, 'Spliters': 2.0, 'Counters': 9.0}, {'Max_spout': 10.0, 'Spliters': 2.0, 'Counters': 1.0}, {'Max_spout': 1.0, 'Spliters': 6.0, 'Counters': 6.0}, {'Max_spout': 1.0, 'Spliters': 3.0, 'Counters': 9.0}, {'Max_spout': 1.0, 'Spliters': 2.0, 'Counters': 15.0}, {'Max_spout': 1.0, 'Spliters': 2.0, 'Counters': 18.0}, {'Max_spout': 1.0, 'Spliters': 3.0, 'Counters': 9.0}, {'Max_spout': 1.0, 'Spliters': 2.0, 'Counters': 18.0}, {'Max_spout': 1.0, 'Spliters': 2.0, 'Counters': 6.0}, {'Max_spout': 1.0, 'Spliters': 1.0, 'Counters': 18.0}, {'Max_spout': 1.0, 'Spliters': 1.0, 'Counters': 1.0}, {'Max_spout': 1000.0, 'Spliters': 2.0, 'Counters': 1.0}, {'Max_spout': 1.0, 'Spliters': 3.0, 'Counters': 3.0}, {'Max_spout': 1.0, 'Spliters': 3.0, 'Counters': 18.0}, {'Max_spout': 1.0, 'Spliters': 1.0, 'Counters': 1.0}, {'Max_spout': 1.0, 'Spliters': 1.0, 'Counters': 9.0}
0.08616802815699232, 0.0019045801973868182, 0.012033331827074778, 0.060514772211873624, 0.003837611944295216, 0.048416169182955215, 0.012276006808288442, 0.0110944306928622, 0.003507908693956674, 0.00412714830119143, 0.0110944306928622, 0.00412714830119143, 0.002341395163571347, 0.001956462434749673, 0.0023531105074919845, 0.06312562028562008, 0.012711148153912832, 0.010219127139933115, 0.0023531105074919845, 0.0012736252462314246
0.018114328384399414, 0.015967607498168945, 0.01652359962463379, 0.01708388328552246, 0.016593456268310547, 0.016299962997436523, 0.015498638153076172, 0.017377138137817383, 0.015611648559570312, 0.016648054122924805, 0.017688989639282227, 0.01648998260498047, 0.013998746871948242, 0.01360177993774414, 0.013010501861572266, 0.017135143280029297, 0.015522241592407227, 0.015508651733398438, 0.014008522033691406, 0.013788461685180664