{'Max_spout': 1000.0, 'Spliters': 6.0, 'Counters': 1.0}, {'Max_spout': 1.0, 'Spliters': 3.0, 'Counters': 1.0}, {'Max_spout': 1.0, 'Spliters': 6.0, 'Counters': 18.0}, {'Max_spout': 10.0, 'Spliters': 6.0, 'Counters': 1.0}, {'Max_spout': 1000.0, 'Spliters': 2.0, 'Counters': 1.0}, {'Max_spout': 10.0, 'Spliters': 2.0, 'Counters': 1.0}, {'Max_spout': 100000.0, 'Spliters': 1.0, 'Counters': 12.0}, {'Max_spout': 1.0, 'Spliters': 3.0, 'Counters': 9.0}, {'Max_spout': 10.0, 'Spliters': 2.0, 'Counters': 1.0}, {'Max_spout': 10000.0, 'Spliters': 6.0, 'Counters': 1.0}, {'Max_spout': 10.0, 'Spliters': 3.0, 'Counters': 15.0}, {'Max_spout': 10.0, 'Spliters': 6.0, 'Counters': 6.0}, {'Max_spout': 1.0, 'Spliters': 2.0, 'Counters': 6.0}, {'Max_spout': 1.0, 'Spliters': 6.0, 'Counters': 9.0}, {'Max_spout': 10000.0, 'Spliters': 2.0, 'Counters': 1.0}, {'Max_spout': 1000.0, 'Spliters': 1.0, 'Counters': 15.0}, {'Max_spout': 1.0, 'Spliters': 3.0, 'Counters': 3.0}, {'Max_spout': 10.0, 'Spliters': 3.0, 'Counters': 12.0}, {'Max_spout': 1.0, 'Spliters': 1.0, 'Counters': 1.0}, {'Max_spout': 1.0, 'Spliters': 6.0, 'Counters': 15.0}
0.08616802815699232, 0.014838319885792095, 0.012033331827074778, 0.060514772211873624, 0.06312562028562008, 0.048416169182955215, 0.23147343880490112, 0.0110944306928622, 0.048416169182955215, 0.0681966905827045, 0.1973817879957892, 0.22769105633908893, 0.002341395163571347, 0.009792353897109196, 0.04904545051355047, 0.2809121901500735, 0.012711148153912832, 0.18501373205669558, 0.0023531105074919845, 0.011025812249898292
0.021385669708251953, 0.017657995223999023, 0.017010211944580078, 0.017144203186035156, 0.019329071044921875, 0.017502546310424805, 0.016717195510864258, 0.01619577407836914, 0.017560482025146484, 0.016916990280151367, 0.022649765014648438, 0.02077627182006836, 0.017135143280029297, 0.0180208683013916, 0.022928237915039062, 0.01779317855834961, 0.017413616180419922, 0.02070450782775879, 0.017223358154296875, 0.01666402816772461