{'Max_spout': 1.0, 'Spliters': 1.0, 'Counters': 1.0}, {'Max_spout': 1.0, 'Spliters': 2.0, 'Counters': 1.0}, {'Max_spout': 1.0, 'Spliters': 3.0, 'Counters': 18.0}, {'Max_spout': 1.0, 'Spliters': 2.0, 'Counters': 6.0}, {'Max_spout': 1.0, 'Spliters': 2.0, 'Counters': 9.0}, {'Max_spout': 1.0, 'Spliters': 2.0, 'Counters': 18.0}, {'Max_spout': 1.0, 'Spliters': 2.0, 'Counters': 3.0}, {'Max_spout': 1.0, 'Spliters': 1.0, 'Counters': 12.0}, {'Max_spout': 1.0, 'Spliters': 2.0, 'Counters': 15.0}, {'Max_spout': 1.0, 'Spliters': 1.0, 'Counters': 15.0}, {'Max_spout': 1.0, 'Spliters': 1.0, 'Counters': 15.0}, {'Max_spout': 1.0, 'Spliters': 2.0, 'Counters': 18.0}, {'Max_spout': 1.0, 'Spliters': 2.0, 'Counters': 6.0}, {'Max_spout': 1.0, 'Spliters': 1.0, 'Counters': 18.0}, {'Max_spout': 1.0, 'Spliters': 1.0, 'Counters': 3.0}, {'Max_spout': 1.0, 'Spliters': 1.0, 'Counters': 6.0}, {'Max_spout': 1.0, 'Spliters': 1.0, 'Counters': 9.0}, {'Max_spout': 1.0, 'Spliters': 1.0, 'Counters': 12.0}, {'Max_spout': 1.0, 'Spliters': 1.0, 'Counters': 3.0}, {'Max_spout': 1.0, 'Spliters': 1.0, 'Counters': 9.0}
0.0023531105074919845, 0.0019045801973868182, 0.010219127139933115, 0.002341395163571347, 0.003837611944295216, 0.00412714830119143, 0.0038543481498961585, 0.0008150532127657595, 0.003507908693956674, 0.0, 0.0, 0.00412714830119143, 0.002341395163571347, 0.001956462434749673, 0.0019296845057882317, 0.0032401294043417073, 0.0012736252462314246, 0.0008150532127657595, 0.0019296845057882317, 0.0012736252462314246
0.037824153900146484, 0.035888671875, 0.0338587760925293, 0.032927513122558594, 0.030962705612182617, 0.037584543228149414, 0.03234720230102539, 0.03694939613342285, 0.03109002113342285, 0.03749513626098633, 0.031522512435913086, 0.033948421478271484, 0.03391766548156738, 0.036981821060180664, 0.035790205001831055, 0.034806251525878906, 0.035529136657714844, 0.03596687316894531, 0.03563380241394043, 0.03494858741760254