{'Max_spout': 1.0, 'Spliters': 1.0, 'Counters': 1.0}, {'Max_spout': 1.0, 'Spliters': 2.0, 'Counters': 1.0}, {'Max_spout': 1.0, 'Spliters': 2.0, 'Counters': 15.0}, {'Max_spout': 1.0, 'Spliters': 1.0, 'Counters': 9.0}, {'Max_spout': 1.0, 'Spliters': 2.0, 'Counters': 9.0}, {'Max_spout': 1.0, 'Spliters': 1.0, 'Counters': 18.0}, {'Max_spout': 1.0, 'Spliters': 1.0, 'Counters': 9.0}, {'Max_spout': 1.0, 'Spliters': 1.0, 'Counters': 12.0}, {'Max_spout': 1.0, 'Spliters': 2.0, 'Counters': 15.0}, {'Max_spout': 1.0, 'Spliters': 1.0, 'Counters': 15.0}, {'Max_spout': 1.0, 'Spliters': 1.0, 'Counters': 15.0}, {'Max_spout': 1.0, 'Spliters': 2.0, 'Counters': 1.0}, {'Max_spout': 1.0, 'Spliters': 1.0, 'Counters': 9.0}, {'Max_spout': 1.0, 'Spliters': 1.0, 'Counters': 18.0}, {'Max_spout': 1.0, 'Spliters': 1.0, 'Counters': 3.0}, {'Max_spout': 1.0, 'Spliters': 1.0, 'Counters': 6.0}, {'Max_spout': 1.0, 'Spliters': 1.0, 'Counters': 9.0}, {'Max_spout': 1.0, 'Spliters': 1.0, 'Counters': 12.0}, {'Max_spout': 1.0, 'Spliters': 1.0, 'Counters': 3.0}, {'Max_spout': 1.0, 'Spliters': 1.0, 'Counters': 9.0}
0.0023531105074919845, 0.0019045801973868182, 0.003507908693956674, 0.0012736252462314246, 0.003837611944295216, 0.001956462434749673, 0.0012736252462314246, 0.0008150532127657595, 0.003507908693956674, 0.0, 0.0, 0.0019045801973868182, 0.0012736252462314246, 0.001956462434749673, 0.0019296845057882317, 0.0032401294043417073, 0.0012736252462314246, 0.0008150532127657595, 0.0019296845057882317, 0.0012736252462314246
0.04643869400024414, 0.044959068298339844, 0.039731740951538086, 0.039276838302612305, 0.03902387619018555, 0.06139636039733887, 0.03806638717651367, 0.03918790817260742, 0.03939175605773926, 0.040292978286743164, 0.03904557228088379, 0.03911542892456055, 0.03850126266479492, 0.03724336624145508, 0.04004716873168945, 0.03916621208190918, 0.04035520553588867, 0.03884124755859375, 0.06233334541320801, 0.05045652389526367