{'Max_spout': 1.0, 'Spliters': 1.0, 'Counters': 1.0}, {'Max_spout': 1.0, 'Spliters': 2.0, 'Counters': 1.0}, {'Max_spout': 1.0, 'Spliters': 6.0, 'Counters': 18.0}, {'Max_spout': 10.0, 'Spliters': 6.0, 'Counters': 1.0}, {'Max_spout': 1.0, 'Spliters': 2.0, 'Counters': 9.0}, {'Max_spout': 1.0, 'Spliters': 2.0, 'Counters': 18.0}, {'Max_spout': 1.0, 'Spliters': 3.0, 'Counters': 12.0}, {'Max_spout': 1.0, 'Spliters': 1.0, 'Counters': 12.0}, {'Max_spout': 1.0, 'Spliters': 2.0, 'Counters': 15.0}, {'Max_spout': 1.0, 'Spliters': 1.0, 'Counters': 9.0}, {'Max_spout': 1.0, 'Spliters': 3.0, 'Counters': 9.0}, {'Max_spout': 1.0, 'Spliters': 2.0, 'Counters': 18.0}, {'Max_spout': 1.0, 'Spliters': 2.0, 'Counters': 6.0}, {'Max_spout': 1.0, 'Spliters': 1.0, 'Counters': 18.0}, {'Max_spout': 1.0, 'Spliters': 1.0, 'Counters': 1.0}, {'Max_spout': 1.0, 'Spliters': 1.0, 'Counters': 6.0}, {'Max_spout': 1.0, 'Spliters': 1.0, 'Counters': 9.0}, {'Max_spout': 1.0, 'Spliters': 3.0, 'Counters': 18.0}, {'Max_spout': 1.0, 'Spliters': 1.0, 'Counters': 1.0}, {'Max_spout': 1.0, 'Spliters': 1.0, 'Counters': 9.0}
0.0023531105074919845, 0.0019045801973868182, 0.012033331827074778, 0.060514772211873624, 0.003837611944295216, 0.00412714830119143, 0.01014716145584904, 0.0008150532127657595, 0.003507908693956674, 0.0012736252462314246, 0.0110944306928622, 0.00412714830119143, 0.002341395163571347, 0.001956462434749673, 0.0023531105074919845, 0.0032401294043417073, 0.0012736252462314246, 0.010219127139933115, 0.0023531105074919845, 0.0012736252462314246
0.025008440017700195, 0.0221250057220459, 0.02625870704650879, 0.022164583206176758, 0.021458148956298828, 0.019040822982788086, 0.018186330795288086, 0.022395610809326172, 0.024033784866333008, 0.020302772521972656, 0.021894454956054688, 0.025333166122436523, 0.028271198272705078, 0.025687217712402344, 0.02715325355529785, 0.02224874496459961, 0.025316476821899414, 0.02245163917541504, 0.027257680892944336, 0.026427745819091797