{'Max_spout': 1.0, 'Spliters': 1.0, 'Counters': 6.0}, {'Max_spout': 1.0, 'Spliters': 2.0, 'Counters': 15.0}, {'Max_spout': 1.0, 'Spliters': 6.0, 'Counters': 18.0}, {'Max_spout': 1.0, 'Spliters': 2.0, 'Counters': 6.0}, {'Max_spout': 1.0, 'Spliters': 2.0, 'Counters': 9.0}, {'Max_spout': 1.0, 'Spliters': 2.0, 'Counters': 18.0}, {'Max_spout': 1.0, 'Spliters': 2.0, 'Counters': 3.0}, {'Max_spout': 1.0, 'Spliters': 1.0, 'Counters': 18.0}, {'Max_spout': 1.0, 'Spliters': 2.0, 'Counters': 15.0}, {'Max_spout': 1.0, 'Spliters': 1.0, 'Counters': 9.0}, {'Max_spout': 1.0, 'Spliters': 1.0, 'Counters': 18.0}, {'Max_spout': 1.0, 'Spliters': 2.0, 'Counters': 18.0}, {'Max_spout': 1.0, 'Spliters': 2.0, 'Counters': 18.0}, {'Max_spout': 1.0, 'Spliters': 1.0, 'Counters': 18.0}, {'Max_spout': 1.0, 'Spliters': 1.0, 'Counters': 3.0}, {'Max_spout': 1.0, 'Spliters': 1.0, 'Counters': 6.0}, {'Max_spout': 1.0, 'Spliters': 1.0, 'Counters': 9.0}, {'Max_spout': 1.0, 'Spliters': 1.0, 'Counters': 18.0}, {'Max_spout': 1.0, 'Spliters': 1.0, 'Counters': 3.0}, {'Max_spout': 1.0, 'Spliters': 1.0, 'Counters': 9.0}
0.0020255808389428864, 0.005286232516634626, 0.011702457855632509, 0.007426590881168038, 0.006553635052732987, 0.004397110839524876, 0.0061333229871901596, 0.0, 0.005286232516634626, 0.003115159039619231, 0.0, 0.004397110839524876, 0.004397110839524876, 0.0, 0.003166889755378377, 0.0020255808389428864, 0.003115159039619231, 0.0, 0.003166889755378377, 0.003115159039619231
0.04181075096130371, 0.0431978702545166, 0.03688359260559082, 0.03950142860412598, 0.04386305809020996, 0.04330563545227051, 0.043175697326660156, 0.046826839447021484, 0.038442134857177734, 0.1389005184173584, 0.18433475494384766, 0.04084444046020508, 0.034792184829711914, 0.03825068473815918, 0.039314985275268555, 0.03125262260437012, 0.028527021408081055, 0.03543567657470703, 0.029286623001098633, 0.03046560287475586