{'Max_spout': 1.0, 'Spliters': 1.0, 'Counters': 6.0}, {'Max_spout': 1.0, 'Spliters': 2.0, 'Counters': 15.0}, {'Max_spout': 1.0, 'Spliters': 2.0, 'Counters': 15.0}, {'Max_spout': 1.0, 'Spliters': 1.0, 'Counters': 9.0}, {'Max_spout': 1.0, 'Spliters': 2.0, 'Counters': 9.0}, {'Max_spout': 1.0, 'Spliters': 1.0, 'Counters': 18.0}, {'Max_spout': 1.0, 'Spliters': 1.0, 'Counters': 9.0}, {'Max_spout': 1.0, 'Spliters': 1.0, 'Counters': 18.0}, {'Max_spout': 1.0, 'Spliters': 2.0, 'Counters': 18.0}, {'Max_spout': 1.0, 'Spliters': 1.0, 'Counters': 18.0}, {'Max_spout': 1.0, 'Spliters': 1.0, 'Counters': 18.0}, {'Max_spout': 1.0, 'Spliters': 2.0, 'Counters': 18.0}, {'Max_spout': 1.0, 'Spliters': 1.0, 'Counters': 9.0}, {'Max_spout': 1.0, 'Spliters': 1.0, 'Counters': 18.0}, {'Max_spout': 1.0, 'Spliters': 1.0, 'Counters': 3.0}, {'Max_spout': 1.0, 'Spliters': 1.0, 'Counters': 6.0}, {'Max_spout': 1.0, 'Spliters': 1.0, 'Counters': 9.0}, {'Max_spout': 1.0, 'Spliters': 1.0, 'Counters': 18.0}, {'Max_spout': 1.0, 'Spliters': 1.0, 'Counters': 3.0}, {'Max_spout': 1.0, 'Spliters': 1.0, 'Counters': 18.0}
0.0020255808389428864, 0.005286232516634626, 0.005286232516634626, 0.003115159039619231, 0.006553635052732987, 0.0, 0.003115159039619231, 0.0, 0.004397110839524876, 0.0, 0.0, 0.004397110839524876, 0.003115159039619231, 0.0, 0.003166889755378377, 0.0020255808389428864, 0.003115159039619231, 0.0, 0.003166889755378377, 0.0
0.06647491455078125, 0.060308218002319336, 0.058922767639160156, 0.058908939361572266, 0.09141850471496582, 0.05423855781555176, 0.05133485794067383, 0.1103062629699707, 0.056868553161621094, 0.053626298904418945, 0.05362296104431152, 0.052985429763793945, 0.0523223876953125, 0.0529475212097168, 0.05194687843322754, 0.05138373374938965, 0.05928516387939453, 0.05983757972717285, 0.055765628814697266, 0.05650520324707031