{'Max_spout': 1000.0, 'Spliters': 6.0, 'Counters': 1.0}, {'Max_spout': 1.0, 'Spliters': 2.0, 'Counters': 1.0}, {'Max_spout': 1.0, 'Spliters': 6.0, 'Counters': 18.0}, {'Max_spout': 10.0, 'Spliters': 6.0, 'Counters': 1.0}, {'Max_spout': 1.0, 'Spliters': 2.0, 'Counters': 9.0}, {'Max_spout': 10.0, 'Spliters': 2.0, 'Counters': 1.0}, {'Max_spout': 1.0, 'Spliters': 6.0, 'Counters': 6.0}, {'Max_spout': 1.0, 'Spliters': 3.0, 'Counters': 9.0}, {'Max_spout': 1.0, 'Spliters': 2.0, 'Counters': 15.0}, {'Max_spout': 1.0, 'Spliters': 2.0, 'Counters': 18.0}, {'Max_spout': 1.0, 'Spliters': 3.0, 'Counters': 9.0}, {'Max_spout': 1.0, 'Spliters': 2.0, 'Counters': 18.0}, {'Max_spout': 1.0, 'Spliters': 2.0, 'Counters': 18.0}, {'Max_spout': 1.0, 'Spliters': 1.0, 'Counters': 18.0}, {'Max_spout': 1.0, 'Spliters': 1.0, 'Counters': 1.0}, {'Max_spout': 1000.0, 'Spliters': 2.0, 'Counters': 1.0}, {'Max_spout': 1.0, 'Spliters': 3.0, 'Counters': 3.0}, {'Max_spout': 1.0, 'Spliters': 3.0, 'Counters': 18.0}, {'Max_spout': 1.0, 'Spliters': 1.0, 'Counters': 1.0}, {'Max_spout': 1.0, 'Spliters': 1.0, 'Counters': 9.0}
0.12316436788298513, 0.005342812986996237, 0.011702457855632509, 0.057550421282016484, 0.006553635052732987, 0.04917651166850956, 0.014272827794913567, 0.013299643704695163, 0.005286232516634626, 0.004397110839524876, 0.013299643704695163, 0.004397110839524876, 0.004397110839524876, 0.0, 0.004705878549212117, 0.07602151997775575, 0.017691904789617685, 0.015921744359735368, 0.004705878549212117, 0.003115159039619231
0.029302597045898438, 0.023622989654541016, 0.015850067138671875, 0.01445317268371582, 0.01601266860961914, 0.01873016357421875, 0.01729583740234375, 0.01910853385925293, 0.020268917083740234, 0.024267911911010742, 0.023722171783447266, 0.022534608840942383, 0.023751020431518555, 0.022522926330566406, 0.01977396011352539, 0.022092342376708984, 0.017818450927734375, 0.023229360580444336, 0.02718329429626465, 0.026854515075683594