{'Max_spout': 1000.0, 'Spliters': 6.0, 'Counters': 1.0}, {'Max_spout': 1.0, 'Spliters': 3.0, 'Counters': 1.0}, {'Max_spout': 1.0, 'Spliters': 6.0, 'Counters': 18.0}, {'Max_spout': 10.0, 'Spliters': 6.0, 'Counters': 1.0}, {'Max_spout': 1.0, 'Spliters': 2.0, 'Counters': 9.0}, {'Max_spout': 10.0, 'Spliters': 2.0, 'Counters': 1.0}, {'Max_spout': 1.0, 'Spliters': 6.0, 'Counters': 6.0}, {'Max_spout': 1.0, 'Spliters': 3.0, 'Counters': 9.0}, {'Max_spout': 10.0, 'Spliters': 2.0, 'Counters': 1.0}, {'Max_spout': 1.0, 'Spliters': 2.0, 'Counters': 18.0}, {'Max_spout': 1.0, 'Spliters': 3.0, 'Counters': 9.0}, {'Max_spout': 1.0, 'Spliters': 2.0, 'Counters': 18.0}, {'Max_spout': 1.0, 'Spliters': 2.0, 'Counters': 6.0}, {'Max_spout': 1.0, 'Spliters': 1.0, 'Counters': 18.0}, {'Max_spout': 1.0, 'Spliters': 1.0, 'Counters': 1.0}, {'Max_spout': 1000000.0, 'Spliters': 6.0, 'Counters': 3.0}, {'Max_spout': 1.0, 'Spliters': 3.0, 'Counters': 3.0}, {'Max_spout': 100.0, 'Spliters': 1.0, 'Counters': 3.0}, {'Max_spout': 1.0, 'Spliters': 1.0, 'Counters': 1.0}, {'Max_spout': 1.0, 'Spliters': 1.0, 'Counters': 9.0}
0.12316436788298513, 0.01642611883838674, 0.011702457855632509, 0.057550421282016484, 0.006553635052732987, 0.04917651166850956, 0.014272827794913567, 0.013299643704695163, 0.04917651166850956, 0.004397110839524876, 0.013299643704695163, 0.004397110839524876, 0.007426590881168038, 0.0, 0.004705878549212117, 0.2723589853020103, 0.017691904789617685, 0.18672848487199878, 0.004705878549212117, 0.003115159039619231
0.01670050621032715, 0.014753580093383789, 0.012846231460571289, 0.014260292053222656, 0.019458770751953125, 0.02162647247314453, 0.02004218101501465, 0.07269048690795898, 0.016939163208007812, 0.012871026992797852, 0.01291203498840332, 0.01134490966796875, 0.010024070739746094, 0.012483596801757812, 0.012773513793945312, 0.018797874450683594, 0.014591693878173828, 0.012607336044311523, 0.01322627067565918, 0.011646032333374023