{'Max_spout': 1000.0, 'Spliters': 6.0, 'Counters': 1.0}, {'Max_spout': 1.0, 'Spliters': 3.0, 'Counters': 1.0}, {'Max_spout': 1.0, 'Spliters': 6.0, 'Counters': 18.0}, {'Max_spout': 10.0, 'Spliters': 6.0, 'Counters': 1.0}, {'Max_spout': 1000.0, 'Spliters': 2.0, 'Counters': 1.0}, {'Max_spout': 10.0, 'Spliters': 2.0, 'Counters': 1.0}, {'Max_spout': 100000.0, 'Spliters': 1.0, 'Counters': 12.0}, {'Max_spout': 1.0, 'Spliters': 3.0, 'Counters': 9.0}, {'Max_spout': 10.0, 'Spliters': 2.0, 'Counters': 1.0}, {'Max_spout': 100000.0, 'Spliters': 1.0, 'Counters': 18.0}, {'Max_spout': 10.0, 'Spliters': 3.0, 'Counters': 15.0}, {'Max_spout': 100.0, 'Spliters': 1.0, 'Counters': 15.0}, {'Max_spout': 1.0, 'Spliters': 2.0, 'Counters': 6.0}, {'Max_spout': 1.0, 'Spliters': 6.0, 'Counters': 18.0}, {'Max_spout': 10000.0, 'Spliters': 2.0, 'Counters': 1.0}, {'Max_spout': 1000.0, 'Spliters': 2.0, 'Counters': 3.0}, {'Max_spout': 1.0, 'Spliters': 3.0, 'Counters': 3.0}, {'Max_spout': 100.0, 'Spliters': 1.0, 'Counters': 3.0}, {'Max_spout': 1.0, 'Spliters': 1.0, 'Counters': 1.0}, {'Max_spout': 1.0, 'Spliters': 6.0, 'Counters': 15.0}
0.12316436788298513, 0.01642611883838674, 0.011702457855632509, 0.057550421282016484, 0.07602151997775575, 0.04917651166850956, 0.24937114848655328, 0.013299643704695163, 0.04917651166850956, 0.27774221291069334, 0.21411343252698078, 0.25721158509379416, 0.007426590881168038, 0.011702457855632509, 0.056051847109869546, 0.2962359437945773, 0.017691904789617685, 0.18672848487199878, 0.004705878549212117, 0.011018642456691707
0.018650531768798828, 0.017419099807739258, 0.0223848819732666, 0.0237119197845459, 0.04257512092590332, 0.019448041915893555, 0.01718449592590332, 0.018264293670654297, 0.01818680763244629, 0.016370773315429688, 0.018742084503173828, 0.016734600067138672, 0.015923738479614258, 0.015570878982543945, 0.016751527786254883, 0.13358354568481445, 0.020084142684936523, 0.01772618293762207, 0.016161203384399414, 0.018312692642211914