{'Max_spout': 1.0, 'Spliters': 1.0, 'Counters': 18.0}, {'Max_spout': 1.0, 'Spliters': 1.0, 'Counters': 18.0}, {'Max_spout': 1.0, 'Spliters': 1.0, 'Counters': 18.0}, {'Max_spout': 1.0, 'Spliters': 1.0, 'Counters': 9.0}, {'Max_spout': 1.0, 'Spliters': 1.0, 'Counters': 18.0}, {'Max_spout': 1.0, 'Spliters': 1.0, 'Counters': 18.0}, {'Max_spout': 1.0, 'Spliters': 1.0, 'Counters': 6.0}, {'Max_spout': 1.0, 'Spliters': 1.0, 'Counters': 18.0}, {'Max_spout': 1.0, 'Spliters': 1.0, 'Counters': 18.0}, {'Max_spout': 1.0, 'Spliters': 1.0, 'Counters': 18.0}, {'Max_spout': 1.0, 'Spliters': 1.0, 'Counters': 18.0}, {'Max_spout': 1.0, 'Spliters': 1.0, 'Counters': 18.0}, {'Max_spout': 1.0, 'Spliters': 1.0, 'Counters': 18.0}, {'Max_spout': 1.0, 'Spliters': 1.0, 'Counters': 18.0}, {'Max_spout': 1.0, 'Spliters': 1.0, 'Counters': 12.0}, {'Max_spout': 1.0, 'Spliters': 1.0, 'Counters': 6.0}, {'Max_spout': 1.0, 'Spliters': 1.0, 'Counters': 12.0}, {'Max_spout': 1.0, 'Spliters': 1.0, 'Counters': 18.0}, {'Max_spout': 1.0, 'Spliters': 1.0, 'Counters': 18.0}, {'Max_spout': 1.0, 'Spliters': 1.0, 'Counters': 18.0}
0.0, 0.0, 0.0, 0.003115159039619231, 0.0, 0.0, 0.0020255808389428864, 0.0, 0.0, 0.0, 0.0, 0.0, 0.0, 0.0, 0.0008018260942662669, 0.0020255808389428864, 0.0008018260942662669, 0.0, 0.0, 0.0
0.0732564926147461, 0.06572365760803223, 0.06858682632446289, 0.06972241401672363, 0.0700066089630127, 0.06941342353820801, 0.05940866470336914, 0.06482720375061035, 0.06360363960266113, 0.16292357444763184, 0.23500967025756836, 0.07753419876098633, 0.07859587669372559, 0.07479739189147949, 0.07395410537719727, 0.21645450592041016, 0.06293225288391113, 0.0673058032989502, 0.07114386558532715, 0.06291365623474121