{'Max_spout': 1.0, 'Spliters': 1.0, 'Counters': 1.0}, {'Max_spout': 1.0, 'Spliters': 2.0, 'Counters': 1.0}, {'Max_spout': 1.0, 'Spliters': 6.0, 'Counters': 18.0}, {'Max_spout': 10.0, 'Spliters': 6.0, 'Counters': 1.0}, {'Max_spout': 1.0, 'Spliters': 2.0, 'Counters': 9.0}, {'Max_spout': 1.0, 'Spliters': 2.0, 'Counters': 18.0}, {'Max_spout': 1.0, 'Spliters': 3.0, 'Counters': 12.0}, {'Max_spout': 1.0, 'Spliters': 1.0, 'Counters': 12.0}, {'Max_spout': 1.0, 'Spliters': 2.0, 'Counters': 15.0}, {'Max_spout': 1.0, 'Spliters': 1.0, 'Counters': 9.0}, {'Max_spout': 1.0, 'Spliters': 3.0, 'Counters': 9.0}, {'Max_spout': 1.0, 'Spliters': 2.0, 'Counters': 18.0}, {'Max_spout': 1.0, 'Spliters': 2.0, 'Counters': 18.0}, {'Max_spout': 1.0, 'Spliters': 1.0, 'Counters': 18.0}, {'Max_spout': 1.0, 'Spliters': 1.0, 'Counters': 1.0}, {'Max_spout': 1.0, 'Spliters': 1.0, 'Counters': 6.0}, {'Max_spout': 1.0, 'Spliters': 1.0, 'Counters': 9.0}, {'Max_spout': 1.0, 'Spliters': 3.0, 'Counters': 6.0}, {'Max_spout': 1.0, 'Spliters': 1.0, 'Counters': 1.0}, {'Max_spout': 1.0, 'Spliters': 1.0, 'Counters': 9.0}
0.004705878549212117, 0.005342812986996237, 0.011702457855632509, 0.057550421282016484, 0.006553635052732987, 0.004397110839524876, 0.009127238161748985, 0.0008018260942662669, 0.005286232516634626, 0.003115159039619231, 0.013299643704695163, 0.004397110839524876, 0.004397110839524876, 0.0, 0.004705878549212117, 0.0020255808389428864, 0.003115159039619231, 0.014104702968696481, 0.004705878549212117, 0.003115159039619231
0.014956235885620117, 0.011139869689941406, 0.011425495147705078, 0.011492252349853516, 0.011196613311767578, 0.010902166366577148, 0.011403083801269531, 0.01482701301574707, 0.011889457702636719, 0.013362884521484375, 0.013084888458251953, 0.011178970336914062, 0.010963678359985352, 0.01117086410522461, 0.01168680191040039, 0.011108160018920898, 0.011589527130126953, 0.011240005493164062, 0.011629581451416016, 0.01141500473022461