{
  "incumbent_ids": [
    7
  ],
  "rejected_config_ids": [
    1,
    2,
    4,
    5,
    6,
    3,
    8,
    9,
    10
  ],
  "incumbents_changed": 4,
  "trajectory": [
    {
      "config_ids": [
        1
      ],
      "costs": [
        0.2993701661049968
      ],
      "trial": 1,
      "walltime": 0.23240995407104492
    },
    {
      "config_ids": [
        2
      ],
      "costs": [
        0.28995464651328184
      ],
      "trial": 2,
      "walltime": 0.4717855453491211
    },
    {
      "config_ids": [
        3
      ],
      "costs": [
        0.10661261446209191
      ],
      "trial": 3,
      "walltime": 2.7272651195526123
    },
    {
      "config_ids": [
        7
      ],
      "costs": [
        0.07841306641341084
      ],
      "trial": 7,
      "walltime": 3.7136192321777344
    }
  ],
  "state": {
    "queue": [
      [
        10,
        1
      ]
    ]
  }
}