{
  "incumbent_ids": [
    5
  ],
  "rejected_config_ids": [
    1,
    2,
    4,
    3,
    6
  ],
  "incumbents_changed": 4,
  "trajectory": [
    {
      "config_ids": [
        1
      ],
      "costs": [
        239.1799065742844
      ],
      "trial": 1,
      "walltime": 0.004846096038818359
    },
    {
      "config_ids": [
        2
      ],
      "costs": [
        227.8593766575178
      ],
      "trial": 2,
      "walltime": 1.1640517711639404
    },
    {
      "config_ids": [
        3
      ],
      "costs": [
        166.9317742480049
      ],
      "trial": 3,
      "walltime": 1.172307014465332
    },
    {
      "config_ids": [
        5
      ],
      "costs": [
        148.8225637787852
      ],
      "trial": 5,
      "walltime": 1.1926372051239014
    }
  ],
  "state": {
    "queue": [
      [
        6,
        1
      ]
    ]
  }
}