{
  "incumbent_ids": [
    7
  ],
  "rejected_config_ids": [
    1,
    2,
    4,
    5,
    6,
    3,
    8,
    9,
    10
  ],
  "incumbents_changed": 4,
  "trajectory": [
    {
      "config_ids": [
        1
      ],
      "costs": [
        0.2993701661049968
      ],
      "trial": 1,
      "walltime": 0.24772143363952637
    },
    {
      "config_ids": [
        2
      ],
      "costs": [
        0.28995464651328184
      ],
      "trial": 2,
      "walltime": 0.4943275451660156
    },
    {
      "config_ids": [
        3
      ],
      "costs": [
        0.10661261446209191
      ],
      "trial": 3,
      "walltime": 2.852531671524048
    },
    {
      "config_ids": [
        7
      ],
      "costs": [
        0.07841306641341084
      ],
      "trial": 7,
      "walltime": 3.837454080581665
    }
  ],
  "state": {
    "queue": [
      [
        10,
        1
      ]
    ]
  }
}