{
  "incumbent_ids": [
    2
  ],
  "rejected_config_ids": [
    1,
    3,
    4,
    5,
    6
  ],
  "incumbents_changed": 2,
  "trajectory": [
    {
      "config_ids": [
        1
      ],
      "costs": [
        366.18283290889593
      ],
      "trial": 1,
      "walltime": 0.003923892974853516
    },
    {
      "config_ids": [
        2
      ],
      "costs": [
        94.5374616490867
      ],
      "trial": 2,
      "walltime": 1.1388523578643799
    }
  ],
  "state": {
    "queue": [
      [
        6,
        1
      ]
    ]
  }
}