{
  "incumbent_ids": [
    5
  ],
  "rejected_config_ids": [
    1,
    3,
    4,
    2,
    6
  ],
  "incumbents_changed": 3,
  "trajectory": [
    {
      "config_ids": [
        1
      ],
      "costs": [
        220.95541535006012
      ],
      "trial": 1,
      "walltime": 0.004010438919067383
    },
    {
      "config_ids": [
        2
      ],
      "costs": [
        194.6278075563292
      ],
      "trial": 2,
      "walltime": 1.2450027465820312
    },
    {
      "config_ids": [
        5
      ],
      "costs": [
        161.692033006498
      ],
      "trial": 5,
      "walltime": 1.2689900398254395
    }
  ],
  "state": {
    "queue": [
      [
        6,
        1
      ]
    ]
  }
}