{
  "incumbent_ids": [
    6
  ],
  "rejected_config_ids": [
    2,
    1,
    4,
    5,
    3
  ],
  "incumbents_changed": 3,
  "trajectory": [
    {
      "config_ids": [
        1
      ],
      "costs": [
        292.50782607676996
      ],
      "trial": 1,
      "walltime": 0.004690647125244141
    },
    {
      "config_ids": [
        3
      ],
      "costs": [
        188.77521057112628
      ],
      "trial": 3,
      "walltime": 1.2689902782440186
    },
    {
      "config_ids": [
        6
      ],
      "costs": [
        166.73301892275626
      ],
      "trial": 6,
      "walltime": 1.3010752201080322
    }
  ],
  "state": {
    "queue": [
      [
        6,
        1
      ]
    ]
  }
}