{'Clndrs': 4.0, 'Volume': 98.0, 'Model': 78.0, 'origin': 3.0}, {'Clndrs': 4.0, 'Volume': 141.0, 'Model': 81.0, 'origin': 2.0}, {'Clndrs': 4.0, 'Volume': 85.0, 'Model': 76.0, 'origin': 1.0}, {'Clndrs': 4.0, 'Volume': 78.0, 'Model': 78.0, 'origin': 3.0}, {'Clndrs': 4.0, 'Volume': 140.0, 'Model': 71.0, 'origin': 1.0}, {'Clndrs': 5.0, 'Volume': 121.0, 'Model': 80.0, 'origin': 2.0}, {'Clndrs': 5.0, 'Volume': 183.0, 'Model': 79.0, 'origin': 2.0}, {'Clndrs': 4.0, 'Volume': 105.0, 'Model': 82.0, 'origin': 2.0}, {'Clndrs': 4.0, 'Volume': 85.0, 'Model': 77.0, 'origin': 3.0}, {'Clndrs': 4.0, 'Volume': 79.0, 'Model': 71.0, 'origin': 2.0}, {'Clndrs': 4.0, 'Volume': 97.0, 'Model': 70.0, 'origin': 2.0}, {'Clndrs': 4.0, 'Volume': 96.0, 'Model': 72.0, 'origin': 2.0}, {'Clndrs': 5.0, 'Volume': 121.0, 'Model': 80.0, 'origin': 2.0}, {'Clndrs': 4.0, 'Volume': 105.0, 'Model': 82.0, 'origin': 2.0}, {'Clndrs': 4.0, 'Volume': 119.0, 'Model': 82.0, 'origin': 1.0}, {'Clndrs': 4.0, 'Volume': 140.0, 'Model': 74.0, 'origin': 1.0}, {'Clndrs': 4.0, 'Volume': 98.0, 'Model': 71.0, 'origin': 1.0}, {'Clndrs': 4.0, 'Volume': 97.0, 'Model': 75.0, 'origin': 3.0}, {'Clndrs': 4.0, 'Volume': 98.0, 'Model': 82.0, 'origin': 1.0}, {'Clndrs': 4.0, 'Volume': 98.0, 'Model': 82.0, 'origin': 1.0}
0.41236767459335466, 0.419834366701459, 0.30998225385304745, 0.34854013859025934, 0.4436626620892513, 0.31159152325128536, 0.4559540336686524, 0.36198096077750375, 0.40233402905237403, 0.3495755905847796, 0.3263298147356364, 0.3831896297390449, 0.31159152325128536, 0.36198096077750375, 0.3880838546009786, 0.42227124853922704, 0.3578925042330301, 0.42794322946981855, 0.30706763493134415, 0.30706763493134415
0.42196130752563477, 0.019902467727661133, 0.03751182556152344, 0.023850440979003906, 0.01306915283203125, 0.00897216796875, 0.011524200439453125, 0.009521961212158203, 0.01144862174987793, 0.014432668685913086, 0.009751558303833008, 0.010698795318603516, 0.010705947875976562, 0.011707782745361328, 0.009920835494995117, 0.008254528045654297, 0.013559818267822266, 0.011467933654785156, 0.01712512969970703, 0.011524677276611328