{'Clndrs': 4.0, 'Volume': 85.0, 'Model': 80.0, 'origin': 2.0}, {'Clndrs': 4.0, 'Volume': 90.0, 'Model': 78.0, 'origin': 2.0}, {'Clndrs': 4.0, 'Volume': 85.0, 'Model': 80.0, 'origin': 3.0}, {'Clndrs': 4.0, 'Volume': 85.0, 'Model': 78.0, 'origin': 3.0}, {'Clndrs': 4.0, 'Volume': 97.0, 'Model': 82.0, 'origin': 2.0}, {'Clndrs': 4.0, 'Volume': 97.0, 'Model': 82.0, 'origin': 2.0}, {'Clndrs': 4.0, 'Volume': 98.0, 'Model': 82.0, 'origin': 1.0}, {'Clndrs': 4.0, 'Volume': 97.0, 'Model': 82.0, 'origin': 2.0}, {'Clndrs': 4.0, 'Volume': 97.0, 'Model': 82.0, 'origin': 2.0}, {'Clndrs': 4.0, 'Volume': 85.0, 'Model': 81.0, 'origin': 3.0}, {'Clndrs': 4.0, 'Volume': 90.0, 'Model': 78.0, 'origin': 2.0}, {'Clndrs': 4.0, 'Volume': 86.0, 'Model': 81.0, 'origin': 1.0}, {'Clndrs': 4.0, 'Volume': 85.0, 'Model': 76.0, 'origin': 1.0}, {'Clndrs': 4.0, 'Volume': 97.0, 'Model': 82.0, 'origin': 2.0}, {'Clndrs': 4.0, 'Volume': 97.0, 'Model': 82.0, 'origin': 2.0}, {'Clndrs': 4.0, 'Volume': 97.0, 'Model': 82.0, 'origin': 2.0}, {'Clndrs': 5.0, 'Volume': 121.0, 'Model': 80.0, 'origin': 2.0}, {'Clndrs': 4.0, 'Volume': 97.0, 'Model': 82.0, 'origin': 2.0}, {'Clndrs': 4.0, 'Volume': 98.0, 'Model': 82.0, 'origin': 1.0}, {'Clndrs': 4.0, 'Volume': 98.0, 'Model': 82.0, 'origin': 1.0}
0.2976352869025818, 0.19339815732352839, 0.25394722064135844, 0.26800809420993543, 0.16745989117220028, 0.16745989117220028, 0.30706763493134415, 0.16745989117220028, 0.16745989117220028, 0.24245318422143292, 0.19339815732352839, 0.3255856910455688, 0.30998225385304745, 0.16745989117220028, 0.16745989117220028, 0.16745989117220028, 0.31159152325128536, 0.16745989117220028, 0.30706763493134415, 0.30706763493134415
2.6872293949127197, 0.19637155532836914, 0.14542341232299805, 0.1486668586730957, 0.14490413665771484, 0.17587995529174805, 0.15011334419250488, 0.1482834815979004, 0.15090489387512207, 0.14149045944213867, 0.19141459465026855, 0.1416182518005371, 0.1402273178100586, 0.15359783172607422, 0.14460229873657227, 0.16576862335205078, 0.1537768840789795, 0.14931106567382812, 0.14256978034973145, 0.17861270904541016