{'Clndrs': 4.0, 'Volume': 85.0, 'Model': 80.0, 'origin': 2.0}, {'Clndrs': 4.0, 'Volume': 90.0, 'Model': 80.0, 'origin': 2.0}, {'Clndrs': 4.0, 'Volume': 85.0, 'Model': 76.0, 'origin': 1.0}, {'Clndrs': 4.0, 'Volume': 97.0, 'Model': 70.0, 'origin': 2.0}, {'Clndrs': 4.0, 'Volume': 97.0, 'Model': 82.0, 'origin': 2.0}, {'Clndrs': 5.0, 'Volume': 121.0, 'Model': 80.0, 'origin': 2.0}, {'Clndrs': 5.0, 'Volume': 121.0, 'Model': 80.0, 'origin': 2.0}, {'Clndrs': 4.0, 'Volume': 105.0, 'Model': 82.0, 'origin': 2.0}, {'Clndrs': 4.0, 'Volume': 97.0, 'Model': 82.0, 'origin': 2.0}, {'Clndrs': 4.0, 'Volume': 97.0, 'Model': 70.0, 'origin': 2.0}, {'Clndrs': 4.0, 'Volume': 97.0, 'Model': 70.0, 'origin': 2.0}, {'Clndrs': 4.0, 'Volume': 81.0, 'Model': 81.0, 'origin': 3.0}, {'Clndrs': 5.0, 'Volume': 121.0, 'Model': 80.0, 'origin': 2.0}, {'Clndrs': 5.0, 'Volume': 121.0, 'Model': 80.0, 'origin': 2.0}, {'Clndrs': 4.0, 'Volume': 98.0, 'Model': 82.0, 'origin': 1.0}, {'Clndrs': 4.0, 'Volume': 97.0, 'Model': 70.0, 'origin': 2.0}, {'Clndrs': 5.0, 'Volume': 121.0, 'Model': 80.0, 'origin': 2.0}, {'Clndrs': 5.0, 'Volume': 121.0, 'Model': 80.0, 'origin': 2.0}, {'Clndrs': 4.0, 'Volume': 98.0, 'Model': 82.0, 'origin': 1.0}, {'Clndrs': 4.0, 'Volume': 98.0, 'Model': 82.0, 'origin': 1.0}
0.2976352869025818, 0.19532716835654673, 0.30998225385304745, 0.3263298147356364, 0.16745989117220028, 0.31159152325128536, 0.31159152325128536, 0.36198096077750375, 0.16745989117220028, 0.3263298147356364, 0.3263298147356364, 0.3328729067416236, 0.31159152325128536, 0.31159152325128536, 0.30706763493134415, 0.3263298147356364, 0.31159152325128536, 0.31159152325128536, 0.30706763493134415, 0.30706763493134415
1.0210206508636475, 0.05138254165649414, 0.04221010208129883, 0.039716482162475586, 0.06114530563354492, 0.04153299331665039, 0.04950404167175293, 0.04671192169189453, 0.06510758399963379, 0.042935848236083984, 0.04542946815490723, 0.039342403411865234, 0.04211068153381348, 0.047272443771362305, 0.044264793395996094, 0.05197453498840332, 0.04610776901245117, 0.05251717567443848, 0.047757625579833984, 0.04861760139465332