{'Clndrs': 4.0, 'Volume': 85.0, 'Model': 80.0, 'origin': 2.0}, {'Clndrs': 4.0, 'Volume': 141.0, 'Model': 81.0, 'origin': 2.0}, {'Clndrs': 4.0, 'Volume': 85.0, 'Model': 76.0, 'origin': 1.0}, {'Clndrs': 4.0, 'Volume': 78.0, 'Model': 78.0, 'origin': 3.0}, {'Clndrs': 6.0, 'Volume': 145.0, 'Model': 81.0, 'origin': 2.0}, {'Clndrs': 5.0, 'Volume': 121.0, 'Model': 80.0, 'origin': 2.0}, {'Clndrs': 6.0, 'Volume': 145.0, 'Model': 81.0, 'origin': 2.0}, {'Clndrs': 4.0, 'Volume': 105.0, 'Model': 82.0, 'origin': 2.0}, {'Clndrs': 4.0, 'Volume': 79.0, 'Model': 77.0, 'origin': 2.0}, {'Clndrs': 4.0, 'Volume': 68.0, 'Model': 73.0, 'origin': 2.0}, {'Clndrs': 4.0, 'Volume': 97.0, 'Model': 70.0, 'origin': 2.0}, {'Clndrs': 4.0, 'Volume': 96.0, 'Model': 72.0, 'origin': 2.0}, {'Clndrs': 5.0, 'Volume': 121.0, 'Model': 80.0, 'origin': 2.0}, {'Clndrs': 4.0, 'Volume': 105.0, 'Model': 82.0, 'origin': 2.0}, {'Clndrs': 4.0, 'Volume': 119.0, 'Model': 82.0, 'origin': 1.0}, {'Clndrs': 4.0, 'Volume': 122.0, 'Model': 80.0, 'origin': 2.0}, {'Clndrs': 5.0, 'Volume': 121.0, 'Model': 80.0, 'origin': 2.0}, {'Clndrs': 4.0, 'Volume': 97.0, 'Model': 70.0, 'origin': 2.0}, {'Clndrs': 4.0, 'Volume': 98.0, 'Model': 82.0, 'origin': 1.0}, {'Clndrs': 4.0, 'Volume': 98.0, 'Model': 82.0, 'origin': 1.0}
0.2976352869025818, 0.419834366701459, 0.30998225385304745, 0.34854013859025934, 0.4235521708778065, 0.31159152325128536, 0.4235521708778065, 0.36198096077750375, 0.2596851205899111, 0.34385632337349503, 0.3263298147356364, 0.3831896297390449, 0.31159152325128536, 0.36198096077750375, 0.3880838546009786, 0.3912012433655878, 0.31159152325128536, 0.3263298147356364, 0.30706763493134415, 0.30706763493134415
0.43390846252441406, 0.05001473426818848, 0.046811819076538086, 0.047722578048706055, 0.041913747787475586, 0.04000139236450195, 0.03984355926513672, 0.04546380043029785, 0.03897452354431152, 0.038460493087768555, 0.05200362205505371, 0.038450002670288086, 0.04381155967712402, 0.040390968322753906, 0.028220176696777344, 0.04245114326477051, 0.039032697677612305, 0.03430008888244629, 0.04268503189086914, 0.040479183197021484