{'Clndrs': 4.0, 'Volume': 85.0, 'Model': 80.0, 'origin': 2.0}, {'Clndrs': 4.0, 'Volume': 90.0, 'Model': 78.0, 'origin': 2.0}, {'Clndrs': 4.0, 'Volume': 85.0, 'Model': 76.0, 'origin': 1.0}, {'Clndrs': 4.0, 'Volume': 85.0, 'Model': 78.0, 'origin': 3.0}, {'Clndrs': 4.0, 'Volume': 97.0, 'Model': 82.0, 'origin': 2.0}, {'Clndrs': 5.0, 'Volume': 121.0, 'Model': 80.0, 'origin': 2.0}, {'Clndrs': 5.0, 'Volume': 121.0, 'Model': 80.0, 'origin': 2.0}, {'Clndrs': 4.0, 'Volume': 97.0, 'Model': 82.0, 'origin': 2.0}, {'Clndrs': 4.0, 'Volume': 97.0, 'Model': 82.0, 'origin': 2.0}, {'Clndrs': 4.0, 'Volume': 85.0, 'Model': 81.0, 'origin': 3.0}, {'Clndrs': 4.0, 'Volume': 97.0, 'Model': 70.0, 'origin': 2.0}, {'Clndrs': 4.0, 'Volume': 86.0, 'Model': 81.0, 'origin': 1.0}, {'Clndrs': 5.0, 'Volume': 121.0, 'Model': 80.0, 'origin': 2.0}, {'Clndrs': 4.0, 'Volume': 97.0, 'Model': 82.0, 'origin': 2.0}, {'Clndrs': 4.0, 'Volume': 98.0, 'Model': 82.0, 'origin': 1.0}, {'Clndrs': 4.0, 'Volume': 97.0, 'Model': 82.0, 'origin': 2.0}, {'Clndrs': 5.0, 'Volume': 121.0, 'Model': 80.0, 'origin': 2.0}, {'Clndrs': 5.0, 'Volume': 121.0, 'Model': 80.0, 'origin': 2.0}, {'Clndrs': 4.0, 'Volume': 98.0, 'Model': 82.0, 'origin': 1.0}, {'Clndrs': 4.0, 'Volume': 98.0, 'Model': 82.0, 'origin': 1.0}
0.2976352869025818, 0.19339815732352839, 0.30998225385304745, 0.26800809420993543, 0.16745989117220028, 0.31159152325128536, 0.31159152325128536, 0.16745989117220028, 0.16745989117220028, 0.24245318422143292, 0.3263298147356364, 0.3255856910455688, 0.31159152325128536, 0.16745989117220028, 0.30706763493134415, 0.16745989117220028, 0.31159152325128536, 0.31159152325128536, 0.30706763493134415, 0.30706763493134415
1.3008449077606201, 0.0682532787322998, 0.0733497142791748, 0.05952763557434082, 0.06128382682800293, 0.0677485466003418, 0.06841182708740234, 0.061916351318359375, 0.058390140533447266, 0.06090664863586426, 0.06987953186035156, 0.0978846549987793, 0.06066465377807617, 0.0576169490814209, 0.06827259063720703, 0.06405138969421387, 0.06655263900756836, 0.060784339904785156, 0.06973624229431152, 0.057299137115478516