{'Clndrs': 4.0, 'Volume': 97.0, 'Model': 82.0, 'origin': 2.0}, {'Clndrs': 4.0, 'Volume': 97.0, 'Model': 82.0, 'origin': 2.0}, {'Clndrs': 4.0, 'Volume': 85.0, 'Model': 81.0, 'origin': 3.0}, {'Clndrs': 4.0, 'Volume': 85.0, 'Model': 78.0, 'origin': 3.0}, {'Clndrs': 4.0, 'Volume': 97.0, 'Model': 82.0, 'origin': 2.0}, {'Clndrs': 4.0, 'Volume': 97.0, 'Model': 82.0, 'origin': 2.0}, {'Clndrs': 4.0, 'Volume': 97.0, 'Model': 82.0, 'origin': 2.0}, {'Clndrs': 4.0, 'Volume': 97.0, 'Model': 82.0, 'origin': 2.0}, {'Clndrs': 4.0, 'Volume': 97.0, 'Model': 82.0, 'origin': 2.0}, {'Clndrs': 4.0, 'Volume': 85.0, 'Model': 81.0, 'origin': 3.0}, {'Clndrs': 4.0, 'Volume': 97.0, 'Model': 82.0, 'origin': 2.0}, {'Clndrs': 4.0, 'Volume': 97.0, 'Model': 82.0, 'origin': 2.0}, {'Clndrs': 4.0, 'Volume': 98.0, 'Model': 82.0, 'origin': 1.0}, {'Clndrs': 4.0, 'Volume': 97.0, 'Model': 82.0, 'origin': 2.0}, {'Clndrs': 4.0, 'Volume': 97.0, 'Model': 82.0, 'origin': 2.0}, {'Clndrs': 4.0, 'Volume': 97.0, 'Model': 82.0, 'origin': 2.0}, {'Clndrs': 4.0, 'Volume': 97.0, 'Model': 82.0, 'origin': 2.0}, {'Clndrs': 4.0, 'Volume': 97.0, 'Model': 82.0, 'origin': 2.0}, {'Clndrs': 4.0, 'Volume': 97.0, 'Model': 82.0, 'origin': 2.0}, {'Clndrs': 4.0, 'Volume': 98.0, 'Model': 82.0, 'origin': 1.0}
0.16745989117220028, 0.16745989117220028, 0.24245318422143292, 0.26800809420993543, 0.16745989117220028, 0.16745989117220028, 0.16745989117220028, 0.16745989117220028, 0.16745989117220028, 0.24245318422143292, 0.16745989117220028, 0.16745989117220028, 0.30706763493134415, 0.16745989117220028, 0.16745989117220028, 0.16745989117220028, 0.16745989117220028, 0.16745989117220028, 0.16745989117220028, 0.30706763493134415
3.8329827785491943, 0.8370234966278076, 0.7874267101287842, 0.8759362697601318, 0.7752187252044678, 0.769946813583374, 0.7722892761230469, 0.7953386306762695, 0.7787539958953857, 0.7843039035797119, 0.7715578079223633, 0.7869727611541748, 0.9200410842895508, 0.7641243934631348, 0.7626266479492188, 0.7519018650054932, 0.7452600002288818, 0.7552709579467773, 0.7387895584106445, 0.7554020881652832