{'Spout_wait': 5.0, 'Spliters': 5.0, 'Counters': 15.0}, {'Spout_wait': 8.0, 'Spliters': 6.0, 'Counters': 18.0}, {'Spout_wait': 6.0, 'Spliters': 5.0, 'Counters': 15.0}, {'Spout_wait': 10.0, 'Spliters': 4.0, 'Counters': 17.0}, {'Spout_wait': 10.0, 'Spliters': 6.0, 'Counters': 17.0}, {'Spout_wait': 6.0, 'Spliters': 6.0, 'Counters': 17.0}, {'Spout_wait': 6.0, 'Spliters': 6.0, 'Counters': 17.0}, {'Spout_wait': 9.0, 'Spliters': 6.0, 'Counters': 17.0}, {'Spout_wait': 6.0, 'Spliters': 6.0, 'Counters': 15.0}, {'Spout_wait': 6.0, 'Spliters': 6.0, 'Counters': 15.0}, {'Spout_wait': 10.0, 'Spliters': 4.0, 'Counters': 15.0}, {'Spout_wait': 7.0, 'Spliters': 4.0, 'Counters': 18.0}, {'Spout_wait': 9.0, 'Spliters': 3.0, 'Counters': 17.0}, {'Spout_wait': 5.0, 'Spliters': 4.0, 'Counters': 17.0}, {'Spout_wait': 10.0, 'Spliters': 2.0, 'Counters': 14.0}, {'Spout_wait': 10.0, 'Spliters': 4.0, 'Counters': 17.0}, {'Spout_wait': 9.0, 'Spliters': 4.0, 'Counters': 17.0}, {'Spout_wait': 10.0, 'Spliters': 5.0, 'Counters': 17.0}, {'Spout_wait': 5.0, 'Spliters': 5.0, 'Counters': 17.0}, {'Spout_wait': 9.0, 'Spliters': 3.0, 'Counters': 17.0}
0.06522933540472042, 0.02340892060562716, 0.061886210378318096, 0.03413510224963634, 0.000747363758841324, 0.025597877256524737, 0.025597877256524737, 0.008586239120553896, 0.0516294898461388, 0.0516294898461388, 0.030368608200511682, 0.05532891996051581, 0.020033994250278075, 0.04594440035556535, 0.0968530019712015, 0.03413510224963634, 0.05457370508667703, 0.019199269545525532, 0.024147530214372992, 0.020033994250278075
0.14761018753051758, 0.1424121856689453, 0.14033150672912598, 0.1446361541748047, 0.1480417251586914, 0.21514248847961426, 0.7738947868347168, 0.7698004245758057, 0.1292736530303955, 0.13257741928100586, 0.12780404090881348, 0.13027524948120117, 0.12764430046081543, 0.13067078590393066, 0.13111281394958496, 0.13574743270874023, 0.22768545150756836, 0.14510774612426758, 0.1357555389404297, 0.14258503913879395