{'Spout_wait': 9.0, 'Spliters': 3.0, 'Counters': 17.0}, {'Spout_wait': 8.0, 'Spliters': 6.0, 'Counters': 18.0}, {'Spout_wait': 9.0, 'Spliters': 3.0, 'Counters': 17.0}, {'Spout_wait': 5.0, 'Spliters': 5.0, 'Counters': 17.0}, {'Spout_wait': 10.0, 'Spliters': 6.0, 'Counters': 17.0}, {'Spout_wait': 6.0, 'Spliters': 6.0, 'Counters': 17.0}, {'Spout_wait': 8.0, 'Spliters': 6.0, 'Counters': 17.0}, {'Spout_wait': 8.0, 'Spliters': 6.0, 'Counters': 17.0}, {'Spout_wait': 4.0, 'Spliters': 6.0, 'Counters': 17.0}, {'Spout_wait': 7.0, 'Spliters': 6.0, 'Counters': 17.0}, {'Spout_wait': 10.0, 'Spliters': 4.0, 'Counters': 15.0}, {'Spout_wait': 10.0, 'Spliters': 5.0, 'Counters': 17.0}, {'Spout_wait': 9.0, 'Spliters': 3.0, 'Counters': 17.0}, {'Spout_wait': 10.0, 'Spliters': 5.0, 'Counters': 17.0}, {'Spout_wait': 6.0, 'Spliters': 6.0, 'Counters': 18.0}, {'Spout_wait': 10.0, 'Spliters': 6.0, 'Counters': 17.0}, {'Spout_wait': 9.0, 'Spliters': 3.0, 'Counters': 17.0}, {'Spout_wait': 10.0, 'Spliters': 5.0, 'Counters': 17.0}, {'Spout_wait': 9.0, 'Spliters': 3.0, 'Counters': 17.0}, {'Spout_wait': 9.0, 'Spliters': 3.0, 'Counters': 17.0}
0.020033994250278075, 0.02340892060562716, 0.020033994250278075, 0.024147530214372992, 0.000747363758841324, 0.025597877256524737, 0.006111178207122481, 0.006111178207122481, 0.04488372625774839, 0.02810356721455487, 0.030368608200511682, 0.019199269545525532, 0.020033994250278075, 0.019199269545525532, 0.06722737255341427, 0.000747363758841324, 0.020033994250278075, 0.019199269545525532, 0.020033994250278075, 0.020033994250278075
0.3722829818725586, 0.35834407806396484, 0.35645365715026855, 0.3572967052459717, 0.35004281997680664, 0.3482649326324463, 0.35178709030151367, 0.35170793533325195, 0.34981727600097656, 0.35266590118408203, 0.347545862197876, 0.3478381633758545, 0.34949588775634766, 0.43755388259887695, 0.3484656810760498, 0.4787774085998535, 0.3472099304199219, 0.35115766525268555, 0.3511066436767578, 0.3452141284942627