{'Spout_wait': 100.0, 'Spliters': 6.0, 'Counters': 11.0}, {'Spout_wait': 8.0, 'Spliters': 6.0, 'Counters': 18.0}, {'Spout_wait': 6.0, 'Spliters': 4.0, 'Counters': 10.0}, {'Spout_wait': 7.0, 'Spliters': 2.0, 'Counters': 16.0}, {'Spout_wait': 100.0, 'Spliters': 4.0, 'Counters': 13.0}, {'Spout_wait': 4.0, 'Spliters': 5.0, 'Counters': 11.0}, {'Spout_wait': 6.0, 'Spliters': 6.0, 'Counters': 11.0}, {'Spout_wait': 6.0, 'Spliters': 4.0, 'Counters': 18.0}, {'Spout_wait': 3.0, 'Spliters': 5.0, 'Counters': 13.0}, {'Spout_wait': 5.0, 'Spliters': 6.0, 'Counters': 8.0}, {'Spout_wait': 10.0, 'Spliters': 4.0, 'Counters': 15.0}, {'Spout_wait': 10.0, 'Spliters': 1.0, 'Counters': 17.0}, {'Spout_wait': 4.0, 'Spliters': 3.0, 'Counters': 15.0}, {'Spout_wait': 2.0, 'Spliters': 4.0, 'Counters': 18.0}, {'Spout_wait': 10.0, 'Spliters': 2.0, 'Counters': 14.0}, {'Spout_wait': 5.0, 'Spliters': 4.0, 'Counters': 15.0}, {'Spout_wait': 4.0, 'Spliters': 6.0, 'Counters': 14.0}, {'Spout_wait': 9.0, 'Spliters': 5.0, 'Counters': 8.0}, {'Spout_wait': 6.0, 'Spliters': 4.0, 'Counters': 17.0}, {'Spout_wait': 8.0, 'Spliters': 5.0, 'Counters': 13.0}
0.10495416997350338, 0.02340892060562716, 0.11758535031937278, 0.07469957232036739, 0.11611341982205081, 0.1504783407349044, 0.11114018584802376, 0.09215494647517553, 0.12146821587714862, 0.16496577943138702, 0.030368608200511682, 0.13435493480279603, 0.09457155307266985, 0.12001744216165422, 0.0968530019712015, 0.08261887043698013, 0.08761474371349254, 0.1641236132882553, 0.05504432310620622, 0.06869452197396686
0.01747918128967285, 0.00681757926940918, 0.011248588562011719, 0.008244037628173828, 0.0074443817138671875, 0.007714986801147461, 0.011024236679077148, 0.008368730545043945, 0.00846552848815918, 0.008555412292480469, 0.008544206619262695, 0.007960319519042969, 0.006947755813598633, 0.011518716812133789, 0.008143186569213867, 0.006783008575439453, 0.007243633270263672, 0.008064031600952148, 0.006966590881347656, 0.007334470748901367