{'Spout_wait': 3.0, 'Spliters': 5.0, 'Counters': 16.0}, {'Spout_wait': 8.0, 'Spliters': 6.0, 'Counters': 18.0}, {'Spout_wait': 3.0, 'Spliters': 3.0, 'Counters': 15.0}, {'Spout_wait': 10.0, 'Spliters': 6.0, 'Counters': 12.0}, {'Spout_wait': 10.0, 'Spliters': 4.0, 'Counters': 16.0}, {'Spout_wait': 4.0, 'Spliters': 5.0, 'Counters': 11.0}, {'Spout_wait': 6.0, 'Spliters': 6.0, 'Counters': 17.0}, {'Spout_wait': 6.0, 'Spliters': 4.0, 'Counters': 18.0}, {'Spout_wait': 6.0, 'Spliters': 6.0, 'Counters': 15.0}, {'Spout_wait': 3.0, 'Spliters': 6.0, 'Counters': 18.0}, {'Spout_wait': 10.0, 'Spliters': 4.0, 'Counters': 15.0}, {'Spout_wait': 5.0, 'Spliters': 5.0, 'Counters': 12.0}, {'Spout_wait': 9.0, 'Spliters': 6.0, 'Counters': 16.0}, {'Spout_wait': 2.0, 'Spliters': 6.0, 'Counters': 15.0}, {'Spout_wait': 10.0, 'Spliters': 2.0, 'Counters': 14.0}, {'Spout_wait': 5.0, 'Spliters': 3.0, 'Counters': 15.0}, {'Spout_wait': 4.0, 'Spliters': 6.0, 'Counters': 14.0}, {'Spout_wait': 5.0, 'Spliters': 3.0, 'Counters': 9.0}, {'Spout_wait': 6.0, 'Spliters': 4.0, 'Counters': 17.0}, {'Spout_wait': 8.0, 'Spliters': 5.0, 'Counters': 13.0}
0.09648484901296717, 0.02340892060562716, 0.06530366529199416, 0.059561592720216106, 0.07739417901803258, 0.1504783407349044, 0.025597877256524737, 0.09215494647517553, 0.0516294898461388, 0.05630847554506302, 0.030368608200511682, 0.1100504250364005, 0.05896302441698942, 0.09037721671244892, 0.0968530019712015, 0.08243577024755122, 0.08761474371349254, 0.15074618163197928, 0.05504432310620622, 0.06869452197396686
0.0433804988861084, 0.04146432876586914, 0.04195356369018555, 0.030794143676757812, 0.029377460479736328, 0.12215900421142578, 0.19172453880310059, 0.03642606735229492, 0.04275822639465332, 0.030917644500732422, 0.03978896141052246, 0.03763985633850098, 0.03920149803161621, 0.03840327262878418, 0.037615299224853516, 0.16849851608276367, 0.026968955993652344, 0.025293588638305664, 0.019364356994628906, 0.03016805648803711