{'Spout_wait': 5.0, 'Spliters': 5.0, 'Counters': 15.0}, {'Spout_wait': 8.0, 'Spliters': 6.0, 'Counters': 18.0}, {'Spout_wait': 3.0, 'Spliters': 3.0, 'Counters': 15.0}, {'Spout_wait': 6.0, 'Spliters': 6.0, 'Counters': 15.0}, {'Spout_wait': 5.0, 'Spliters': 6.0, 'Counters': 17.0}, {'Spout_wait': 100.0, 'Spliters': 3.0, 'Counters': 15.0}, {'Spout_wait': 6.0, 'Spliters': 6.0, 'Counters': 17.0}, {'Spout_wait': 9.0, 'Spliters': 6.0, 'Counters': 17.0}, {'Spout_wait': 6.0, 'Spliters': 6.0, 'Counters': 15.0}, {'Spout_wait': 7.0, 'Spliters': 6.0, 'Counters': 15.0}, {'Spout_wait': 10.0, 'Spliters': 4.0, 'Counters': 15.0}, {'Spout_wait': 4.0, 'Spliters': 4.0, 'Counters': 18.0}, {'Spout_wait': 9.0, 'Spliters': 6.0, 'Counters': 16.0}, {'Spout_wait': 100.0, 'Spliters': 4.0, 'Counters': 17.0}, {'Spout_wait': 10.0, 'Spliters': 2.0, 'Counters': 14.0}, {'Spout_wait': 5.0, 'Spliters': 3.0, 'Counters': 15.0}, {'Spout_wait': 9.0, 'Spliters': 4.0, 'Counters': 15.0}, {'Spout_wait': 8.0, 'Spliters': 4.0, 'Counters': 17.0}, {'Spout_wait': 6.0, 'Spliters': 4.0, 'Counters': 17.0}, {'Spout_wait': 9.0, 'Spliters': 3.0, 'Counters': 16.0}
0.06522933540472042, 0.02340892060562716, 0.06530366529199416, 0.0516294898461388, 0.05169565262832132, 0.06728675283962182, 0.025597877256524737, 0.008586239120553896, 0.0516294898461388, 0.05252188736490748, 0.030368608200511682, 0.07342319026494004, 0.05896302441698942, 0.08533787863612297, 0.0968530019712015, 0.08243577024755122, 0.0812022930997166, 0.0381354535975994, 0.05504432310620622, 0.06610529136170162
0.0658104419708252, 0.051782846450805664, 0.053545236587524414, 0.05108952522277832, 0.05709242820739746, 0.06588244438171387, 0.07071566581726074, 0.06833028793334961, 0.06787109375, 0.23329734802246094, 0.06949710845947266, 0.06910061836242676, 0.06616926193237305, 0.07070660591125488, 0.07524561882019043, 0.07241392135620117, 0.06464242935180664, 0.06829619407653809, 0.07478785514831543, 0.06864786148071289