{'Spout_wait': 3.0, 'Spliters': 5.0, 'Counters': 16.0}, {'Spout_wait': 8.0, 'Spliters': 6.0, 'Counters': 18.0}, {'Spout_wait': 3.0, 'Spliters': 3.0, 'Counters': 15.0}, {'Spout_wait': 10.0, 'Spliters': 6.0, 'Counters': 12.0}, {'Spout_wait': 10.0, 'Spliters': 4.0, 'Counters': 16.0}, {'Spout_wait': 5.0, 'Spliters': 3.0, 'Counters': 15.0}, {'Spout_wait': 6.0, 'Spliters': 6.0, 'Counters': 17.0}, {'Spout_wait': 10.0, 'Spliters': 6.0, 'Counters': 16.0}, {'Spout_wait': 6.0, 'Spliters': 6.0, 'Counters': 15.0}, {'Spout_wait': 3.0, 'Spliters': 6.0, 'Counters': 18.0}, {'Spout_wait': 10.0, 'Spliters': 4.0, 'Counters': 15.0}, {'Spout_wait': 100.0, 'Spliters': 4.0, 'Counters': 18.0}, {'Spout_wait': 9.0, 'Spliters': 6.0, 'Counters': 16.0}, {'Spout_wait': 2.0, 'Spliters': 6.0, 'Counters': 15.0}, {'Spout_wait': 10.0, 'Spliters': 2.0, 'Counters': 14.0}, {'Spout_wait': 5.0, 'Spliters': 3.0, 'Counters': 15.0}, {'Spout_wait': 9.0, 'Spliters': 4.0, 'Counters': 15.0}, {'Spout_wait': 8.0, 'Spliters': 4.0, 'Counters': 17.0}, {'Spout_wait': 6.0, 'Spliters': 4.0, 'Counters': 17.0}, {'Spout_wait': 9.0, 'Spliters': 3.0, 'Counters': 16.0}
0.09648484901296717, 0.02340892060562716, 0.06530366529199416, 0.059561592720216106, 0.07739417901803258, 0.08243577024755122, 0.025597877256524737, 0.06216759832061325, 0.0516294898461388, 0.05630847554506302, 0.030368608200511682, 0.08075541555367971, 0.05896302441698942, 0.09037721671244892, 0.0968530019712015, 0.08243577024755122, 0.0812022930997166, 0.0381354535975994, 0.05504432310620622, 0.06610529136170162
0.05456709861755371, 0.04033017158508301, 0.04416322708129883, 0.04222893714904785, 0.04116392135620117, 0.03712940216064453, 0.0394442081451416, 0.048815011978149414, 0.04848194122314453, 0.057276248931884766, 0.17168140411376953, 0.21219992637634277, 0.045143842697143555, 0.040315866470336914, 0.04161429405212402, 0.05248451232910156, 0.0446774959564209, 0.0431971549987793, 0.044189453125, 0.04389023780822754