{'Spout_wait': 9.0, 'Spliters': 3.0, 'Counters': 17.0}, {'Spout_wait': 10.0, 'Spliters': 6.0, 'Counters': 17.0}, {'Spout_wait': 10.0, 'Spliters': 6.0, 'Counters': 17.0}, {'Spout_wait': 9.0, 'Spliters': 5.0, 'Counters': 17.0}, {'Spout_wait': 10.0, 'Spliters': 6.0, 'Counters': 17.0}, {'Spout_wait': 10.0, 'Spliters': 6.0, 'Counters': 17.0}, {'Spout_wait': 8.0, 'Spliters': 6.0, 'Counters': 17.0}, {'Spout_wait': 10.0, 'Spliters': 6.0, 'Counters': 17.0}, {'Spout_wait': 9.0, 'Spliters': 3.0, 'Counters': 17.0}, {'Spout_wait': 9.0, 'Spliters': 3.0, 'Counters': 17.0}, {'Spout_wait': 10.0, 'Spliters': 4.0, 'Counters': 15.0}, {'Spout_wait': 9.0, 'Spliters': 6.0, 'Counters': 17.0}, {'Spout_wait': 9.0, 'Spliters': 3.0, 'Counters': 17.0}, {'Spout_wait': 10.0, 'Spliters': 6.0, 'Counters': 17.0}, {'Spout_wait': 8.0, 'Spliters': 6.0, 'Counters': 18.0}, {'Spout_wait': 10.0, 'Spliters': 6.0, 'Counters': 17.0}, {'Spout_wait': 8.0, 'Spliters': 6.0, 'Counters': 17.0}, {'Spout_wait': 10.0, 'Spliters': 6.0, 'Counters': 17.0}, {'Spout_wait': 9.0, 'Spliters': 3.0, 'Counters': 17.0}, {'Spout_wait': 9.0, 'Spliters': 3.0, 'Counters': 17.0}
0.020033994250278075, 0.000747363758841324, 0.000747363758841324, 0.020466796587967684, 0.000747363758841324, 0.000747363758841324, 0.006111178207122481, 0.000747363758841324, 0.020033994250278075, 0.020033994250278075, 0.030368608200511682, 0.008586239120553896, 0.020033994250278075, 0.000747363758841324, 0.02340892060562716, 0.000747363758841324, 0.006111178207122481, 0.000747363758841324, 0.020033994250278075, 0.020033994250278075
0.6444649696350098, 0.6319446563720703, 0.6938600540161133, 0.630927324295044, 0.6286623477935791, 0.6326072216033936, 1.2190721035003662, 1.234543800354004, 0.6256377696990967, 0.7849030494689941, 0.7162322998046875, 0.7721223831176758, 0.6168739795684814, 0.6163060665130615, 0.634026288986206, 0.6176464557647705, 0.6219222545623779, 0.609429121017456, 0.6380152702331543, 0.7711765766143799