{'Spout_wait': 5.0, 'Spliters': 5.0, 'Counters': 17.0}, {'Spout_wait': 4.0, 'Spliters': 6.0, 'Counters': 14.0}, {'Spout_wait': 2.0, 'Spliters': 5.0, 'Counters': 2.0}, {'Spout_wait': 3.0, 'Spliters': 6.0, 'Counters': 1.0}, {'Spout_wait': 3.0, 'Spliters': 5.0, 'Counters': 15.0}, {'Spout_wait': 5.0, 'Spliters': 4.0, 'Counters': 15.0}, {'Spout_wait': 5.0, 'Spliters': 5.0, 'Counters': 10.0}, {'Spout_wait': 5.0, 'Spliters': 6.0, 'Counters': 2.0}, {'Spout_wait': 5.0, 'Spliters': 4.0, 'Counters': 1.0}, {'Spout_wait': 6.0, 'Spliters': 5.0, 'Counters': 1.0}, {'Spout_wait': 3.0, 'Spliters': 4.0, 'Counters': 18.0}, {'Spout_wait': 6.0, 'Spliters': 4.0, 'Counters': 2.0}, {'Spout_wait': 6.0, 'Spliters': 5.0, 'Counters': 1.0}, {'Spout_wait': 3.0, 'Spliters': 5.0, 'Counters': 15.0}, {'Spout_wait': 4.0, 'Spliters': 5.0, 'Counters': 3.0}, {'Spout_wait': 6.0, 'Spliters': 4.0, 'Counters': 1.0}, {'Spout_wait': 3.0, 'Spliters': 5.0, 'Counters': 15.0}, {'Spout_wait': 3.0, 'Spliters': 4.0, 'Counters': 15.0}, {'Spout_wait': 5.0, 'Spliters': 6.0, 'Counters': 16.0}, {'Spout_wait': 5.0, 'Spliters': 6.0, 'Counters': 14.0}
0.06796515301188721, 0.07305533855603463, 0.0714984759902183, 0.06095920606992189, 0.07209710043164075, 0.07173785106193742, 0.04293529150197439, 0.085690071643867, 0.05485197085539084, 0.06185809585680524, 0.06347431254953839, 0.06473198371359523, 0.06185809585680524, 0.07209710043164075, 0.08066079177732266, 0.0528754203724453, 0.07209710043164075, 0.050780020257953695, 0.05281542808411355, 0.05053990568724742
0.19859623908996582, 0.7678966522216797, 0.06344103813171387, 0.06295084953308105, 0.14929485321044922, 0.13379549980163574, 0.05477499961853027, 0.05484580993652344, 0.05046892166137695, 0.05897951126098633, 0.06570696830749512, 0.06443142890930176, 0.282961368560791, 0.059884071350097656, 0.05431842803955078, 0.04748702049255371, 0.04804635047912598, 0.05008077621459961, 0.04718899726867676, 0.04932284355163574