{'Spout_wait': 5.0, 'Spliters': 5.0, 'Counters': 1.0}, {'Spout_wait': 5.0, 'Spliters': 5.0, 'Counters': 1.0}, {'Spout_wait': 3.0, 'Spliters': 4.0, 'Counters': 15.0}, {'Spout_wait': 5.0, 'Spliters': 5.0, 'Counters': 1.0}, {'Spout_wait': 2.0, 'Spliters': 5.0, 'Counters': 14.0}, {'Spout_wait': 5.0, 'Spliters': 6.0, 'Counters': 14.0}, {'Spout_wait': 5.0, 'Spliters': 5.0, 'Counters': 10.0}, {'Spout_wait': 2.0, 'Spliters': 4.0, 'Counters': 10.0}, {'Spout_wait': 5.0, 'Spliters': 5.0, 'Counters': 1.0}, {'Spout_wait': 5.0, 'Spliters': 5.0, 'Counters': 4.0}, {'Spout_wait': 3.0, 'Spliters': 4.0, 'Counters': 15.0}, {'Spout_wait': 5.0, 'Spliters': 5.0, 'Counters': 1.0}, {'Spout_wait': 5.0, 'Spliters': 6.0, 'Counters': 14.0}, {'Spout_wait': 6.0, 'Spliters': 3.0, 'Counters': 1.0}, {'Spout_wait': 5.0, 'Spliters': 5.0, 'Counters': 1.0}, {'Spout_wait': 5.0, 'Spliters': 5.0, 'Counters': 1.0}, {'Spout_wait': 3.0, 'Spliters': 4.0, 'Counters': 15.0}, {'Spout_wait': 6.0, 'Spliters': 3.0, 'Counters': 1.0}, {'Spout_wait': 5.0, 'Spliters': 6.0, 'Counters': 14.0}, {'Spout_wait': 5.0, 'Spliters': 6.0, 'Counters': 14.0}
4.1023799471462397e-05, 4.1023799471462397e-05, 0.050780020257953695, 4.1023799471462397e-05, 0.04724666887988782, 0.05053990568724742, 0.04293529150197439, 0.054792021290341, 4.1023799471462397e-05, 0.054612027473105784, 0.050780020257953695, 4.1023799471462397e-05, 0.05053990568724742, 0.04227664546194576, 4.1023799471462397e-05, 4.1023799471462397e-05, 0.050780020257953695, 0.04227664546194576, 0.05053990568724742, 0.05053990568724742
1.0343883037567139, 1.8800618648529053, 0.8085174560546875, 0.8108377456665039, 0.812493085861206, 0.8133141994476318, 0.8220641613006592, 0.8125655651092529, 0.8220140933990479, 0.8223316669464111, 0.8078572750091553, 0.8129255771636963, 0.8079018592834473, 0.8156740665435791, 0.8116061687469482, 0.8109538555145264, 0.8076090812683105, 0.817427396774292, 0.811917781829834, 0.8140220642089844