{'Spout_wait': 1.0, 'Spliters': 5.0, 'Counters': 18.0}, {'Spout_wait': 4.0, 'Spliters': 6.0, 'Counters': 14.0}, {'Spout_wait': 3.0, 'Spliters': 6.0, 'Counters': 18.0}, {'Spout_wait': 3.0, 'Spliters': 6.0, 'Counters': 1.0}, {'Spout_wait': 6.0, 'Spliters': 4.0, 'Counters': 8.0}, {'Spout_wait': 5.0, 'Spliters': 4.0, 'Counters': 15.0}, {'Spout_wait': 5.0, 'Spliters': 5.0, 'Counters': 10.0}, {'Spout_wait': 5.0, 'Spliters': 6.0, 'Counters': 2.0}, {'Spout_wait': 3.0, 'Spliters': 5.0, 'Counters': 13.0}, {'Spout_wait': 2.0, 'Spliters': 4.0, 'Counters': 5.0}, {'Spout_wait': 2.0, 'Spliters': 4.0, 'Counters': 3.0}, {'Spout_wait': 6.0, 'Spliters': 4.0, 'Counters': 13.0}, {'Spout_wait': 6.0, 'Spliters': 5.0, 'Counters': 1.0}, {'Spout_wait': 3.0, 'Spliters': 5.0, 'Counters': 16.0}, {'Spout_wait': 4.0, 'Spliters': 5.0, 'Counters': 3.0}, {'Spout_wait': 6.0, 'Spliters': 4.0, 'Counters': 1.0}, {'Spout_wait': 3.0, 'Spliters': 5.0, 'Counters': 15.0}, {'Spout_wait': 3.0, 'Spliters': 4.0, 'Counters': 15.0}, {'Spout_wait': 5.0, 'Spliters': 6.0, 'Counters': 16.0}, {'Spout_wait': 5.0, 'Spliters': 6.0, 'Counters': 14.0}
0.08527108037540998, 0.07305533855603463, 0.08862460786000748, 0.06095920606992189, 0.09509176255308016, 0.07173785106193742, 0.04293529150197439, 0.085690071643867, 0.1202483506372426, 0.0955709993474343, 0.12232090624532077, 0.06622868155999706, 0.06185809585680524, 0.0877261627975725, 0.08066079177732266, 0.0528754203724453, 0.07209710043164075, 0.050780020257953695, 0.05281542808411355, 0.05053990568724742
0.040586233139038086, 0.10018110275268555, 0.01928997039794922, 0.016809701919555664, 0.01592087745666504, 0.01922130584716797, 0.018271923065185547, 0.01767253875732422, 0.0176088809967041, 0.017670869827270508, 0.015996694564819336, 0.017419815063476562, 0.016513824462890625, 0.0168154239654541, 0.01716446876525879, 0.017200231552124023, 0.017297029495239258, 0.016726970672607422, 0.01631331443786621, 0.01677393913269043