{'Spout_wait': 5.0, 'Spliters': 5.0, 'Counters': 17.0}, {'Spout_wait': 5.0, 'Spliters': 5.0, 'Counters': 1.0}, {'Spout_wait': 5.0, 'Spliters': 4.0, 'Counters': 16.0}, {'Spout_wait': 3.0, 'Spliters': 6.0, 'Counters': 1.0}, {'Spout_wait': 2.0, 'Spliters': 6.0, 'Counters': 18.0}, {'Spout_wait': 5.0, 'Spliters': 4.0, 'Counters': 15.0}, {'Spout_wait': 5.0, 'Spliters': 5.0, 'Counters': 10.0}, {'Spout_wait': 6.0, 'Spliters': 5.0, 'Counters': 9.0}, {'Spout_wait': 5.0, 'Spliters': 5.0, 'Counters': 1.0}, {'Spout_wait': 6.0, 'Spliters': 5.0, 'Counters': 16.0}, {'Spout_wait': 3.0, 'Spliters': 4.0, 'Counters': 18.0}, {'Spout_wait': 6.0, 'Spliters': 5.0, 'Counters': 1.0}, {'Spout_wait': 5.0, 'Spliters': 6.0, 'Counters': 14.0}, {'Spout_wait': 5.0, 'Spliters': 4.0, 'Counters': 15.0}, {'Spout_wait': 4.0, 'Spliters': 5.0, 'Counters': 3.0}, {'Spout_wait': 5.0, 'Spliters': 5.0, 'Counters': 10.0}, {'Spout_wait': 3.0, 'Spliters': 4.0, 'Counters': 15.0}, {'Spout_wait': 3.0, 'Spliters': 4.0, 'Counters': 15.0}, {'Spout_wait': 5.0, 'Spliters': 6.0, 'Counters': 16.0}, {'Spout_wait': 5.0, 'Spliters': 6.0, 'Counters': 14.0}
0.06796515301188721, 4.1023799471462397e-05, 0.06515091393206351, 0.06095920606992189, 0.05658818806113297, 0.07173785106193742, 0.04293529150197439, 0.07652877289069748, 4.1023799471462397e-05, 0.05874364051266878, 0.06347431254953839, 0.06185809585680524, 0.05053990568724742, 0.07173785106193742, 0.08066079177732266, 0.04293529150197439, 0.050780020257953695, 0.050780020257953695, 0.05281542808411355, 0.05053990568724742
0.1351175308227539, 1.1019864082336426, 0.11921334266662598, 0.11555314064025879, 0.21538734436035156, 0.2747819423675537, 0.12074804306030273, 0.11419510841369629, 0.1175379753112793, 0.11932086944580078, 0.11680197715759277, 0.11348843574523926, 0.11861753463745117, 0.2617983818054199, 0.11466836929321289, 0.11651873588562012, 0.1149287223815918, 0.11678409576416016, 0.1223292350769043, 0.11896991729736328