{'Spout_wait': 3.0, 'Spliters': 5.0, 'Counters': 15.0}, {'Spout_wait': 4.0, 'Spliters': 6.0, 'Counters': 14.0}, {'Spout_wait': 2.0, 'Spliters': 5.0, 'Counters': 2.0}, {'Spout_wait': 3.0, 'Spliters': 6.0, 'Counters': 1.0}, {'Spout_wait': 6.0, 'Spliters': 6.0, 'Counters': 16.0}, {'Spout_wait': 5.0, 'Spliters': 4.0, 'Counters': 15.0}, {'Spout_wait': 5.0, 'Spliters': 5.0, 'Counters': 10.0}, {'Spout_wait': 5.0, 'Spliters': 6.0, 'Counters': 2.0}, {'Spout_wait': 3.0, 'Spliters': 4.0, 'Counters': 10.0}, {'Spout_wait': 6.0, 'Spliters': 5.0, 'Counters': 1.0}, {'Spout_wait': 2.0, 'Spliters': 4.0, 'Counters': 1.0}, {'Spout_wait': 6.0, 'Spliters': 4.0, 'Counters': 13.0}, {'Spout_wait': 6.0, 'Spliters': 5.0, 'Counters': 1.0}, {'Spout_wait': 3.0, 'Spliters': 5.0, 'Counters': 15.0}, {'Spout_wait': 4.0, 'Spliters': 5.0, 'Counters': 3.0}, {'Spout_wait': 6.0, 'Spliters': 4.0, 'Counters': 1.0}, {'Spout_wait': 3.0, 'Spliters': 5.0, 'Counters': 15.0}, {'Spout_wait': 3.0, 'Spliters': 4.0, 'Counters': 15.0}, {'Spout_wait': 5.0, 'Spliters': 6.0, 'Counters': 16.0}, {'Spout_wait': 5.0, 'Spliters': 6.0, 'Counters': 14.0}
0.07209710043164075, 0.07305533855603463, 0.0714984759902183, 0.06095920606992189, 0.07760646753256917, 0.07173785106193742, 0.04293529150197439, 0.085690071643867, 0.09245690042438148, 0.06185809585680524, 0.08964307386192294, 0.06622868155999706, 0.06185809585680524, 0.07209710043164075, 0.08066079177732266, 0.0528754203724453, 0.07209710043164075, 0.050780020257953695, 0.05281542808411355, 0.05053990568724742
0.1421520709991455, 0.40254926681518555, 0.05331540107727051, 0.04922199249267578, 0.04989480972290039, 0.057343244552612305, 0.04921245574951172, 0.05971336364746094, 0.04440784454345703, 0.04333925247192383, 0.2470388412475586, 0.036519527435302734, 0.03831338882446289, 0.03830766677856445, 0.03692030906677246, 0.039177656173706055, 0.03662300109863281, 0.03547525405883789, 0.03969740867614746, 0.03817939758300781