{'Spout_wait': 4.0, 'Spliters': 5.0, 'Counters': 10.0}, {'Spout_wait': 5.0, 'Spliters': 5.0, 'Counters': 1.0}, {'Spout_wait': 5.0, 'Spliters': 4.0, 'Counters': 16.0}, {'Spout_wait': 5.0, 'Spliters': 4.0, 'Counters': 1.0}, {'Spout_wait': 2.0, 'Spliters': 6.0, 'Counters': 18.0}, {'Spout_wait': 5.0, 'Spliters': 6.0, 'Counters': 16.0}, {'Spout_wait': 5.0, 'Spliters': 5.0, 'Counters': 10.0}, {'Spout_wait': 2.0, 'Spliters': 4.0, 'Counters': 10.0}, {'Spout_wait': 5.0, 'Spliters': 5.0, 'Counters': 1.0}, {'Spout_wait': 6.0, 'Spliters': 5.0, 'Counters': 16.0}, {'Spout_wait': 3.0, 'Spliters': 4.0, 'Counters': 18.0}, {'Spout_wait': 5.0, 'Spliters': 5.0, 'Counters': 1.0}, {'Spout_wait': 5.0, 'Spliters': 6.0, 'Counters': 14.0}, {'Spout_wait': 6.0, 'Spliters': 3.0, 'Counters': 2.0}, {'Spout_wait': 4.0, 'Spliters': 5.0, 'Counters': 15.0}, {'Spout_wait': 5.0, 'Spliters': 5.0, 'Counters': 10.0}, {'Spout_wait': 3.0, 'Spliters': 4.0, 'Counters': 15.0}, {'Spout_wait': 6.0, 'Spliters': 3.0, 'Counters': 1.0}, {'Spout_wait': 5.0, 'Spliters': 6.0, 'Counters': 14.0}, {'Spout_wait': 5.0, 'Spliters': 6.0, 'Counters': 14.0}
0.04928309323600877, 4.1023799471462397e-05, 0.06515091393206351, 0.05485197085539084, 0.05658818806113297, 0.05281542808411355, 0.04293529150197439, 0.054792021290341, 4.1023799471462397e-05, 0.05874364051266878, 0.06347431254953839, 4.1023799471462397e-05, 0.05053990568724742, 0.05413328559005237, 0.05317513139432972, 0.04293529150197439, 0.050780020257953695, 0.04227664546194576, 0.05053990568724742, 0.05053990568724742
0.35944104194641113, 0.44033074378967285, 0.3624382019042969, 0.35726118087768555, 0.3647732734680176, 0.353759765625, 0.35782289505004883, 0.36548590660095215, 0.3478810787200928, 0.3563048839569092, 0.5831687450408936, 0.34716057777404785, 0.5097551345825195, 0.6306281089782715, 0.35491013526916504, 0.35474705696105957, 0.36284661293029785, 0.348175048828125, 0.3506481647491455, 0.3448340892791748