{'Max_spout': 1000.0, 'Spliters': 2.0, 'Counters': 15.0}, {'Max_spout': 1000.0, 'Spliters': 2.0, 'Counters': 15.0}, {'Max_spout': 10000.0, 'Spliters': 2.0, 'Counters': 12.0}, {'Max_spout': 1000000.0, 'Spliters': 2.0, 'Counters': 18.0}, {'Max_spout': 1000.0, 'Spliters': 2.0, 'Counters': 15.0}, {'Max_spout': 1000000.0, 'Spliters': 2.0, 'Counters': 18.0}, {'Max_spout': 10000.0, 'Spliters': 2.0, 'Counters': 12.0}, {'Max_spout': 10000.0, 'Spliters': 2.0, 'Counters': 12.0}, {'Max_spout': 10000.0, 'Spliters': 2.0, 'Counters': 12.0}, {'Max_spout': 1000.0, 'Spliters': 2.0, 'Counters': 15.0}, {'Max_spout': 1000000.0, 'Spliters': 2.0, 'Counters': 18.0}, {'Max_spout': 10000.0, 'Spliters': 2.0, 'Counters': 15.0}, {'Max_spout': 1000000.0, 'Spliters': 2.0, 'Counters': 18.0}, {'Max_spout': 1000000.0, 'Spliters': 2.0, 'Counters': 18.0}, {'Max_spout': 10000.0, 'Spliters': 2.0, 'Counters': 9.0}, {'Max_spout': 10000.0, 'Spliters': 2.0, 'Counters': 9.0}, {'Max_spout': 1000000.0, 'Spliters': 1.0, 'Counters': 9.0}, {'Max_spout': 1000000.0, 'Spliters': 1.0, 'Counters': 9.0}, {'Max_spout': 100000.0, 'Spliters': 6.0, 'Counters': 1.0}, {'Max_spout': 1000.0, 'Spliters': 2.0, 'Counters': 15.0}
0.36892976043895076, 0.36892976043895076, 0.3482003422813653, 0.3164259069728935, 0.36892976043895076, 0.3164259069728935, 0.3482003422813653, 0.3482003422813653, 0.3482003422813653, 0.36892976043895076, 0.3164259069728935, 0.37396253693787807, 0.3164259069728935, 0.3164259069728935, 0.40832520008941975, 0.40832520008941975, 0.32012653299473015, 0.32012653299473015, 0.3984556230484778, 0.36892976043895076
0.16733789443969727, 0.15656328201293945, 0.5398023128509521, 0.14193940162658691, 0.13778424263000488, 0.1818218231201172, 0.13676166534423828, 0.13461732864379883, 0.1426382064819336, 0.13892436027526855, 0.1351611614227295, 0.1378946304321289, 0.138139009475708, 0.13735246658325195, 0.136796236038208, 0.13473248481750488, 0.1947929859161377, 0.13612151145935059, 0.1348872184753418, 0.1349315643310547