{'Max_spout': 1000.0, 'Spliters': 2.0, 'Counters': 18.0}, {'Max_spout': 10000.0, 'Spliters': 2.0, 'Counters': 15.0}, {'Max_spout': 100000.0, 'Spliters': 1.0, 'Counters': 9.0}, {'Max_spout': 1000000.0, 'Spliters': 2.0, 'Counters': 18.0}, {'Max_spout': 1000.0, 'Spliters': 2.0, 'Counters': 18.0}, {'Max_spout': 1000.0, 'Spliters': 2.0, 'Counters': 18.0}, {'Max_spout': 10000.0, 'Spliters': 2.0, 'Counters': 12.0}, {'Max_spout': 1000000.0, 'Spliters': 1.0, 'Counters': 6.0}, {'Max_spout': 10000.0, 'Spliters': 2.0, 'Counters': 18.0}, {'Max_spout': 1000.0, 'Spliters': 2.0, 'Counters': 15.0}, {'Max_spout': 100000.0, 'Spliters': 1.0, 'Counters': 9.0}, {'Max_spout': 1000.0, 'Spliters': 6.0, 'Counters': 12.0}, {'Max_spout': 1000.0, 'Spliters': 2.0, 'Counters': 18.0}, {'Max_spout': 1000000.0, 'Spliters': 6.0, 'Counters': 12.0}, {'Max_spout': 100000.0, 'Spliters': 2.0, 'Counters': 12.0}, {'Max_spout': 10000.0, 'Spliters': 2.0, 'Counters': 9.0}, {'Max_spout': 1000000.0, 'Spliters': 1.0, 'Counters': 6.0}, {'Max_spout': 1000000.0, 'Spliters': 1.0, 'Counters': 9.0}, {'Max_spout': 100000.0, 'Spliters': 6.0, 'Counters': 1.0}, {'Max_spout': 1000.0, 'Spliters': 2.0, 'Counters': 18.0}
0.37732074296275253, 0.37396253693787807, 0.35166741075975727, 0.3164259069728935, 0.37732074296275253, 0.37732074296275253, 0.3482003422813653, 0.36846990554864756, 0.38803073678533906, 0.36892976043895076, 0.35166741075975727, 0.4484068363379843, 0.37732074296275253, 0.44984553552444706, 0.4409963825425648, 0.40832520008941975, 0.36846990554864756, 0.32012653299473015, 0.3984556230484778, 0.37732074296275253
0.07425832748413086, 0.11081838607788086, 0.07227015495300293, 0.0444636344909668, 0.04297780990600586, 0.04294180870056152, 0.04512667655944824, 0.042122840881347656, 0.04522085189819336, 0.04243206977844238, 0.041928768157958984, 0.043639421463012695, 0.041120290756225586, 0.04169869422912598, 0.042784690856933594, 0.04230070114135742, 0.042893409729003906, 0.0434267520904541, 0.044825077056884766, 0.043337106704711914