{'Max_spout': 1000.0, 'Spliters': 2.0, 'Counters': 18.0}, {'Max_spout': 100000.0, 'Spliters': 2.0, 'Counters': 9.0}, {'Max_spout': 100000.0, 'Spliters': 1.0, 'Counters': 9.0}, {'Max_spout': 1000000.0, 'Spliters': 2.0, 'Counters': 18.0}, {'Max_spout': 1000.0, 'Spliters': 2.0, 'Counters': 18.0}, {'Max_spout': 1000.0, 'Spliters': 2.0, 'Counters': 18.0}, {'Max_spout': 10000.0, 'Spliters': 2.0, 'Counters': 12.0}, {'Max_spout': 1000000.0, 'Spliters': 1.0, 'Counters': 6.0}, {'Max_spout': 100.0, 'Spliters': 2.0, 'Counters': 9.0}, {'Max_spout': 1000.0, 'Spliters': 2.0, 'Counters': 12.0}, {'Max_spout': 100000.0, 'Spliters': 1.0, 'Counters': 9.0}, {'Max_spout': 1000.0, 'Spliters': 6.0, 'Counters': 12.0}, {'Max_spout': 10000.0, 'Spliters': 6.0, 'Counters': 18.0}, {'Max_spout': 10000.0, 'Spliters': 6.0, 'Counters': 12.0}, {'Max_spout': 1000.0, 'Spliters': 6.0, 'Counters': 3.0}, {'Max_spout': 10000.0, 'Spliters': 2.0, 'Counters': 9.0}, {'Max_spout': 1000000.0, 'Spliters': 1.0, 'Counters': 6.0}, {'Max_spout': 1000000.0, 'Spliters': 1.0, 'Counters': 9.0}, {'Max_spout': 100000.0, 'Spliters': 6.0, 'Counters': 12.0}, {'Max_spout': 1000.0, 'Spliters': 2.0, 'Counters': 18.0}
0.37732074296275253, 0.4432542580854002, 0.35166741075975727, 0.3164259069728935, 0.37732074296275253, 0.37732074296275253, 0.3482003422813653, 0.36846990554864756, 0.467081405965204, 0.38207560321211176, 0.35166741075975727, 0.4484068363379843, 0.44889835309221016, 0.4555332964187899, 0.4961144216600044, 0.40832520008941975, 0.36846990554864756, 0.32012653299473015, 0.4516582690455384, 0.37732074296275253
0.06450414657592773, 0.017490625381469727, 0.025049686431884766, 0.015105009078979492, 0.014385700225830078, 0.014590978622436523, 0.013142585754394531, 0.014401674270629883, 0.015775680541992188, 0.014667987823486328, 0.016733884811401367, 0.014213085174560547, 0.014905452728271484, 0.014441251754760742, 0.014531135559082031, 0.017235755920410156, 0.01451563835144043, 0.015247344970703125, 0.01457071304321289, 0.015298128128051758