{'Max_spout': 1000.0, 'Spliters': 2.0, 'Counters': 12.0}, {'Max_spout': 1000000.0, 'Spliters': 6.0, 'Counters': 12.0}, {'Max_spout': 100000.0, 'Spliters': 1.0, 'Counters': 9.0}, {'Max_spout': 1000000.0, 'Spliters': 2.0, 'Counters': 18.0}, {'Max_spout': 1000.0, 'Spliters': 1.0, 'Counters': 9.0}, {'Max_spout': 1000000.0, 'Spliters': 6.0, 'Counters': 1.0}, {'Max_spout': 10000.0, 'Spliters': 2.0, 'Counters': 12.0}, {'Max_spout': 1000.0, 'Spliters': 2.0, 'Counters': 6.0}, {'Max_spout': 10000.0, 'Spliters': 1.0, 'Counters': 9.0}, {'Max_spout': 10000.0, 'Spliters': 1.0, 'Counters': 9.0}, {'Max_spout': 100000.0, 'Spliters': 1.0, 'Counters': 9.0}, {'Max_spout': 1000.0, 'Spliters': 1.0, 'Counters': 9.0}, {'Max_spout': 100.0, 'Spliters': 6.0, 'Counters': 6.0}, {'Max_spout': 1000.0, 'Spliters': 6.0, 'Counters': 6.0}, {'Max_spout': 10.0, 'Spliters': 3.0, 'Counters': 6.0}, {'Max_spout': 10000.0, 'Spliters': 2.0, 'Counters': 9.0}, {'Max_spout': 1000000.0, 'Spliters': 1.0, 'Counters': 6.0}, {'Max_spout': 10.0, 'Spliters': 3.0, 'Counters': 18.0}, {'Max_spout': 100.0, 'Spliters': 2.0, 'Counters': 9.0}, {'Max_spout': 1000.0, 'Spliters': 2.0, 'Counters': 18.0}
0.38207560321211176, 0.44984553552444706, 0.35166741075975727, 0.3164259069728935, 0.4676862314673944, 0.40357683359835317, 0.3482003422813653, 0.4574555529336537, 0.5235988987260785, 0.5235988987260785, 0.35166741075975727, 0.4676862314673944, 0.5056609827861955, 0.46102757153250495, 0.5725435575177117, 0.40832520008941975, 0.36846990554864756, 0.567925441114617, 0.467081405965204, 0.37732074296275253
0.030682086944580078, 0.019754648208618164, 0.038277626037597656, 0.031243085861206055, 0.025353193283081055, 0.06247878074645996, 0.019557952880859375, 0.013812541961669922, 0.012736320495605469, 0.0121307373046875, 0.01232290267944336, 0.012745141983032227, 0.012645721435546875, 0.010226964950561523, 0.010555744171142578, 0.01013326644897461, 0.010350704193115234, 0.012415170669555664, 0.010443925857543945, 0.012605428695678711