{'Max_spout': 1000.0, 'Spliters': 2.0, 'Counters': 18.0}, {'Max_spout': 10000.0, 'Spliters': 2.0, 'Counters': 15.0}, {'Max_spout': 100000.0, 'Spliters': 1.0, 'Counters': 9.0}, {'Max_spout': 1000000.0, 'Spliters': 2.0, 'Counters': 18.0}, {'Max_spout': 1000.0, 'Spliters': 2.0, 'Counters': 18.0}, {'Max_spout': 1000.0, 'Spliters': 2.0, 'Counters': 18.0}, {'Max_spout': 10000.0, 'Spliters': 2.0, 'Counters': 12.0}, {'Max_spout': 1000000.0, 'Spliters': 1.0, 'Counters': 6.0}, {'Max_spout': 10000.0, 'Spliters': 2.0, 'Counters': 18.0}, {'Max_spout': 1000.0, 'Spliters': 2.0, 'Counters': 15.0}, {'Max_spout': 100000.0, 'Spliters': 1.0, 'Counters': 9.0}, {'Max_spout': 10000.0, 'Spliters': 2.0, 'Counters': 18.0}, {'Max_spout': 1000.0, 'Spliters': 2.0, 'Counters': 18.0}, {'Max_spout': 1000000.0, 'Spliters': 2.0, 'Counters': 18.0}, {'Max_spout': 10000.0, 'Spliters': 2.0, 'Counters': 9.0}, {'Max_spout': 10000.0, 'Spliters': 2.0, 'Counters': 9.0}, {'Max_spout': 1000000.0, 'Spliters': 1.0, 'Counters': 6.0}, {'Max_spout': 1000000.0, 'Spliters': 1.0, 'Counters': 9.0}, {'Max_spout': 100000.0, 'Spliters': 6.0, 'Counters': 1.0}, {'Max_spout': 1000.0, 'Spliters': 2.0, 'Counters': 18.0}
0.37732074296275253, 0.37396253693787807, 0.35166741075975727, 0.3164259069728935, 0.37732074296275253, 0.37732074296275253, 0.3482003422813653, 0.36846990554864756, 0.38803073678533906, 0.36892976043895076, 0.35166741075975727, 0.38803073678533906, 0.37732074296275253, 0.3164259069728935, 0.40832520008941975, 0.40832520008941975, 0.36846990554864756, 0.32012653299473015, 0.3984556230484778, 0.37732074296275253
0.12535548210144043, 0.07565999031066895, 0.10113787651062012, 0.08383822441101074, 0.0663459300994873, 0.08211159706115723, 0.07400298118591309, 0.42369818687438965, 0.06713485717773438, 0.07983040809631348, 0.07432293891906738, 0.06632304191589355, 0.07780933380126953, 0.21589922904968262, 0.44335079193115234, 0.06380987167358398, 0.06988072395324707, 0.07429027557373047, 0.06051754951477051, 0.06864714622497559