{'Max_spout': 1000.0, 'Spliters': 1.0, 'Counters': 14.0}, {'Max_spout': 1000000.0, 'Spliters': 4.0, 'Counters': 11.0}, {'Max_spout': 1000.0, 'Spliters': 2.0, 'Counters': 7.0}, {'Max_spout': 100000.0, 'Spliters': 3.0, 'Counters': 10.0}, {'Max_spout': 1000.0, 'Spliters': 2.0, 'Counters': 17.0}, {'Max_spout': 10000.0, 'Spliters': 2.0, 'Counters': 14.0}, {'Max_spout': 10000.0, 'Spliters': 6.0, 'Counters': 1.0}, {'Max_spout': 1000.0, 'Spliters': 5.0, 'Counters': 18.0}, {'Max_spout': 1000000.0, 'Spliters': 2.0, 'Counters': 13.0}, {'Max_spout': 10.0, 'Spliters': 5.0, 'Counters': 16.0}, {'Max_spout': 1000000.0, 'Spliters': 3.0, 'Counters': 8.0}, {'Max_spout': 100.0, 'Spliters': 4.0, 'Counters': 14.0}, {'Max_spout': 100.0, 'Spliters': 3.0, 'Counters': 5.0}, {'Max_spout': 100000.0, 'Spliters': 4.0, 'Counters': 15.0}, {'Max_spout': 10000.0, 'Spliters': 2.0, 'Counters': 17.0}, {'Max_spout': 1000.0, 'Spliters': 4.0, 'Counters': 16.0}, {'Max_spout': 1000.0, 'Spliters': 2.0, 'Counters': 17.0}, {'Max_spout': 100000.0, 'Spliters': 1.0, 'Counters': 16.0}, {'Max_spout': 1000.0, 'Spliters': 5.0, 'Counters': 13.0}, {'Max_spout': 10000.0, 'Spliters': 1.0, 'Counters': 18.0}
0.21626152942507804, 0.3189282064389407, 0.3025108134947627, 0.308171405419183, 0.20413732624457137, 0.15332396214456634, 0.3049403342160628, 0.2812314825436557, 0.1753336643562795, 0.5145270252993613, 0.29041634571915975, 0.34806704603764005, 0.36934666511971015, 0.3098017507375903, 0.13361873109709843, 0.27304161852098785, 0.20413732624457137, 0.270247788790447, 0.2781926838540735, 0.24324610341910924
0.03010416030883789, 0.025529146194458008, 0.03415536880493164, 0.028721332550048828, 0.031493425369262695, 0.03820157051086426, 0.024146080017089844, 0.032826900482177734, 0.029110431671142578, 0.08067035675048828, 0.030383586883544922, 0.029471635818481445, 0.028397560119628906, 0.028369665145874023, 0.030538558959960938, 0.03147387504577637, 0.03152632713317871, 0.028543472290039062, 0.026632070541381836, 0.03235745429992676