{'Max_spout': 1000000.0, 'Spliters': 2.0, 'Counters': 18.0}, {'Max_spout': 10000.0, 'Spliters': 2.0, 'Counters': 15.0}, {'Max_spout': 10000.0, 'Spliters': 2.0, 'Counters': 15.0}, {'Max_spout': 100000.0, 'Spliters': 2.0, 'Counters': 17.0}, {'Max_spout': 10000.0, 'Spliters': 2.0, 'Counters': 15.0}, {'Max_spout': 1000000.0, 'Spliters': 2.0, 'Counters': 18.0}, {'Max_spout': 10000.0, 'Spliters': 2.0, 'Counters': 15.0}, {'Max_spout': 10000.0, 'Spliters': 2.0, 'Counters': 15.0}, {'Max_spout': 10000.0, 'Spliters': 2.0, 'Counters': 15.0}, {'Max_spout': 1000000.0, 'Spliters': 2.0, 'Counters': 18.0}, {'Max_spout': 100000.0, 'Spliters': 2.0, 'Counters': 17.0}, {'Max_spout': 10000.0, 'Spliters': 2.0, 'Counters': 15.0}, {'Max_spout': 10000.0, 'Spliters': 2.0, 'Counters': 15.0}, {'Max_spout': 100000.0, 'Spliters': 2.0, 'Counters': 17.0}, {'Max_spout': 10000.0, 'Spliters': 2.0, 'Counters': 15.0}, {'Max_spout': 10000.0, 'Spliters': 2.0, 'Counters': 15.0}, {'Max_spout': 10000.0, 'Spliters': 2.0, 'Counters': 17.0}, {'Max_spout': 10000.0, 'Spliters': 2.0, 'Counters': 15.0}, {'Max_spout': 100000.0, 'Spliters': 2.0, 'Counters': 17.0}, {'Max_spout': 10000.0, 'Spliters': 2.0, 'Counters': 18.0}
0.13380251720146819, 0.12284324324612461, 0.12284324324612461, 0.12371969767889157, 0.12284324324612461, 0.13380251720146819, 0.12284324324612461, 0.12284324324612461, 0.12284324324612461, 0.13380251720146819, 0.12371969767889157, 0.12284324324612461, 0.12284324324612461, 0.12371969767889157, 0.12284324324612461, 0.12284324324612461, 0.13361873109709843, 0.12284324324612461, 0.12371969767889157, 0.13646979561984285
0.5161354541778564, 0.3436906337738037, 0.34327149391174316, 0.35644102096557617, 0.34198999404907227, 0.34213852882385254, 0.342334508895874, 0.34281396865844727, 0.33800649642944336, 0.446260929107666, 0.4166390895843506, 0.33815765380859375, 0.33659815788269043, 0.3393673896789551, 0.3336300849914551, 0.3355100154876709, 0.3344864845275879, 0.33921289443969727, 0.3393843173980713, 0.4453456401824951