{'Max_spout': 10000.0, 'Spliters': 2.0, 'Counters': 18.0}, {'Max_spout': 10000.0, 'Spliters': 2.0, 'Counters': 15.0}, {'Max_spout': 10000.0, 'Spliters': 2.0, 'Counters': 15.0}, {'Max_spout': 100000.0, 'Spliters': 2.0, 'Counters': 17.0}, {'Max_spout': 10000.0, 'Spliters': 2.0, 'Counters': 15.0}, {'Max_spout': 1000000.0, 'Spliters': 2.0, 'Counters': 18.0}, {'Max_spout': 10000.0, 'Spliters': 2.0, 'Counters': 17.0}, {'Max_spout': 10000.0, 'Spliters': 2.0, 'Counters': 15.0}, {'Max_spout': 10000.0, 'Spliters': 2.0, 'Counters': 17.0}, {'Max_spout': 10000.0, 'Spliters': 2.0, 'Counters': 16.0}, {'Max_spout': 10000.0, 'Spliters': 1.0, 'Counters': 11.0}, {'Max_spout': 10000.0, 'Spliters': 2.0, 'Counters': 15.0}, {'Max_spout': 10000.0, 'Spliters': 2.0, 'Counters': 15.0}, {'Max_spout': 10000.0, 'Spliters': 2.0, 'Counters': 14.0}, {'Max_spout': 100000.0, 'Spliters': 2.0, 'Counters': 17.0}, {'Max_spout': 10000.0, 'Spliters': 2.0, 'Counters': 15.0}, {'Max_spout': 10000.0, 'Spliters': 2.0, 'Counters': 14.0}, {'Max_spout': 10000.0, 'Spliters': 2.0, 'Counters': 15.0}, {'Max_spout': 100000.0, 'Spliters': 2.0, 'Counters': 15.0}, {'Max_spout': 10000.0, 'Spliters': 2.0, 'Counters': 18.0}
0.13646979561984285, 0.12284324324612461, 0.12284324324612461, 0.12371969767889157, 0.12284324324612461, 0.13380251720146819, 0.13361873109709843, 0.12284324324612461, 0.13361873109709843, 0.1811405273230916, 0.22938914119097897, 0.12284324324612461, 0.12284324324612461, 0.15332396214456634, 0.12371969767889157, 0.12284324324612461, 0.15332396214456634, 0.12284324324612461, 0.132539345926719, 0.13646979561984285
0.27823877334594727, 0.6027836799621582, 0.1288766860961914, 0.1342790126800537, 0.1295173168182373, 0.12957048416137695, 0.12368917465209961, 0.12549567222595215, 0.12249588966369629, 0.20244264602661133, 0.13552117347717285, 0.13346362113952637, 0.135329008102417, 0.1348099708557129, 0.13483023643493652, 0.13401341438293457, 0.13602638244628906, 0.13599824905395508, 0.1345233917236328, 0.251711368560791