{'Max_spout': 1000.0, 'Spliters': 1.0, 'Counters': 14.0}, {'Max_spout': 1000.0, 'Spliters': 2.0, 'Counters': 13.0}, {'Max_spout': 1000000.0, 'Spliters': 2.0, 'Counters': 15.0}, {'Max_spout': 100000.0, 'Spliters': 2.0, 'Counters': 17.0}, {'Max_spout': 10000.0, 'Spliters': 2.0, 'Counters': 15.0}, {'Max_spout': 10000.0, 'Spliters': 2.0, 'Counters': 14.0}, {'Max_spout': 100000.0, 'Spliters': 2.0, 'Counters': 12.0}, {'Max_spout': 10000.0, 'Spliters': 2.0, 'Counters': 15.0}, {'Max_spout': 1000000.0, 'Spliters': 2.0, 'Counters': 18.0}, {'Max_spout': 100000.0, 'Spliters': 1.0, 'Counters': 8.0}, {'Max_spout': 10000.0, 'Spliters': 1.0, 'Counters': 9.0}, {'Max_spout': 100000.0, 'Spliters': 2.0, 'Counters': 14.0}, {'Max_spout': 10000.0, 'Spliters': 1.0, 'Counters': 11.0}, {'Max_spout': 10000.0, 'Spliters': 2.0, 'Counters': 14.0}, {'Max_spout': 10000.0, 'Spliters': 2.0, 'Counters': 17.0}, {'Max_spout': 10000.0, 'Spliters': 1.0, 'Counters': 16.0}, {'Max_spout': 10000.0, 'Spliters': 2.0, 'Counters': 13.0}, {'Max_spout': 10000.0, 'Spliters': 2.0, 'Counters': 15.0}, {'Max_spout': 1000.0, 'Spliters': 5.0, 'Counters': 13.0}, {'Max_spout': 10000.0, 'Spliters': 2.0, 'Counters': 18.0}
0.21626152942507804, 0.22408941131740878, 0.19052519703880066, 0.12371969767889157, 0.12284324324612461, 0.15332396214456634, 0.14512965696185742, 0.12284324324612461, 0.13380251720146819, 0.27990932392186396, 0.24205134551675467, 0.17424465104643616, 0.22938914119097897, 0.15332396214456634, 0.13361873109709843, 0.23654305206377335, 0.18561058666702812, 0.12284324324612461, 0.2781926838540735, 0.13646979561984285
0.15733861923217773, 0.044553279876708984, 0.04147934913635254, 0.04197859764099121, 0.04710030555725098, 0.043154001235961914, 0.04282212257385254, 0.04047346115112305, 0.041698455810546875, 0.04308485984802246, 0.0417788028717041, 0.04169750213623047, 0.04241323471069336, 0.05840134620666504, 0.0764155387878418, 0.10474634170532227, 0.05944681167602539, 0.06217384338378906, 0.04672527313232422, 0.0475311279296875