{'Max_spout': 1000.0, 'Spliters': 1.0, 'Counters': 14.0}, {'Max_spout': 100000.0, 'Spliters': 4.0, 'Counters': 11.0}, {'Max_spout': 1000.0, 'Spliters': 2.0, 'Counters': 7.0}, {'Max_spout': 100000.0, 'Spliters': 3.0, 'Counters': 10.0}, {'Max_spout': 10000.0, 'Spliters': 2.0, 'Counters': 15.0}, {'Max_spout': 10000.0, 'Spliters': 2.0, 'Counters': 14.0}, {'Max_spout': 100000.0, 'Spliters': 1.0, 'Counters': 8.0}, {'Max_spout': 100000.0, 'Spliters': 1.0, 'Counters': 18.0}, {'Max_spout': 1000000.0, 'Spliters': 2.0, 'Counters': 13.0}, {'Max_spout': 100000.0, 'Spliters': 1.0, 'Counters': 8.0}, {'Max_spout': 1000000.0, 'Spliters': 1.0, 'Counters': 9.0}, {'Max_spout': 100.0, 'Spliters': 4.0, 'Counters': 14.0}, {'Max_spout': 10000.0, 'Spliters': 1.0, 'Counters': 14.0}, {'Max_spout': 10000.0, 'Spliters': 2.0, 'Counters': 14.0}, {'Max_spout': 10000.0, 'Spliters': 2.0, 'Counters': 17.0}, {'Max_spout': 1000.0, 'Spliters': 4.0, 'Counters': 16.0}, {'Max_spout': 10000.0, 'Spliters': 2.0, 'Counters': 13.0}, {'Max_spout': 100000.0, 'Spliters': 1.0, 'Counters': 16.0}, {'Max_spout': 1000.0, 'Spliters': 5.0, 'Counters': 13.0}, {'Max_spout': 10000.0, 'Spliters': 2.0, 'Counters': 18.0}
0.21626152942507804, 0.31239413815218264, 0.3025108134947627, 0.308171405419183, 0.12284324324612461, 0.15332396214456634, 0.27990932392186396, 0.2465668874813176, 0.1753336643562795, 0.27990932392186396, 0.265291457122927, 0.34806704603764005, 0.2503918831855877, 0.15332396214456634, 0.13361873109709843, 0.27304161852098785, 0.18561058666702812, 0.270247788790447, 0.2781926838540735, 0.13646979561984285
0.08090710639953613, 0.051735877990722656, 0.041459083557128906, 0.03011178970336914, 0.04046630859375, 0.027184724807739258, 0.030203580856323242, 0.037515878677368164, 0.024048566818237305, 0.028029203414916992, 0.037015438079833984, 0.030677318572998047, 0.03020787239074707, 0.046346426010131836, 0.06637310981750488, 0.08157944679260254, 0.02116107940673828, 0.029165029525756836, 0.02045297622680664, 0.02128124237060547