{'Max_spout': 1000.0, 'Spliters': 1.0, 'Counters': 14.0}, {'Max_spout': 10000.0, 'Spliters': 2.0, 'Counters': 16.0}, {'Max_spout': 1000000.0, 'Spliters': 2.0, 'Counters': 15.0}, {'Max_spout': 100000.0, 'Spliters': 2.0, 'Counters': 17.0}, {'Max_spout': 10000.0, 'Spliters': 2.0, 'Counters': 15.0}, {'Max_spout': 10000.0, 'Spliters': 2.0, 'Counters': 14.0}, {'Max_spout': 100000.0, 'Spliters': 2.0, 'Counters': 12.0}, {'Max_spout': 10000.0, 'Spliters': 2.0, 'Counters': 15.0}, {'Max_spout': 1000000.0, 'Spliters': 2.0, 'Counters': 18.0}, {'Max_spout': 1000.0, 'Spliters': 1.0, 'Counters': 9.0}, {'Max_spout': 10000.0, 'Spliters': 1.0, 'Counters': 11.0}, {'Max_spout': 100000.0, 'Spliters': 2.0, 'Counters': 15.0}, {'Max_spout': 10000.0, 'Spliters': 1.0, 'Counters': 11.0}, {'Max_spout': 10000.0, 'Spliters': 2.0, 'Counters': 14.0}, {'Max_spout': 10000.0, 'Spliters': 2.0, 'Counters': 17.0}, {'Max_spout': 10000.0, 'Spliters': 1.0, 'Counters': 16.0}, {'Max_spout': 10000.0, 'Spliters': 2.0, 'Counters': 14.0}, {'Max_spout': 10000.0, 'Spliters': 2.0, 'Counters': 15.0}, {'Max_spout': 100000.0, 'Spliters': 3.0, 'Counters': 2.0}, {'Max_spout': 10000.0, 'Spliters': 2.0, 'Counters': 18.0}
0.21626152942507804, 0.1811405273230916, 0.19052519703880066, 0.12371969767889157, 0.12284324324612461, 0.15332396214456634, 0.14512965696185742, 0.12284324324612461, 0.13380251720146819, 0.25040289674104876, 0.22938914119097897, 0.132539345926719, 0.22938914119097897, 0.15332396214456634, 0.13361873109709843, 0.23654305206377335, 0.15332396214456634, 0.12284324324612461, 0.24275536721044977, 0.13646979561984285
0.06165957450866699, 0.05600166320800781, 0.06886506080627441, 0.05510425567626953, 0.05408740043640137, 0.058799028396606445, 0.05743598937988281, 0.06031465530395508, 0.05360865592956543, 0.10576319694519043, 0.13267827033996582, 0.049216508865356445, 0.043612003326416016, 0.048308372497558594, 0.04466104507446289, 0.045725345611572266, 0.04760909080505371, 0.04791593551635742, 0.04605841636657715, 0.04527139663696289