{'Max_spout': 1000.0, 'Spliters': 2.0, 'Counters': 12.0}, {'Max_spout': 1000000.0, 'Spliters': 6.0, 'Counters': 12.0}, {'Max_spout': 1000000.0, 'Spliters': 1.0, 'Counters': 15.0}, {'Max_spout': 1000000.0, 'Spliters': 6.0, 'Counters': 15.0}, {'Max_spout': 1000.0, 'Spliters': 1.0, 'Counters': 9.0}, {'Max_spout': 1000.0, 'Spliters': 2.0, 'Counters': 6.0}, {'Max_spout': 10000.0, 'Spliters': 2.0, 'Counters': 12.0}, {'Max_spout': 1000.0, 'Spliters': 2.0, 'Counters': 6.0}, {'Max_spout': 1000.0, 'Spliters': 3.0, 'Counters': 6.0}, {'Max_spout': 10.0, 'Spliters': 6.0, 'Counters': 12.0}, {'Max_spout': 1000000.0, 'Spliters': 6.0, 'Counters': 9.0}, {'Max_spout': 1000.0, 'Spliters': 1.0, 'Counters': 9.0}, {'Max_spout': 1000000.0, 'Spliters': 2.0, 'Counters': 12.0}, {'Max_spout': 1000.0, 'Spliters': 6.0, 'Counters': 6.0}, {'Max_spout': 1000000.0, 'Spliters': 2.0, 'Counters': 15.0}, {'Max_spout': 10000.0, 'Spliters': 2.0, 'Counters': 9.0}, {'Max_spout': 1000.0, 'Spliters': 2.0, 'Counters': 12.0}, {'Max_spout': 10.0, 'Spliters': 3.0, 'Counters': 18.0}, {'Max_spout': 100.0, 'Spliters': 2.0, 'Counters': 9.0}, {'Max_spout': 1000.0, 'Spliters': 2.0, 'Counters': 18.0}
0.34825220828017067, 0.45132372310007496, 0.6159816147811392, 0.4750693614314816, 0.5091757783345431, 0.42471564247809135, 0.4060542266639211, 0.42471564247809135, 0.5245177141164166, 0.5335485677312941, 0.4550215006629207, 0.5091757783345431, 0.47464293365645127, 0.4665671268518795, 0.4437836724363142, 0.3915810157618045, 0.34825220828017067, 0.5863854370281052, 0.4332312508997562, 0.3670307857723123
0.020764589309692383, 0.014474868774414062, 0.017905473709106445, 0.014359235763549805, 0.01555633544921875, 0.01651597023010254, 0.054346323013305664, 0.0908350944519043, 0.06117963790893555, 0.02539801597595215, 0.019469261169433594, 0.019148826599121094, 0.01880502700805664, 0.01834416389465332, 0.020325422286987305, 0.0184323787689209, 0.018914222717285156, 0.019195079803466797, 0.018123865127563477, 0.01835799217224121