{'Max_spout': 1000.0, 'Spliters': 2.0, 'Counters': 12.0}, {'Max_spout': 1000.0, 'Spliters': 2.0, 'Counters': 12.0}, {'Max_spout': 1000.0, 'Spliters': 2.0, 'Counters': 12.0}, {'Max_spout': 1000.0, 'Spliters': 2.0, 'Counters': 12.0}, {'Max_spout': 1000.0, 'Spliters': 2.0, 'Counters': 12.0}, {'Max_spout': 1000.0, 'Spliters': 2.0, 'Counters': 12.0}, {'Max_spout': 1000.0, 'Spliters': 2.0, 'Counters': 15.0}, {'Max_spout': 1000.0, 'Spliters': 2.0, 'Counters': 12.0}, {'Max_spout': 1000.0, 'Spliters': 2.0, 'Counters': 12.0}, {'Max_spout': 1000.0, 'Spliters': 2.0, 'Counters': 12.0}, {'Max_spout': 1000.0, 'Spliters': 2.0, 'Counters': 12.0}, {'Max_spout': 1000.0, 'Spliters': 2.0, 'Counters': 12.0}, {'Max_spout': 1000.0, 'Spliters': 2.0, 'Counters': 15.0}, {'Max_spout': 1000.0, 'Spliters': 2.0, 'Counters': 12.0}, {'Max_spout': 1000.0, 'Spliters': 2.0, 'Counters': 12.0}, {'Max_spout': 1000.0, 'Spliters': 2.0, 'Counters': 12.0}, {'Max_spout': 1000.0, 'Spliters': 2.0, 'Counters': 12.0}, {'Max_spout': 1000.0, 'Spliters': 2.0, 'Counters': 12.0}, {'Max_spout': 1000.0, 'Spliters': 2.0, 'Counters': 12.0}, {'Max_spout': 1000.0, 'Spliters': 2.0, 'Counters': 12.0}
0.34825220828017067, 0.34825220828017067, 0.34825220828017067, 0.34825220828017067, 0.34825220828017067, 0.34825220828017067, 0.3534006710681069, 0.34825220828017067, 0.34825220828017067, 0.34825220828017067, 0.34825220828017067, 0.34825220828017067, 0.3534006710681069, 0.34825220828017067, 0.34825220828017067, 0.34825220828017067, 0.34825220828017067, 0.34825220828017067, 0.34825220828017067, 0.34825220828017067
0.5835130214691162, 1.1509296894073486, 0.5725677013397217, 0.5650849342346191, 0.5638337135314941, 0.5602431297302246, 0.6486060619354248, 0.5766415596008301, 0.5620193481445312, 0.570354700088501, 0.5645997524261475, 0.5575294494628906, 0.5693645477294922, 0.565279483795166, 0.5987472534179688, 0.6030871868133545, 0.5770494937896729, 0.5911405086517334, 0.7399368286132812, 0.5828382968902588