{'Max_spout': 1000.0, 'Spliters': 2.0, 'Counters': 12.0}, {'Max_spout': 1000.0, 'Spliters': 2.0, 'Counters': 12.0}, {'Max_spout': 1000.0, 'Spliters': 2.0, 'Counters': 15.0}, {'Max_spout': 1000.0, 'Spliters': 2.0, 'Counters': 12.0}, {'Max_spout': 1000.0, 'Spliters': 2.0, 'Counters': 15.0}, {'Max_spout': 1000.0, 'Spliters': 2.0, 'Counters': 15.0}, {'Max_spout': 10000.0, 'Spliters': 2.0, 'Counters': 9.0}, {'Max_spout': 1000.0, 'Spliters': 2.0, 'Counters': 12.0}, {'Max_spout': 1000.0, 'Spliters': 2.0, 'Counters': 12.0}, {'Max_spout': 1000.0, 'Spliters': 2.0, 'Counters': 12.0}, {'Max_spout': 1000.0, 'Spliters': 2.0, 'Counters': 15.0}, {'Max_spout': 1000.0, 'Spliters': 2.0, 'Counters': 18.0}, {'Max_spout': 1000.0, 'Spliters': 2.0, 'Counters': 9.0}, {'Max_spout': 1000.0, 'Spliters': 2.0, 'Counters': 9.0}, {'Max_spout': 10000.0, 'Spliters': 2.0, 'Counters': 9.0}, {'Max_spout': 1000.0, 'Spliters': 2.0, 'Counters': 15.0}, {'Max_spout': 1000.0, 'Spliters': 2.0, 'Counters': 12.0}, {'Max_spout': 1000.0, 'Spliters': 2.0, 'Counters': 15.0}, {'Max_spout': 1000.0, 'Spliters': 2.0, 'Counters': 15.0}, {'Max_spout': 1000.0, 'Spliters': 2.0, 'Counters': 15.0}
0.34825220828017067, 0.34825220828017067, 0.3534006710681069, 0.34825220828017067, 0.3534006710681069, 0.3534006710681069, 0.3915810157618045, 0.34825220828017067, 0.34825220828017067, 0.34825220828017067, 0.3534006710681069, 0.3670307857723123, 0.3843556979164898, 0.3843556979164898, 0.3915810157618045, 0.3534006710681069, 0.34825220828017067, 0.3534006710681069, 0.3534006710681069, 0.3534006710681069
0.13981389999389648, 0.671717643737793, 0.13396358489990234, 0.1248621940612793, 0.10898041725158691, 0.11601471900939941, 0.1200103759765625, 0.11264991760253906, 0.10980820655822754, 0.10918831825256348, 0.11921477317810059, 0.11440491676330566, 0.11061835289001465, 0.11670517921447754, 0.12906813621520996, 0.19103288650512695, 0.13284754753112793, 0.12776947021484375, 0.1221778392791748, 0.12445783615112305