{'Max_spout': 1000.0, 'Spliters': 2.0, 'Counters': 12.0}, {'Max_spout': 10000.0, 'Spliters': 2.0, 'Counters': 15.0}, {'Max_spout': 1000.0, 'Spliters': 2.0, 'Counters': 18.0}, {'Max_spout': 100000.0, 'Spliters': 2.0, 'Counters': 12.0}, {'Max_spout': 1000.0, 'Spliters': 2.0, 'Counters': 18.0}, {'Max_spout': 1000.0, 'Spliters': 2.0, 'Counters': 18.0}, {'Max_spout': 10000.0, 'Spliters': 2.0, 'Counters': 15.0}, {'Max_spout': 1000.0, 'Spliters': 2.0, 'Counters': 15.0}, {'Max_spout': 100.0, 'Spliters': 2.0, 'Counters': 18.0}, {'Max_spout': 1000.0, 'Spliters': 2.0, 'Counters': 12.0}, {'Max_spout': 1000.0, 'Spliters': 2.0, 'Counters': 15.0}, {'Max_spout': 100000.0, 'Spliters': 6.0, 'Counters': 12.0}, {'Max_spout': 10000.0, 'Spliters': 6.0, 'Counters': 18.0}, {'Max_spout': 10000.0, 'Spliters': 6.0, 'Counters': 18.0}, {'Max_spout': 100.0, 'Spliters': 2.0, 'Counters': 12.0}, {'Max_spout': 1000.0, 'Spliters': 2.0, 'Counters': 9.0}, {'Max_spout': 1000.0, 'Spliters': 2.0, 'Counters': 12.0}, {'Max_spout': 10000.0, 'Spliters': 2.0, 'Counters': 9.0}, {'Max_spout': 1000.0, 'Spliters': 2.0, 'Counters': 15.0}, {'Max_spout': 1000.0, 'Spliters': 2.0, 'Counters': 18.0}
0.34825220828017067, 0.3975491585218419, 0.3670307857723123, 0.43816135911088994, 0.3670307857723123, 0.3670307857723123, 0.3975491585218419, 0.3534006710681069, 0.4007921025523584, 0.34825220828017067, 0.3534006710681069, 0.4488602405241635, 0.4475080432583598, 0.4475080432583598, 0.405608670201996, 0.3843556979164898, 0.34825220828017067, 0.3915810157618045, 0.3534006710681069, 0.3670307857723123
0.0885467529296875, 0.0670473575592041, 0.06243753433227539, 0.055892229080200195, 0.07085633277893066, 0.10950374603271484, 0.20116138458251953, 0.0394749641418457, 0.03594207763671875, 0.03595709800720215, 0.05411839485168457, 0.04744863510131836, 0.13487482070922852, 0.048363685607910156, 0.0324559211730957, 0.03600597381591797, 0.028931617736816406, 0.03591203689575195, 0.028850078582763672, 0.028485774993896484