{'Max_spout': 1000.0, 'Spliters': 2.0, 'Counters': 12.0}, {'Max_spout': 10000.0, 'Spliters': 2.0, 'Counters': 15.0}, {'Max_spout': 1000.0, 'Spliters': 2.0, 'Counters': 18.0}, {'Max_spout': 1000.0, 'Spliters': 2.0, 'Counters': 12.0}, {'Max_spout': 1000.0, 'Spliters': 2.0, 'Counters': 15.0}, {'Max_spout': 1000.0, 'Spliters': 2.0, 'Counters': 18.0}, {'Max_spout': 10000.0, 'Spliters': 2.0, 'Counters': 15.0}, {'Max_spout': 1000.0, 'Spliters': 2.0, 'Counters': 15.0}, {'Max_spout': 100.0, 'Spliters': 2.0, 'Counters': 18.0}, {'Max_spout': 1000.0, 'Spliters': 2.0, 'Counters': 12.0}, {'Max_spout': 1000.0, 'Spliters': 2.0, 'Counters': 15.0}, {'Max_spout': 100000.0, 'Spliters': 6.0, 'Counters': 12.0}, {'Max_spout': 10000.0, 'Spliters': 6.0, 'Counters': 18.0}, {'Max_spout': 100000.0, 'Spliters': 2.0, 'Counters': 15.0}, {'Max_spout': 100.0, 'Spliters': 2.0, 'Counters': 12.0}, {'Max_spout': 1000.0, 'Spliters': 2.0, 'Counters': 9.0}, {'Max_spout': 1000.0, 'Spliters': 2.0, 'Counters': 12.0}, {'Max_spout': 1000.0, 'Spliters': 2.0, 'Counters': 15.0}, {'Max_spout': 1000.0, 'Spliters': 2.0, 'Counters': 15.0}, {'Max_spout': 1000.0, 'Spliters': 2.0, 'Counters': 18.0}
0.34825220828017067, 0.3975491585218419, 0.3670307857723123, 0.34825220828017067, 0.3534006710681069, 0.3670307857723123, 0.3975491585218419, 0.3534006710681069, 0.4007921025523584, 0.34825220828017067, 0.3534006710681069, 0.4488602405241635, 0.4475080432583598, 0.43629833300548926, 0.405608670201996, 0.3843556979164898, 0.34825220828017067, 0.3534006710681069, 0.3534006710681069, 0.3670307857723123
0.055277347564697266, 0.05133867263793945, 0.046144962310791016, 0.047034502029418945, 0.04862642288208008, 0.05321192741394043, 0.048894405364990234, 0.053919315338134766, 0.06916928291320801, 0.06559205055236816, 0.06238222122192383, 0.05753064155578613, 0.06146717071533203, 0.06444931030273438, 0.21907711029052734, 0.06023001670837402, 0.049117326736450195, 0.04963278770446777, 0.05022859573364258, 0.048892974853515625