{'Max_spout': 1000.0, 'Spliters': 2.0, 'Counters': 12.0}, {'Max_spout': 100000.0, 'Spliters': 2.0, 'Counters': 12.0}, {'Max_spout': 1000.0, 'Spliters': 6.0, 'Counters': 3.0}, {'Max_spout': 100000.0, 'Spliters': 2.0, 'Counters': 12.0}, {'Max_spout': 1000.0, 'Spliters': 2.0, 'Counters': 18.0}, {'Max_spout': 1000.0, 'Spliters': 2.0, 'Counters': 18.0}, {'Max_spout': 10000.0, 'Spliters': 2.0, 'Counters': 12.0}, {'Max_spout': 1000.0, 'Spliters': 2.0, 'Counters': 6.0}, {'Max_spout': 100.0, 'Spliters': 2.0, 'Counters': 9.0}, {'Max_spout': 1000.0, 'Spliters': 2.0, 'Counters': 12.0}, {'Max_spout': 1000000.0, 'Spliters': 6.0, 'Counters': 9.0}, {'Max_spout': 1000.0, 'Spliters': 6.0, 'Counters': 12.0}, {'Max_spout': 10000.0, 'Spliters': 6.0, 'Counters': 18.0}, {'Max_spout': 10000.0, 'Spliters': 6.0, 'Counters': 18.0}, {'Max_spout': 1000000.0, 'Spliters': 2.0, 'Counters': 15.0}, {'Max_spout': 1000.0, 'Spliters': 2.0, 'Counters': 9.0}, {'Max_spout': 1000.0, 'Spliters': 2.0, 'Counters': 12.0}, {'Max_spout': 100.0, 'Spliters': 2.0, 'Counters': 9.0}, {'Max_spout': 100.0, 'Spliters': 2.0, 'Counters': 15.0}, {'Max_spout': 1000.0, 'Spliters': 2.0, 'Counters': 18.0}
0.34825220828017067, 0.43816135911088994, 0.5139484905264223, 0.43816135911088994, 0.3670307857723123, 0.3670307857723123, 0.4060542266639211, 0.42471564247809135, 0.4332312508997562, 0.34825220828017067, 0.4550215006629207, 0.4645319179187546, 0.4475080432583598, 0.4475080432583598, 0.4437836724363142, 0.3843556979164898, 0.34825220828017067, 0.4332312508997562, 0.42069156568117205, 0.3670307857723123
0.031249046325683594, 0.02923417091369629, 0.025841712951660156, 0.031244516372680664, 0.021579265594482422, 0.02486443519592285, 0.08730220794677734, 0.09578943252563477, 0.1030435562133789, 0.02198481559753418, 0.022392988204956055, 0.022032499313354492, 0.024288415908813477, 0.0210418701171875, 0.0219724178314209, 0.021954774856567383, 0.02232837677001953, 0.0229337215423584, 0.022713184356689453, 0.021610498428344727