{'Max_spout': 1000.0, 'Spliters': 2.0, 'Counters': 12.0}, {'Max_spout': 1000000.0, 'Spliters': 6.0, 'Counters': 12.0}, {'Max_spout': 100000.0, 'Spliters': 1.0, 'Counters': 15.0}, {'Max_spout': 10000.0, 'Spliters': 6.0, 'Counters': 6.0}, {'Max_spout': 1000.0, 'Spliters': 1.0, 'Counters': 9.0}, {'Max_spout': 1000.0, 'Spliters': 2.0, 'Counters': 6.0}, {'Max_spout': 10000.0, 'Spliters': 2.0, 'Counters': 12.0}, {'Max_spout': 1000.0, 'Spliters': 2.0, 'Counters': 6.0}, {'Max_spout': 1000.0, 'Spliters': 3.0, 'Counters': 6.0}, {'Max_spout': 10000.0, 'Spliters': 3.0, 'Counters': 3.0}, {'Max_spout': 1000000.0, 'Spliters': 6.0, 'Counters': 9.0}, {'Max_spout': 1000.0, 'Spliters': 1.0, 'Counters': 9.0}, {'Max_spout': 100.0, 'Spliters': 6.0, 'Counters': 6.0}, {'Max_spout': 1000.0, 'Spliters': 6.0, 'Counters': 6.0}, {'Max_spout': 1000000.0, 'Spliters': 2.0, 'Counters': 15.0}, {'Max_spout': 10000.0, 'Spliters': 2.0, 'Counters': 9.0}, {'Max_spout': 1000.0, 'Spliters': 2.0, 'Counters': 12.0}, {'Max_spout': 10.0, 'Spliters': 3.0, 'Counters': 18.0}, {'Max_spout': 100.0, 'Spliters': 2.0, 'Counters': 9.0}, {'Max_spout': 1000.0, 'Spliters': 2.0, 'Counters': 18.0}
0.353038171607748, 0.4426252477282385, 0.6120256478408291, 0.43515614436816086, 0.5174469340638226, 0.41431724775011136, 0.3777081854880393, 0.41431724775011136, 0.513885203239707, 0.5384336609260343, 0.45474848674620594, 0.5174469340638226, 0.5021169684422148, 0.4579822016278874, 0.5377809488779259, 0.391479583096187, 0.353038171607748, 0.5630279189726654, 0.46999872704776124, 0.3513569799560069
0.033135414123535156, 0.06116485595703125, 0.022784948348999023, 0.014026880264282227, 0.011938095092773438, 0.013395071029663086, 0.017363309860229492, 0.031884193420410156, 0.026394128799438477, 0.06322193145751953, 0.018934011459350586, 0.011573076248168945, 0.010989904403686523, 0.010915040969848633, 0.011371850967407227, 0.011567831039428711, 0.011111021041870117, 0.011282682418823242, 0.013762950897216797, 0.012131690979003906