{'Max_spout': 1000.0, 'Spliters': 2.0, 'Counters': 18.0}, {'Max_spout': 1000000.0, 'Spliters': 6.0, 'Counters': 12.0}, {'Max_spout': 1000.0, 'Spliters': 2.0, 'Counters': 18.0}, {'Max_spout': 10000.0, 'Spliters': 6.0, 'Counters': 6.0}, {'Max_spout': 1000.0, 'Spliters': 2.0, 'Counters': 18.0}, {'Max_spout': 1000.0, 'Spliters': 2.0, 'Counters': 18.0}, {'Max_spout': 10000.0, 'Spliters': 2.0, 'Counters': 12.0}, {'Max_spout': 1000.0, 'Spliters': 2.0, 'Counters': 6.0}, {'Max_spout': 10000.0, 'Spliters': 2.0, 'Counters': 18.0}, {'Max_spout': 1000.0, 'Spliters': 2.0, 'Counters': 15.0}, {'Max_spout': 100000.0, 'Spliters': 6.0, 'Counters': 18.0}, {'Max_spout': 100000.0, 'Spliters': 6.0, 'Counters': 9.0}, {'Max_spout': 1000.0, 'Spliters': 2.0, 'Counters': 18.0}, {'Max_spout': 100000.0, 'Spliters': 2.0, 'Counters': 18.0}, {'Max_spout': 10000.0, 'Spliters': 2.0, 'Counters': 9.0}, {'Max_spout': 10000.0, 'Spliters': 2.0, 'Counters': 9.0}, {'Max_spout': 1000.0, 'Spliters': 2.0, 'Counters': 12.0}, {'Max_spout': 1000.0, 'Spliters': 2.0, 'Counters': 15.0}, {'Max_spout': 1000.0, 'Spliters': 2.0, 'Counters': 15.0}, {'Max_spout': 1000.0, 'Spliters': 2.0, 'Counters': 18.0}
0.3513569799560069, 0.4426252477282385, 0.3513569799560069, 0.43515614436816086, 0.3513569799560069, 0.3513569799560069, 0.3777081854880393, 0.41431724775011136, 0.3893870191155626, 0.33404364197772773, 0.430935374360889, 0.45112191811043734, 0.3513569799560069, 0.42885023240274767, 0.391479583096187, 0.391479583096187, 0.353038171607748, 0.33404364197772773, 0.33404364197772773, 0.3513569799560069
0.2313218116760254, 0.09690332412719727, 0.08201289176940918, 0.061009883880615234, 0.0593104362487793, 0.14768052101135254, 0.4279606342315674, 0.0658254623413086, 0.05968523025512695, 0.06028938293457031, 0.057587385177612305, 0.05683398246765137, 0.056771039962768555, 0.056801557540893555, 0.056679487228393555, 0.05962109565734863, 0.059427499771118164, 0.0582733154296875, 0.05638885498046875, 0.057431697845458984