{'Max_spout': 1000.0, 'Spliters': 2.0, 'Counters': 18.0}, {'Max_spout': 1000000.0, 'Spliters': 6.0, 'Counters': 12.0}, {'Max_spout': 1000.0, 'Spliters': 6.0, 'Counters': 3.0}, {'Max_spout': 10000.0, 'Spliters': 6.0, 'Counters': 6.0}, {'Max_spout': 1000.0, 'Spliters': 2.0, 'Counters': 18.0}, {'Max_spout': 1000.0, 'Spliters': 2.0, 'Counters': 18.0}, {'Max_spout': 10000.0, 'Spliters': 2.0, 'Counters': 12.0}, {'Max_spout': 1000.0, 'Spliters': 2.0, 'Counters': 6.0}, {'Max_spout': 100.0, 'Spliters': 2.0, 'Counters': 9.0}, {'Max_spout': 1000.0, 'Spliters': 2.0, 'Counters': 12.0}, {'Max_spout': 1000000.0, 'Spliters': 6.0, 'Counters': 9.0}, {'Max_spout': 100000.0, 'Spliters': 6.0, 'Counters': 9.0}, {'Max_spout': 10000.0, 'Spliters': 6.0, 'Counters': 18.0}, {'Max_spout': 10000.0, 'Spliters': 6.0, 'Counters': 12.0}, {'Max_spout': 1000.0, 'Spliters': 6.0, 'Counters': 3.0}, {'Max_spout': 10000.0, 'Spliters': 2.0, 'Counters': 9.0}, {'Max_spout': 1000.0, 'Spliters': 2.0, 'Counters': 12.0}, {'Max_spout': 100.0, 'Spliters': 2.0, 'Counters': 9.0}, {'Max_spout': 1000.0, 'Spliters': 2.0, 'Counters': 6.0}, {'Max_spout': 1000.0, 'Spliters': 2.0, 'Counters': 18.0}
0.3513569799560069, 0.4426252477282385, 0.5002144420884215, 0.43515614436816086, 0.3513569799560069, 0.3513569799560069, 0.3777081854880393, 0.41431724775011136, 0.46999872704776124, 0.353038171607748, 0.45474848674620594, 0.45112191811043734, 0.45021922311446794, 0.4350877441709323, 0.5002144420884215, 0.391479583096187, 0.353038171607748, 0.46999872704776124, 0.41431724775011136, 0.3513569799560069
0.03194618225097656, 0.02930450439453125, 0.026752233505249023, 0.03316330909729004, 0.025977611541748047, 0.0221710205078125, 0.21535277366638184, 0.02780890464782715, 0.020076274871826172, 0.022902488708496094, 0.023810863494873047, 0.018677711486816406, 0.017589569091796875, 0.018647193908691406, 0.01867198944091797, 0.017800569534301758, 0.01806807518005371, 0.017010927200317383, 0.017760515213012695, 0.019869089126586914