{'Max_spout': 1000.0, 'Spliters': 2.0, 'Counters': 15.0}, {'Max_spout': 1000.0, 'Spliters': 2.0, 'Counters': 15.0}, {'Max_spout': 1000.0, 'Spliters': 2.0, 'Counters': 15.0}, {'Max_spout': 1000.0, 'Spliters': 2.0, 'Counters': 15.0}, {'Max_spout': 1000.0, 'Spliters': 2.0, 'Counters': 15.0}, {'Max_spout': 1000.0, 'Spliters': 2.0, 'Counters': 15.0}, {'Max_spout': 1000.0, 'Spliters': 2.0, 'Counters': 15.0}, {'Max_spout': 1000.0, 'Spliters': 2.0, 'Counters': 15.0}, {'Max_spout': 1000.0, 'Spliters': 2.0, 'Counters': 15.0}, {'Max_spout': 1000.0, 'Spliters': 2.0, 'Counters': 15.0}, {'Max_spout': 1000.0, 'Spliters': 2.0, 'Counters': 12.0}, {'Max_spout': 1000.0, 'Spliters': 2.0, 'Counters': 15.0}, {'Max_spout': 1000.0, 'Spliters': 2.0, 'Counters': 15.0}, {'Max_spout': 1000.0, 'Spliters': 2.0, 'Counters': 15.0}, {'Max_spout': 1000.0, 'Spliters': 2.0, 'Counters': 12.0}, {'Max_spout': 1000.0, 'Spliters': 2.0, 'Counters': 15.0}, {'Max_spout': 1000.0, 'Spliters': 2.0, 'Counters': 15.0}, {'Max_spout': 1000.0, 'Spliters': 2.0, 'Counters': 15.0}, {'Max_spout': 1000.0, 'Spliters': 2.0, 'Counters': 15.0}, {'Max_spout': 1000.0, 'Spliters': 2.0, 'Counters': 15.0}
0.33404364197772773, 0.33404364197772773, 0.33404364197772773, 0.33404364197772773, 0.33404364197772773, 0.33404364197772773, 0.33404364197772773, 0.33404364197772773, 0.33404364197772773, 0.33404364197772773, 0.353038171607748, 0.33404364197772773, 0.33404364197772773, 0.33404364197772773, 0.353038171607748, 0.33404364197772773, 0.33404364197772773, 0.33404364197772773, 0.33404364197772773, 0.33404364197772773
0.6951799392700195, 0.7305777072906494, 0.6754837036132812, 0.6754522323608398, 0.8315548896789551, 0.6692209243774414, 0.665351390838623, 0.6722502708435059, 0.6709322929382324, 1.021458625793457, 1.328545331954956, 0.6829705238342285, 0.6825225353240967, 0.6829915046691895, 0.6822400093078613, 0.8433060646057129, 0.6868059635162354, 0.6871492862701416, 0.6828634738922119, 0.6858830451965332