{'Max_spout': 1000.0, 'Spliters': 2.0, 'Counters': 18.0}, {'Max_spout': 1000000.0, 'Spliters': 6.0, 'Counters': 12.0}, {'Max_spout': 1000.0, 'Spliters': 2.0, 'Counters': 18.0}, {'Max_spout': 10000.0, 'Spliters': 6.0, 'Counters': 6.0}, {'Max_spout': 1000.0, 'Spliters': 2.0, 'Counters': 18.0}, {'Max_spout': 1000.0, 'Spliters': 2.0, 'Counters': 18.0}, {'Max_spout': 10000.0, 'Spliters': 2.0, 'Counters': 12.0}, {'Max_spout': 1000.0, 'Spliters': 2.0, 'Counters': 6.0}, {'Max_spout': 10000.0, 'Spliters': 2.0, 'Counters': 18.0}, {'Max_spout': 1000.0, 'Spliters': 2.0, 'Counters': 15.0}, {'Max_spout': 100000.0, 'Spliters': 6.0, 'Counters': 18.0}, {'Max_spout': 100000.0, 'Spliters': 6.0, 'Counters': 9.0}, {'Max_spout': 1000.0, 'Spliters': 2.0, 'Counters': 18.0}, {'Max_spout': 10000.0, 'Spliters': 6.0, 'Counters': 12.0}, {'Max_spout': 100000.0, 'Spliters': 6.0, 'Counters': 12.0}, {'Max_spout': 10000.0, 'Spliters': 2.0, 'Counters': 9.0}, {'Max_spout': 1000.0, 'Spliters': 2.0, 'Counters': 12.0}, {'Max_spout': 10000.0, 'Spliters': 2.0, 'Counters': 9.0}, {'Max_spout': 1000.0, 'Spliters': 2.0, 'Counters': 15.0}, {'Max_spout': 1000.0, 'Spliters': 2.0, 'Counters': 18.0}
0.3513569799560069, 0.4426252477282385, 0.3513569799560069, 0.43515614436816086, 0.3513569799560069, 0.3513569799560069, 0.3777081854880393, 0.41431724775011136, 0.3893870191155626, 0.33404364197772773, 0.430935374360889, 0.45112191811043734, 0.3513569799560069, 0.4350877441709323, 0.4526470286993124, 0.391479583096187, 0.353038171607748, 0.391479583096187, 0.33404364197772773, 0.3513569799560069
0.1996021270751953, 0.09328556060791016, 0.06564855575561523, 0.05884718894958496, 0.05814862251281738, 0.17455267906188965, 0.29995083808898926, 0.056864261627197266, 0.0532987117767334, 0.056040048599243164, 0.05020308494567871, 0.04800152778625488, 0.048586130142211914, 0.13150858879089355, 0.044921875, 0.03775477409362793, 0.05105161666870117, 0.04177594184875488, 0.039124250411987305, 0.04816436767578125