{'Width': 6.0, 'Complexity': 1.0, 'Fifo': 2.0, 'Multiplier': 1.0}, {'Width': 3.0, 'Complexity': 0.0, 'Fifo': 3.0, 'Multiplier': 1.0}, {'Width': 3.0, 'Complexity': 0.0, 'Fifo': 3.0, 'Multiplier': 1.0}, {'Width': 3.0, 'Complexity': 0.0, 'Fifo': 1.0, 'Multiplier': 1.0}, {'Width': 3.0, 'Complexity': 1.0, 'Fifo': 3.0, 'Multiplier': 1.0}, {'Width': 3.0, 'Complexity': 0.0, 'Fifo': 3.0, 'Multiplier': 2.0}, {'Width': 3.0, 'Complexity': 1.0, 'Fifo': 1.0, 'Multiplier': 1.0}, {'Width': 3.0, 'Complexity': 0.0, 'Fifo': 2.0, 'Multiplier': 1.0}, {'Width': 3.0, 'Complexity': 0.0, 'Fifo': 1.0, 'Multiplier': 1.0}, {'Width': 4.0, 'Complexity': 0.0, 'Fifo': 2.0, 'Multiplier': 1.0}, {'Width': 3.0, 'Complexity': 0.0, 'Fifo': 4.0, 'Multiplier': 1.0}, {'Width': 4.0, 'Complexity': 0.0, 'Fifo': 2.0, 'Multiplier': 1.0}, {'Width': 4.0, 'Complexity': 1.0, 'Fifo': 1.0, 'Multiplier': 1.0}, {'Width': 4.0, 'Complexity': 0.0, 'Fifo': 3.0, 'Multiplier': 1.0}, {'Width': 5.0, 'Complexity': 0.0, 'Fifo': 1.0, 'Multiplier': 1.0}, {'Width': 3.0, 'Complexity': 0.0, 'Fifo': 1.0, 'Multiplier': 1.0}, {'Width': 3.0, 'Complexity': 0.0, 'Fifo': 2.0, 'Multiplier': 1.0}, {'Width': 6.0, 'Complexity': 1.0, 'Fifo': 3.0, 'Multiplier': 1.0}, {'Width': 3.0, 'Complexity': 0.0, 'Fifo': 1.0, 'Multiplier': 2.0}, {'Width': 3.0, 'Complexity': 1.0, 'Fifo': 3.0, 'Multiplier': 1.0}
0.4847424486775527, 0.22587868316250503, 0.22587868316250503, 0.22581417455021324, 0.3139305450653319, 0.419850993356651, 0.31315494505176633, 0.22587868316250503, 0.22581417455021324, 0.377903417660034, 0.22587868316250503, 0.377903417660034, 0.3796361104778351, 0.3779034501993668, 0.46135536441445457, 0.22581417455021324, 0.22587868316250503, 0.4847424486775527, 0.41975353518343883, 0.3139305450653319
0.0793144702911377, 0.07866024971008301, 0.07062554359436035, 0.07426190376281738, 0.07308411598205566, 0.06799054145812988, 0.07176494598388672, 0.07541131973266602, 0.2131357192993164, 0.15600109100341797, 0.06963539123535156, 0.07164692878723145, 0.07101726531982422, 0.16690683364868164, 0.07133078575134277, 0.06882333755493164, 0.06777167320251465, 0.07032489776611328, 0.07013893127441406, 0.09002017974853516