{'Max_spout': 1.0, 'Spliters': 1.0, 'Counters': 12.0}, {'Max_spout': 1.0, 'Spliters': 1.0, 'Counters': 12.0}, {'Max_spout': 1.0, 'Spliters': 1.0, 'Counters': 12.0}, {'Max_spout': 1.0, 'Spliters': 2.0, 'Counters': 18.0}, {'Max_spout': 1.0, 'Spliters': 1.0, 'Counters': 18.0}, {'Max_spout': 1.0, 'Spliters': 1.0, 'Counters': 12.0}, {'Max_spout': 1.0, 'Spliters': 1.0, 'Counters': 1.0}, {'Max_spout': 1.0, 'Spliters': 1.0, 'Counters': 18.0}, {'Max_spout': 1.0, 'Spliters': 1.0, 'Counters': 12.0}, {'Max_spout': 1.0, 'Spliters': 1.0, 'Counters': 3.0}, {'Max_spout': 1.0, 'Spliters': 2.0, 'Counters': 1.0}, {'Max_spout': 1.0, 'Spliters': 1.0, 'Counters': 18.0}, {'Max_spout': 1.0, 'Spliters': 1.0, 'Counters': 12.0}, {'Max_spout': 1.0, 'Spliters': 1.0, 'Counters': 12.0}, {'Max_spout': 1.0, 'Spliters': 1.0, 'Counters': 12.0}, {'Max_spout': 1.0, 'Spliters': 2.0, 'Counters': 1.0}, {'Max_spout': 1.0, 'Spliters': 1.0, 'Counters': 9.0}, {'Max_spout': 1.0, 'Spliters': 1.0, 'Counters': 18.0}, {'Max_spout': 1.0, 'Spliters': 1.0, 'Counters': 18.0}, {'Max_spout': 1.0, 'Spliters': 2.0, 'Counters': 1.0}
0.0, 0.0, 0.0, 0.0048591720910294844, 0.0015707897696076722, 0.0, 0.004807791117257265, 0.0015707897696076722, 0.0, 0.003421972853229538, 0.003421972853229538, 0.0015707897696076722, 0.0, 0.0, 0.0, 0.003421972853229538, 0.0018937558904615903, 0.0015707897696076722, 0.0015707897696076722, 0.003421972853229538
0.20952129364013672, 0.22319912910461426, 0.19788646697998047, 0.15784597396850586, 0.1569504737854004, 0.16155123710632324, 0.1570730209350586, 0.15674448013305664, 0.16093945503234863, 0.2651329040527344, 0.1544945240020752, 0.15381908416748047, 0.15414810180664062, 0.15622401237487793, 0.5138809680938721, 0.5250680446624756, 0.1611790657043457, 0.1569538116455078, 0.15355372428894043, 0.15359711647033691