{'Max_spout': 1.0, 'Spliters': 1.0, 'Counters': 12.0}, {'Max_spout': 1.0, 'Spliters': 1.0, 'Counters': 12.0}, {'Max_spout': 1.0, 'Spliters': 1.0, 'Counters': 12.0}, {'Max_spout': 1.0, 'Spliters': 1.0, 'Counters': 18.0}, {'Max_spout': 1.0, 'Spliters': 1.0, 'Counters': 18.0}, {'Max_spout': 1.0, 'Spliters': 1.0, 'Counters': 12.0}, {'Max_spout': 1.0, 'Spliters': 1.0, 'Counters': 15.0}, {'Max_spout': 1.0, 'Spliters': 1.0, 'Counters': 12.0}, {'Max_spout': 1.0, 'Spliters': 1.0, 'Counters': 12.0}, {'Max_spout': 1.0, 'Spliters': 1.0, 'Counters': 6.0}, {'Max_spout': 1.0, 'Spliters': 2.0, 'Counters': 1.0}, {'Max_spout': 1.0, 'Spliters': 1.0, 'Counters': 12.0}, {'Max_spout': 1.0, 'Spliters': 1.0, 'Counters': 12.0}, {'Max_spout': 1.0, 'Spliters': 1.0, 'Counters': 12.0}, {'Max_spout': 1.0, 'Spliters': 1.0, 'Counters': 12.0}, {'Max_spout': 1.0, 'Spliters': 2.0, 'Counters': 1.0}, {'Max_spout': 1.0, 'Spliters': 1.0, 'Counters': 18.0}, {'Max_spout': 1.0, 'Spliters': 1.0, 'Counters': 12.0}, {'Max_spout': 1.0, 'Spliters': 1.0, 'Counters': 12.0}, {'Max_spout': 1.0, 'Spliters': 1.0, 'Counters': 6.0}
0.0, 0.0, 0.0, 0.0015707897696076722, 0.0015707897696076722, 0.0, 0.002165341037543289, 0.0, 0.0, 0.003361783712524935, 0.003421972853229538, 0.0, 0.0, 0.0, 0.0, 0.003421972853229538, 0.0015707897696076722, 0.0, 0.0, 0.003361783712524935
0.46103930473327637, 0.3888266086578369, 0.3805687427520752, 0.3760039806365967, 0.3769803047180176, 0.3753201961517334, 0.3785731792449951, 0.3752727508544922, 0.37384676933288574, 0.46120715141296387, 0.42966127395629883, 0.39574170112609863, 0.3837602138519287, 0.48302507400512695, 0.9105825424194336, 0.8593199253082275, 0.4540712833404541, 0.3779487609863281, 0.37531566619873047, 0.38018131256103516