{'Max_spout': 1.0, 'Spliters': 1.0, 'Counters': 9.0}, {'Max_spout': 1.0, 'Spliters': 2.0, 'Counters': 1.0}, {'Max_spout': 1.0, 'Spliters': 1.0, 'Counters': 9.0}, {'Max_spout': 1.0, 'Spliters': 3.0, 'Counters': 9.0}, {'Max_spout': 1.0, 'Spliters': 6.0, 'Counters': 15.0}, {'Max_spout': 1.0, 'Spliters': 1.0, 'Counters': 12.0}, {'Max_spout': 1.0, 'Spliters': 2.0, 'Counters': 18.0}, {'Max_spout': 1.0, 'Spliters': 1.0, 'Counters': 18.0}, {'Max_spout': 1.0, 'Spliters': 1.0, 'Counters': 15.0}, {'Max_spout': 1.0, 'Spliters': 2.0, 'Counters': 15.0}, {'Max_spout': 1.0, 'Spliters': 2.0, 'Counters': 18.0}, {'Max_spout': 1.0, 'Spliters': 1.0, 'Counters': 18.0}, {'Max_spout': 1.0, 'Spliters': 2.0, 'Counters': 3.0}, {'Max_spout': 1.0, 'Spliters': 1.0, 'Counters': 12.0}, {'Max_spout': 1.0, 'Spliters': 1.0, 'Counters': 12.0}, {'Max_spout': 1.0, 'Spliters': 2.0, 'Counters': 18.0}, {'Max_spout': 1.0, 'Spliters': 2.0, 'Counters': 9.0}, {'Max_spout': 1.0, 'Spliters': 2.0, 'Counters': 15.0}, {'Max_spout': 1.0, 'Spliters': 1.0, 'Counters': 15.0}, {'Max_spout': 1.0, 'Spliters': 2.0, 'Counters': 1.0}
0.0018937558904615903, 0.003421972853229538, 0.0018937558904615903, 0.014429245463060014, 0.010632925515204339, 0.0, 0.0048591720910294844, 0.0015707897696076722, 0.002165341037543289, 0.005399406329548717, 0.0048591720910294844, 0.0015707897696076722, 0.006926155264494582, 0.0, 0.0, 0.0048591720910294844, 0.007009832850352171, 0.005399406329548717, 0.002165341037543289, 0.003421972853229538
0.16339635848999023, 0.04491734504699707, 0.04902982711791992, 0.05089163780212402, 0.04865121841430664, 0.048921823501586914, 0.03796243667602539, 0.051168203353881836, 0.046401023864746094, 0.1683657169342041, 0.039336204528808594, 0.04625535011291504, 0.049712181091308594, 0.183868408203125, 0.23801827430725098, 0.05168271064758301, 0.03981637954711914, 0.04126930236816406, 0.03899955749511719, 0.03910684585571289