{'Max_spout': 1.0, 'Spliters': 1.0, 'Counters': 9.0}, {'Max_spout': 1.0, 'Spliters': 1.0, 'Counters': 1.0}, {'Max_spout': 1.0, 'Spliters': 1.0, 'Counters': 9.0}, {'Max_spout': 10.0, 'Spliters': 3.0, 'Counters': 1.0}, {'Max_spout': 1000.0, 'Spliters': 2.0, 'Counters': 1.0}, {'Max_spout': 1.0, 'Spliters': 1.0, 'Counters': 18.0}, {'Max_spout': 1.0, 'Spliters': 2.0, 'Counters': 18.0}, {'Max_spout': 1.0, 'Spliters': 1.0, 'Counters': 18.0}, {'Max_spout': 1.0, 'Spliters': 1.0, 'Counters': 15.0}, {'Max_spout': 1.0, 'Spliters': 2.0, 'Counters': 6.0}, {'Max_spout': 1.0, 'Spliters': 2.0, 'Counters': 18.0}, {'Max_spout': 1.0, 'Spliters': 1.0, 'Counters': 18.0}, {'Max_spout': 1.0, 'Spliters': 3.0, 'Counters': 1.0}, {'Max_spout': 1.0, 'Spliters': 1.0, 'Counters': 1.0}, {'Max_spout': 1.0, 'Spliters': 1.0, 'Counters': 12.0}, {'Max_spout': 1.0, 'Spliters': 2.0, 'Counters': 12.0}, {'Max_spout': 1.0, 'Spliters': 2.0, 'Counters': 9.0}, {'Max_spout': 1.0, 'Spliters': 2.0, 'Counters': 15.0}, {'Max_spout': 1.0, 'Spliters': 6.0, 'Counters': 6.0}, {'Max_spout': 10.0, 'Spliters': 2.0, 'Counters': 1.0}
0.0018937558904615903, 0.004807791117257265, 0.0018937558904615903, 0.0605502755488222, 0.0698663801076358, 0.0015707897696076722, 0.0048591720910294844, 0.0015707897696076722, 0.002165341037543289, 0.007622000452152555, 0.0048591720910294844, 0.0015707897696076722, 0.016283364602325934, 0.004807791117257265, 0.0, 0.006037998432146252, 0.007009832850352171, 0.005399406329548717, 0.013611553966170753, 0.06193168972938379
0.059696197509765625, 0.09028267860412598, 0.08338308334350586, 0.05101633071899414, 0.037209272384643555, 0.035775184631347656, 0.04082369804382324, 0.03653836250305176, 0.040219783782958984, 0.039240360260009766, 0.0695350170135498, 0.01820230484008789, 0.034746646881103516, 0.021135568618774414, 0.019817829132080078, 0.015596389770507812, 0.016667604446411133, 0.015639305114746094, 0.015006065368652344, 0.015812158584594727