{'Max_spout': 1.0, 'Spliters': 1.0, 'Counters': 18.0}, {'Max_spout': 1.0, 'Spliters': 1.0, 'Counters': 15.0}, {'Max_spout': 1.0, 'Spliters': 1.0, 'Counters': 12.0}, {'Max_spout': 1.0, 'Spliters': 3.0, 'Counters': 9.0}, {'Max_spout': 1.0, 'Spliters': 6.0, 'Counters': 15.0}, {'Max_spout': 1.0, 'Spliters': 1.0, 'Counters': 12.0}, {'Max_spout': 1.0, 'Spliters': 2.0, 'Counters': 18.0}, {'Max_spout': 1.0, 'Spliters': 1.0, 'Counters': 18.0}, {'Max_spout': 1.0, 'Spliters': 1.0, 'Counters': 15.0}, {'Max_spout': 1.0, 'Spliters': 2.0, 'Counters': 18.0}, {'Max_spout': 1.0, 'Spliters': 2.0, 'Counters': 18.0}, {'Max_spout': 1.0, 'Spliters': 1.0, 'Counters': 18.0}, {'Max_spout': 1.0, 'Spliters': 2.0, 'Counters': 3.0}, {'Max_spout': 1.0, 'Spliters': 1.0, 'Counters': 12.0}, {'Max_spout': 1.0, 'Spliters': 1.0, 'Counters': 12.0}, {'Max_spout': 1.0, 'Spliters': 2.0, 'Counters': 18.0}, {'Max_spout': 1.0, 'Spliters': 2.0, 'Counters': 9.0}, {'Max_spout': 1.0, 'Spliters': 2.0, 'Counters': 15.0}, {'Max_spout': 1.0, 'Spliters': 1.0, 'Counters': 18.0}, {'Max_spout': 1.0, 'Spliters': 2.0, 'Counters': 1.0}
0.0015707897696076722, 0.002165341037543289, 0.0, 0.014429245463060014, 0.010632925515204339, 0.0, 0.0048591720910294844, 0.0015707897696076722, 0.002165341037543289, 0.0048591720910294844, 0.0048591720910294844, 0.0015707897696076722, 0.006926155264494582, 0.0, 0.0, 0.0048591720910294844, 0.007009832850352171, 0.005399406329548717, 0.0015707897696076722, 0.003421972853229538
0.08699393272399902, 0.062127113342285156, 0.048720598220825195, 0.05506134033203125, 0.04846072196960449, 0.05633378028869629, 0.057958364486694336, 0.04993462562561035, 0.04969000816345215, 0.06837964057922363, 0.07216620445251465, 0.06827068328857422, 0.06841349601745605, 0.05369138717651367, 0.059395790100097656, 0.3836350440979004, 0.16784358024597168, 0.07117319107055664, 0.07415056228637695, 0.0736532211303711