{'Max_spout': 1.0, 'Spliters': 1.0, 'Counters': 9.0}, {'Max_spout': 1.0, 'Spliters': 1.0, 'Counters': 1.0}, {'Max_spout': 1.0, 'Spliters': 1.0, 'Counters': 9.0}, {'Max_spout': 1000000.0, 'Spliters': 6.0, 'Counters': 3.0}, {'Max_spout': 1000.0, 'Spliters': 2.0, 'Counters': 1.0}, {'Max_spout': 1.0, 'Spliters': 1.0, 'Counters': 18.0}, {'Max_spout': 10000.0, 'Spliters': 3.0, 'Counters': 1.0}, {'Max_spout': 1.0, 'Spliters': 6.0, 'Counters': 12.0}, {'Max_spout': 100000.0, 'Spliters': 1.0, 'Counters': 1.0}, {'Max_spout': 1.0, 'Spliters': 2.0, 'Counters': 6.0}, {'Max_spout': 1.0, 'Spliters': 2.0, 'Counters': 9.0}, {'Max_spout': 1.0, 'Spliters': 1.0, 'Counters': 18.0}, {'Max_spout': 10.0, 'Spliters': 3.0, 'Counters': 1.0}, {'Max_spout': 1.0, 'Spliters': 1.0, 'Counters': 1.0}, {'Max_spout': 1.0, 'Spliters': 1.0, 'Counters': 6.0}, {'Max_spout': 1.0, 'Spliters': 2.0, 'Counters': 12.0}, {'Max_spout': 1.0, 'Spliters': 2.0, 'Counters': 9.0}, {'Max_spout': 1.0, 'Spliters': 2.0, 'Counters': 15.0}, {'Max_spout': 1.0, 'Spliters': 6.0, 'Counters': 6.0}, {'Max_spout': 1000.0, 'Spliters': 6.0, 'Counters': 1.0}
0.0018937558904615903, 0.004807791117257265, 0.0018937558904615903, 0.2622426180220967, 0.0698663801076358, 0.0015707897696076722, 0.07676904692697739, 0.012412175235545053, 0.07136817256960648, 0.007622000452152555, 0.007009832850352171, 0.0015707897696076722, 0.0605502755488222, 0.004807791117257265, 0.003361783712524935, 0.006037998432146252, 0.007009832850352171, 0.005399406329548717, 0.013611553966170753, 0.07417650979321366
0.025236845016479492, 0.019738435745239258, 0.03182578086853027, 0.03565406799316406, 0.03623795509338379, 0.031301021575927734, 0.031337738037109375, 0.05667543411254883, 0.019426584243774414, 0.01837778091430664, 0.016720294952392578, 0.02137589454650879, 0.016514062881469727, 0.02303147315979004, 0.0166013240814209, 0.026416778564453125, 0.028363943099975586, 0.026381731033325195, 0.027171850204467773, 0.03196597099304199