{'Max_spout': 1.0, 'Spliters': 1.0, 'Counters': 12.0}, {'Max_spout': 1.0, 'Spliters': 1.0, 'Counters': 15.0}, {'Max_spout': 1.0, 'Spliters': 1.0, 'Counters': 15.0}, {'Max_spout': 1.0, 'Spliters': 2.0, 'Counters': 15.0}, {'Max_spout': 1.0, 'Spliters': 1.0, 'Counters': 15.0}, {'Max_spout': 1.0, 'Spliters': 1.0, 'Counters': 15.0}, {'Max_spout': 1.0, 'Spliters': 1.0, 'Counters': 1.0}, {'Max_spout': 1.0, 'Spliters': 1.0, 'Counters': 12.0}, {'Max_spout': 1.0, 'Spliters': 1.0, 'Counters': 15.0}, {'Max_spout': 1.0, 'Spliters': 1.0, 'Counters': 15.0}, {'Max_spout': 1.0, 'Spliters': 2.0, 'Counters': 1.0}, {'Max_spout': 1.0, 'Spliters': 1.0, 'Counters': 15.0}, {'Max_spout': 1.0, 'Spliters': 1.0, 'Counters': 15.0}, {'Max_spout': 1.0, 'Spliters': 1.0, 'Counters': 12.0}, {'Max_spout': 1.0, 'Spliters': 1.0, 'Counters': 15.0}, {'Max_spout': 1.0, 'Spliters': 2.0, 'Counters': 1.0}, {'Max_spout': 1.0, 'Spliters': 1.0, 'Counters': 15.0}, {'Max_spout': 1.0, 'Spliters': 1.0, 'Counters': 15.0}, {'Max_spout': 1.0, 'Spliters': 1.0, 'Counters': 15.0}, {'Max_spout': 1.0, 'Spliters': 2.0, 'Counters': 1.0}
0.0008150532127657595, 0.0, 0.0, 0.003507908693956674, 0.0, 0.0, 0.0023531105074919845, 0.0008150532127657595, 0.0, 0.0, 0.0019045801973868182, 0.0, 0.0, 0.0008150532127657595, 0.0, 0.0019045801973868182, 0.0, 0.0, 0.0, 0.0019045801973868182
0.11763715744018555, 0.11317825317382812, 0.11986255645751953, 0.520319938659668, 0.23534512519836426, 0.14521384239196777, 0.11932682991027832, 0.11744379997253418, 0.12209320068359375, 0.1222677230834961, 0.12462639808654785, 0.12122964859008789, 0.1995079517364502, 0.12475037574768066, 0.6385328769683838, 0.3128643035888672, 0.1221761703491211, 0.11419558525085449, 0.11778998374938965, 0.11429548263549805