{'Max_spout': 1.0, 'Spliters': 1.0, 'Counters': 9.0}, {'Max_spout': 1.0, 'Spliters': 1.0, 'Counters': 1.0}, {'Max_spout': 1.0, 'Spliters': 1.0, 'Counters': 9.0}, {'Max_spout': 1000000.0, 'Spliters': 6.0, 'Counters': 3.0}, {'Max_spout': 100.0, 'Spliters': 2.0, 'Counters': 1.0}, {'Max_spout': 1.0, 'Spliters': 1.0, 'Counters': 18.0}, {'Max_spout': 10000.0, 'Spliters': 3.0, 'Counters': 1.0}, {'Max_spout': 1.0, 'Spliters': 6.0, 'Counters': 12.0}, {'Max_spout': 100000.0, 'Spliters': 1.0, 'Counters': 1.0}, {'Max_spout': 1.0, 'Spliters': 2.0, 'Counters': 6.0}, {'Max_spout': 1.0, 'Spliters': 2.0, 'Counters': 9.0}, {'Max_spout': 1.0, 'Spliters': 1.0, 'Counters': 18.0}, {'Max_spout': 10.0, 'Spliters': 3.0, 'Counters': 1.0}, {'Max_spout': 1.0, 'Spliters': 1.0, 'Counters': 1.0}, {'Max_spout': 1.0, 'Spliters': 1.0, 'Counters': 1.0}, {'Max_spout': 1.0, 'Spliters': 2.0, 'Counters': 12.0}, {'Max_spout': 1.0, 'Spliters': 2.0, 'Counters': 9.0}, {'Max_spout': 1.0, 'Spliters': 2.0, 'Counters': 15.0}, {'Max_spout': 1.0, 'Spliters': 6.0, 'Counters': 6.0}, {'Max_spout': 100.0, 'Spliters': 1.0, 'Counters': 1.0}
0.0012736252462314246, 0.0023531105074919845, 0.0012736252462314246, 0.2706863685279002, 0.06182354348986707, 0.001956462434749673, 0.06990210993344015, 0.010963888289174828, 0.057947438272689666, 0.002341395163571347, 0.003837611944295216, 0.001956462434749673, 0.05419350735639916, 0.0023531105074919845, 0.0023531105074919845, 0.004038446411506524, 0.003837611944295216, 0.003507908693956674, 0.012276006808288442, 0.07726771401841315
0.031581878662109375, 0.05866646766662598, 0.0271909236907959, 0.020978689193725586, 0.044626712799072266, 0.014432668685913086, 0.014258623123168945, 0.011248111724853516, 0.01057744026184082, 0.009569168090820312, 0.011295795440673828, 0.009989738464355469, 0.010908126831054688, 0.012234210968017578, 0.011840343475341797, 0.013558387756347656, 0.009887218475341797, 0.010997772216796875, 0.009760141372680664, 0.011739730834960938