{'Max_spout': 1.0, 'Spliters': 1.0, 'Counters': 9.0}, {'Max_spout': 1.0, 'Spliters': 2.0, 'Counters': 1.0}, {'Max_spout': 1.0, 'Spliters': 1.0, 'Counters': 9.0}, {'Max_spout': 1.0, 'Spliters': 3.0, 'Counters': 9.0}, {'Max_spout': 1.0, 'Spliters': 6.0, 'Counters': 12.0}, {'Max_spout': 1.0, 'Spliters': 1.0, 'Counters': 15.0}, {'Max_spout': 1.0, 'Spliters': 2.0, 'Counters': 15.0}, {'Max_spout': 1.0, 'Spliters': 1.0, 'Counters': 18.0}, {'Max_spout': 1.0, 'Spliters': 1.0, 'Counters': 15.0}, {'Max_spout': 1.0, 'Spliters': 2.0, 'Counters': 6.0}, {'Max_spout': 1.0, 'Spliters': 2.0, 'Counters': 15.0}, {'Max_spout': 1.0, 'Spliters': 1.0, 'Counters': 3.0}, {'Max_spout': 1.0, 'Spliters': 2.0, 'Counters': 3.0}, {'Max_spout': 1.0, 'Spliters': 1.0, 'Counters': 12.0}, {'Max_spout': 1.0, 'Spliters': 1.0, 'Counters': 1.0}, {'Max_spout': 1.0, 'Spliters': 2.0, 'Counters': 3.0}, {'Max_spout': 1.0, 'Spliters': 2.0, 'Counters': 9.0}, {'Max_spout': 1.0, 'Spliters': 2.0, 'Counters': 15.0}, {'Max_spout': 1.0, 'Spliters': 1.0, 'Counters': 15.0}, {'Max_spout': 1.0, 'Spliters': 2.0, 'Counters': 1.0}
0.0012736252462314246, 0.0019045801973868182, 0.0012736252462314246, 0.0110944306928622, 0.010963888289174828, 0.0, 0.003507908693956674, 0.001956462434749673, 0.0, 0.002341395163571347, 0.003507908693956674, 0.0019296845057882317, 0.0038543481498961585, 0.0008150532127657595, 0.0023531105074919845, 0.0038543481498961585, 0.003837611944295216, 0.003507908693956674, 0.0, 0.0019045801973868182
0.044423818588256836, 0.03387117385864258, 0.035776376724243164, 0.03677535057067871, 0.037543296813964844, 0.036969900131225586, 0.03786110877990723, 0.0316159725189209, 0.032034873962402344, 0.03416705131530762, 0.03331494331359863, 0.033028602600097656, 0.03264021873474121, 0.0305633544921875, 0.03577256202697754, 0.03118157386779785, 0.03232073783874512, 0.0322110652923584, 0.034311532974243164, 0.03793954849243164