{'Max_spout': 1.0, 'Spliters': 1.0, 'Counters': 9.0}, {'Max_spout': 1.0, 'Spliters': 1.0, 'Counters': 1.0}, {'Max_spout': 1.0, 'Spliters': 1.0, 'Counters': 9.0}, {'Max_spout': 10.0, 'Spliters': 3.0, 'Counters': 1.0}, {'Max_spout': 100.0, 'Spliters': 2.0, 'Counters': 1.0}, {'Max_spout': 1.0, 'Spliters': 1.0, 'Counters': 15.0}, {'Max_spout': 1.0, 'Spliters': 2.0, 'Counters': 18.0}, {'Max_spout': 1.0, 'Spliters': 1.0, 'Counters': 18.0}, {'Max_spout': 1.0, 'Spliters': 1.0, 'Counters': 15.0}, {'Max_spout': 1.0, 'Spliters': 2.0, 'Counters': 6.0}, {'Max_spout': 1.0, 'Spliters': 2.0, 'Counters': 9.0}, {'Max_spout': 1.0, 'Spliters': 1.0, 'Counters': 18.0}, {'Max_spout': 1.0, 'Spliters': 3.0, 'Counters': 1.0}, {'Max_spout': 1.0, 'Spliters': 1.0, 'Counters': 1.0}, {'Max_spout': 1.0, 'Spliters': 1.0, 'Counters': 1.0}, {'Max_spout': 1.0, 'Spliters': 2.0, 'Counters': 12.0}, {'Max_spout': 1.0, 'Spliters': 2.0, 'Counters': 9.0}, {'Max_spout': 1.0, 'Spliters': 2.0, 'Counters': 15.0}, {'Max_spout': 1.0, 'Spliters': 6.0, 'Counters': 6.0}, {'Max_spout': 10.0, 'Spliters': 2.0, 'Counters': 1.0}
0.0012736252462314246, 0.0023531105074919845, 0.0012736252462314246, 0.05419350735639916, 0.06182354348986707, 0.0, 0.00412714830119143, 0.001956462434749673, 0.0, 0.002341395163571347, 0.003837611944295216, 0.001956462434749673, 0.014838319885792095, 0.0023531105074919845, 0.0023531105074919845, 0.004038446411506524, 0.003837611944295216, 0.003507908693956674, 0.012276006808288442, 0.048416169182955215
0.020087480545043945, 0.023610591888427734, 0.017113208770751953, 0.01736760139465332, 0.018239498138427734, 0.019335269927978516, 0.0214993953704834, 0.019100427627563477, 0.01961803436279297, 0.01877284049987793, 0.019122600555419922, 0.018296003341674805, 0.01900768280029297, 0.019533872604370117, 0.01715874671936035, 0.0177614688873291, 0.017549514770507812, 0.017623186111450195, 0.019835710525512695, 0.018986940383911133