{'Max_spout': 1.0, 'Spliters': 1.0, 'Counters': 9.0}, {'Max_spout': 1.0, 'Spliters': 1.0, 'Counters': 15.0}, {'Max_spout': 1.0, 'Spliters': 1.0, 'Counters': 9.0}, {'Max_spout': 1.0, 'Spliters': 3.0, 'Counters': 9.0}, {'Max_spout': 1.0, 'Spliters': 6.0, 'Counters': 12.0}, {'Max_spout': 1.0, 'Spliters': 1.0, 'Counters': 15.0}, {'Max_spout': 1.0, 'Spliters': 2.0, 'Counters': 15.0}, {'Max_spout': 1.0, 'Spliters': 1.0, 'Counters': 3.0}, {'Max_spout': 1.0, 'Spliters': 1.0, 'Counters': 15.0}, {'Max_spout': 1.0, 'Spliters': 2.0, 'Counters': 6.0}, {'Max_spout': 1.0, 'Spliters': 2.0, 'Counters': 15.0}, {'Max_spout': 1.0, 'Spliters': 1.0, 'Counters': 3.0}, {'Max_spout': 1.0, 'Spliters': 2.0, 'Counters': 3.0}, {'Max_spout': 1.0, 'Spliters': 1.0, 'Counters': 12.0}, {'Max_spout': 1.0, 'Spliters': 1.0, 'Counters': 1.0}, {'Max_spout': 1.0, 'Spliters': 2.0, 'Counters': 9.0}, {'Max_spout': 1.0, 'Spliters': 2.0, 'Counters': 9.0}, {'Max_spout': 1.0, 'Spliters': 2.0, 'Counters': 15.0}, {'Max_spout': 1.0, 'Spliters': 1.0, 'Counters': 15.0}, {'Max_spout': 1.0, 'Spliters': 2.0, 'Counters': 1.0}
0.0012736252462314246, 0.0, 0.0012736252462314246, 0.0110944306928622, 0.010963888289174828, 0.0, 0.003507908693956674, 0.0019296845057882317, 0.0, 0.002341395163571347, 0.003507908693956674, 0.0019296845057882317, 0.0038543481498961585, 0.0008150532127657595, 0.0023531105074919845, 0.003837611944295216, 0.003837611944295216, 0.003507908693956674, 0.0, 0.0019045801973868182
0.059563398361206055, 0.057103872299194336, 0.2139279842376709, 0.04661273956298828, 0.04449939727783203, 0.05594587326049805, 0.052918195724487305, 0.14597678184509277, 0.04727506637573242, 0.044461727142333984, 0.04507184028625488, 0.04662036895751953, 0.044618844985961914, 0.04435253143310547, 0.05044412612915039, 0.043584346771240234, 0.043399810791015625, 0.04922652244567871, 0.04309439659118652, 0.0450901985168457