{'Max_spout': 1.0, 'Spliters': 1.0, 'Counters': 6.0}, {'Max_spout': 1.0, 'Spliters': 1.0, 'Counters': 15.0}, {'Max_spout': 1.0, 'Spliters': 1.0, 'Counters': 9.0}, {'Max_spout': 1.0, 'Spliters': 3.0, 'Counters': 1.0}, {'Max_spout': 1.0, 'Spliters': 6.0, 'Counters': 15.0}, {'Max_spout': 1.0, 'Spliters': 1.0, 'Counters': 18.0}, {'Max_spout': 1.0, 'Spliters': 2.0, 'Counters': 18.0}, {'Max_spout': 1.0, 'Spliters': 1.0, 'Counters': 18.0}, {'Max_spout': 1.0, 'Spliters': 1.0, 'Counters': 15.0}, {'Max_spout': 1.0, 'Spliters': 2.0, 'Counters': 15.0}, {'Max_spout': 1.0, 'Spliters': 2.0, 'Counters': 18.0}, {'Max_spout': 1.0, 'Spliters': 1.0, 'Counters': 18.0}, {'Max_spout': 1.0, 'Spliters': 2.0, 'Counters': 3.0}, {'Max_spout': 1.0, 'Spliters': 1.0, 'Counters': 12.0}, {'Max_spout': 1.0, 'Spliters': 1.0, 'Counters': 12.0}, {'Max_spout': 1.0, 'Spliters': 2.0, 'Counters': 18.0}, {'Max_spout': 1.0, 'Spliters': 2.0, 'Counters': 9.0}, {'Max_spout': 1.0, 'Spliters': 2.0, 'Counters': 12.0}, {'Max_spout': 1.0, 'Spliters': 1.0, 'Counters': 15.0}, {'Max_spout': 1.0, 'Spliters': 2.0, 'Counters': 12.0}
0.0020255808389428864, 0.0037165286103190143, 0.003115159039619231, 0.01642611883838674, 0.011018642456691707, 0.0, 0.004397110839524876, 0.0, 0.0037165286103190143, 0.005286232516634626, 0.004397110839524876, 0.0, 0.0061333229871901596, 0.0008018260942662669, 0.0008018260942662669, 0.004397110839524876, 0.006553635052732987, 0.005236118385743005, 0.0037165286103190143, 0.005236118385743005
0.05304145812988281, 0.0434720516204834, 0.03361392021179199, 0.04258441925048828, 0.03159976005554199, 0.03460979461669922, 0.05239105224609375, 0.04100847244262695, 0.039071083068847656, 0.03430461883544922, 0.1404120922088623, 0.045841217041015625, 0.036966562271118164, 0.04217076301574707, 0.03580164909362793, 0.04292488098144531, 0.042073965072631836, 0.03734111785888672, 0.041858673095703125, 0.03687119483947754