{'Max_spout': 1.0, 'Spliters': 1.0, 'Counters': 9.0}, {'Max_spout': 1.0, 'Spliters': 1.0, 'Counters': 1.0}, {'Max_spout': 1.0, 'Spliters': 1.0, 'Counters': 9.0}, {'Max_spout': 1000000.0, 'Spliters': 6.0, 'Counters': 3.0}, {'Max_spout': 1000.0, 'Spliters': 2.0, 'Counters': 1.0}, {'Max_spout': 1.0, 'Spliters': 1.0, 'Counters': 18.0}, {'Max_spout': 10000.0, 'Spliters': 3.0, 'Counters': 1.0}, {'Max_spout': 1.0, 'Spliters': 6.0, 'Counters': 12.0}, {'Max_spout': 100000.0, 'Spliters': 1.0, 'Counters': 1.0}, {'Max_spout': 1.0, 'Spliters': 2.0, 'Counters': 6.0}, {'Max_spout': 1.0, 'Spliters': 2.0, 'Counters': 9.0}, {'Max_spout': 1.0, 'Spliters': 1.0, 'Counters': 18.0}, {'Max_spout': 10.0, 'Spliters': 3.0, 'Counters': 1.0}, {'Max_spout': 1.0, 'Spliters': 1.0, 'Counters': 1.0}, {'Max_spout': 1.0, 'Spliters': 1.0, 'Counters': 6.0}, {'Max_spout': 1.0, 'Spliters': 2.0, 'Counters': 12.0}, {'Max_spout': 1.0, 'Spliters': 2.0, 'Counters': 9.0}, {'Max_spout': 1.0, 'Spliters': 2.0, 'Counters': 15.0}, {'Max_spout': 1.0, 'Spliters': 6.0, 'Counters': 6.0}, {'Max_spout': 100.0, 'Spliters': 1.0, 'Counters': 1.0}
0.003115159039619231, 0.004705878549212117, 0.003115159039619231, 0.2723589853020103, 0.07602151997775575, 0.0, 0.07628502331115383, 0.014659191578239472, 0.05673727909367787, 0.007426590881168038, 0.006553635052732987, 0.0, 0.06878891928068442, 0.004705878549212117, 0.0020255808389428864, 0.005236118385743005, 0.006553635052732987, 0.005286232516634626, 0.014272827794913567, 0.07350611392396877
0.05318307876586914, 0.021795034408569336, 0.01487112045288086, 0.013009309768676758, 0.014724969863891602, 0.014328479766845703, 0.01081085205078125, 0.010445117950439453, 0.017889022827148438, 0.011439323425292969, 0.021202802658081055, 0.03554272651672363, 0.04859471321105957, 0.01958751678466797, 0.012144088745117188, 0.01663517951965332, 0.011331558227539062, 0.012789726257324219, 0.014888763427734375, 0.013431787490844727