{'Max_spout': 1.0, 'Spliters': 1.0, 'Counters': 9.0}, {'Max_spout': 1.0, 'Spliters': 1.0, 'Counters': 1.0}, {'Max_spout': 1.0, 'Spliters': 1.0, 'Counters': 9.0}, {'Max_spout': 1.0, 'Spliters': 3.0, 'Counters': 3.0}, {'Max_spout': 1000.0, 'Spliters': 2.0, 'Counters': 1.0}, {'Max_spout': 1.0, 'Spliters': 1.0, 'Counters': 18.0}, {'Max_spout': 1.0, 'Spliters': 2.0, 'Counters': 18.0}, {'Max_spout': 1.0, 'Spliters': 1.0, 'Counters': 18.0}, {'Max_spout': 1.0, 'Spliters': 1.0, 'Counters': 15.0}, {'Max_spout': 1.0, 'Spliters': 2.0, 'Counters': 6.0}, {'Max_spout': 1.0, 'Spliters': 2.0, 'Counters': 18.0}, {'Max_spout': 1.0, 'Spliters': 1.0, 'Counters': 18.0}, {'Max_spout': 1.0, 'Spliters': 3.0, 'Counters': 1.0}, {'Max_spout': 1.0, 'Spliters': 1.0, 'Counters': 1.0}, {'Max_spout': 1.0, 'Spliters': 1.0, 'Counters': 12.0}, {'Max_spout': 1.0, 'Spliters': 2.0, 'Counters': 12.0}, {'Max_spout': 1.0, 'Spliters': 2.0, 'Counters': 9.0}, {'Max_spout': 1.0, 'Spliters': 2.0, 'Counters': 12.0}, {'Max_spout': 1.0, 'Spliters': 6.0, 'Counters': 6.0}, {'Max_spout': 10.0, 'Spliters': 2.0, 'Counters': 1.0}
0.003115159039619231, 0.004705878549212117, 0.003115159039619231, 0.017691904789617685, 0.07602151997775575, 0.0, 0.004397110839524876, 0.0, 0.0037165286103190143, 0.007426590881168038, 0.004397110839524876, 0.0, 0.01642611883838674, 0.004705878549212117, 0.0008018260942662669, 0.005236118385743005, 0.006553635052732987, 0.005236118385743005, 0.014272827794913567, 0.04917651166850956
0.03359079360961914, 0.03132772445678711, 0.10627245903015137, 0.018332958221435547, 0.025972604751586914, 0.0380551815032959, 0.0223081111907959, 0.024361371994018555, 0.034345388412475586, 0.1233205795288086, 0.030342578887939453, 0.03163433074951172, 0.048046112060546875, 0.03366899490356445, 0.025310039520263672, 0.02794051170349121, 0.03367209434509277, 0.028181791305541992, 0.020807743072509766, 0.04104924201965332