{'Max_spout': 1.0, 'Spliters': 1.0, 'Counters': 18.0}, {'Max_spout': 1.0, 'Spliters': 1.0, 'Counters': 18.0}, {'Max_spout': 1.0, 'Spliters': 1.0, 'Counters': 12.0}, {'Max_spout': 1.0, 'Spliters': 6.0, 'Counters': 18.0}, {'Max_spout': 1.0, 'Spliters': 1.0, 'Counters': 6.0}, {'Max_spout': 1.0, 'Spliters': 1.0, 'Counters': 18.0}, {'Max_spout': 1.0, 'Spliters': 2.0, 'Counters': 18.0}, {'Max_spout': 1.0, 'Spliters': 1.0, 'Counters': 18.0}, {'Max_spout': 1.0, 'Spliters': 1.0, 'Counters': 12.0}, {'Max_spout': 1.0, 'Spliters': 1.0, 'Counters': 18.0}, {'Max_spout': 1.0, 'Spliters': 1.0, 'Counters': 18.0}, {'Max_spout': 1.0, 'Spliters': 1.0, 'Counters': 18.0}, {'Max_spout': 1.0, 'Spliters': 1.0, 'Counters': 18.0}, {'Max_spout': 1.0, 'Spliters': 1.0, 'Counters': 12.0}, {'Max_spout': 1.0, 'Spliters': 1.0, 'Counters': 18.0}, {'Max_spout': 1.0, 'Spliters': 2.0, 'Counters': 18.0}, {'Max_spout': 1.0, 'Spliters': 1.0, 'Counters': 9.0}, {'Max_spout': 1.0, 'Spliters': 1.0, 'Counters': 18.0}, {'Max_spout': 1.0, 'Spliters': 1.0, 'Counters': 18.0}, {'Max_spout': 1.0, 'Spliters': 2.0, 'Counters': 12.0}
0.0, 0.0, 0.0008018260942662669, 0.011702457855632509, 0.0020255808389428864, 0.0, 0.004397110839524876, 0.0, 0.0008018260942662669, 0.0, 0.0, 0.0, 0.0, 0.0008018260942662669, 0.0, 0.004397110839524876, 0.003115159039619231, 0.0, 0.0, 0.005236118385743005
0.12067461013793945, 0.1207578182220459, 0.12065625190734863, 0.12031102180480957, 0.12311029434204102, 0.1190042495727539, 0.11880946159362793, 0.11989855766296387, 0.12110280990600586, 0.1252288818359375, 0.11983108520507812, 0.12044095993041992, 0.12025284767150879, 0.12044286727905273, 0.11835956573486328, 0.11913061141967773, 0.11941361427307129, 0.11737966537475586, 0.1181187629699707, 0.1214592456817627