{'Max_spout': 1.0, 'Spliters': 1.0, 'Counters': 18.0}, {'Max_spout': 1.0, 'Spliters': 1.0, 'Counters': 18.0}, {'Max_spout': 1.0, 'Spliters': 1.0, 'Counters': 12.0}, {'Max_spout': 1.0, 'Spliters': 3.0, 'Counters': 1.0}, {'Max_spout': 1.0, 'Spliters': 6.0, 'Counters': 15.0}, {'Max_spout': 1.0, 'Spliters': 1.0, 'Counters': 18.0}, {'Max_spout': 1.0, 'Spliters': 2.0, 'Counters': 18.0}, {'Max_spout': 1.0, 'Spliters': 1.0, 'Counters': 18.0}, {'Max_spout': 1.0, 'Spliters': 1.0, 'Counters': 15.0}, {'Max_spout': 1.0, 'Spliters': 2.0, 'Counters': 18.0}, {'Max_spout': 1.0, 'Spliters': 2.0, 'Counters': 18.0}, {'Max_spout': 1.0, 'Spliters': 1.0, 'Counters': 18.0}, {'Max_spout': 1.0, 'Spliters': 2.0, 'Counters': 3.0}, {'Max_spout': 1.0, 'Spliters': 1.0, 'Counters': 12.0}, {'Max_spout': 1.0, 'Spliters': 1.0, 'Counters': 12.0}, {'Max_spout': 1.0, 'Spliters': 2.0, 'Counters': 18.0}, {'Max_spout': 1.0, 'Spliters': 2.0, 'Counters': 9.0}, {'Max_spout': 1.0, 'Spliters': 2.0, 'Counters': 12.0}, {'Max_spout': 1.0, 'Spliters': 1.0, 'Counters': 18.0}, {'Max_spout': 1.0, 'Spliters': 2.0, 'Counters': 12.0}
0.0, 0.0, 0.0008018260942662669, 0.01642611883838674, 0.011018642456691707, 0.0, 0.004397110839524876, 0.0, 0.0037165286103190143, 0.004397110839524876, 0.004397110839524876, 0.0, 0.0061333229871901596, 0.0008018260942662669, 0.0008018260942662669, 0.004397110839524876, 0.006553635052732987, 0.005236118385743005, 0.0, 0.005236118385743005
0.07485127449035645, 0.06363415718078613, 0.07066464424133301, 0.06363415718078613, 0.060541629791259766, 0.06352090835571289, 0.06635069847106934, 0.14480137825012207, 0.23764443397521973, 0.06505060195922852, 0.15203166007995605, 0.06799054145812988, 0.0694882869720459, 0.06763458251953125, 0.06648635864257812, 0.07607102394104004, 0.06675171852111816, 0.0681617259979248, 0.06446099281311035, 0.06346797943115234