{
  "incumbent_ids": [
    5
  ],
  "rejected_config_ids": [
    1,
    3,
    4,
    2,
    6,
    7,
    8,
    9,
    10,
    11,
    12
  ],
  "incumbents_changed": 3,
  "trajectory": [
    {
      "config_ids": [
        1
      ],
      "costs": [
        229.130516375274
      ],
      "trial": 1,
      "walltime": 0.00412297248840332
    },
    {
      "config_ids": [
        2
      ],
      "costs": [
        137.29588504155066
      ],
      "trial": 2,
      "walltime": 0.010828018188476562
    },
    {
      "config_ids": [
        5
      ],
      "costs": [
        128.37664269250925
      ],
      "trial": 5,
      "walltime": 1.2231099605560303
    }
  ],
  "state": {
    "queue": [
      [
        12,
        1
      ]
    ]
  }
}