{
  "incumbent_ids": [
    5
  ],
  "rejected_config_ids": [
    1,
    3,
    4,
    2,
    6,
    7,
    8,
    9,
    10,
    11,
    12
  ],
  "incumbents_changed": 3,
  "trajectory": [
    {
      "config_ids": [
        1
      ],
      "costs": [
        263.4026432228234
      ],
      "trial": 1,
      "walltime": 0.0041866302490234375
    },
    {
      "config_ids": [
        2
      ],
      "costs": [
        190.56505187441653
      ],
      "trial": 2,
      "walltime": 0.010654926300048828
    },
    {
      "config_ids": [
        5
      ],
      "costs": [
        110.12135490972942
      ],
      "trial": 5,
      "walltime": 1.2291927337646484
    }
  ],
  "state": {
    "queue": [
      [
        12,
        1
      ]
    ]
  }
}