{
  "incumbent_ids": [
    5
  ],
  "rejected_config_ids": [
    1,
    2,
    4,
    3,
    6,
    7,
    8,
    9,
    10,
    11,
    12
  ],
  "incumbents_changed": 4,
  "trajectory": [
    {
      "config_ids": [
        1
      ],
      "costs": [
        292.50782607676996
      ],
      "trial": 1,
      "walltime": 0.004246711730957031
    },
    {
      "config_ids": [
        2
      ],
      "costs": [
        257.34384170772313
      ],
      "trial": 2,
      "walltime": 0.011288642883300781
    },
    {
      "config_ids": [
        3
      ],
      "costs": [
        222.27026201792916
      ],
      "trial": 3,
      "walltime": 0.018551111221313477
    },
    {
      "config_ids": [
        5
      ],
      "costs": [
        188.77521057112628
      ],
      "trial": 5,
      "walltime": 1.2927682399749756
    }
  ],
  "state": {
    "queue": [
      [
        12,
        1
      ]
    ]
  }
}