{
  "incumbent_ids": [
    3
  ],
  "rejected_config_ids": [
    1,
    2,
    4,
    5,
    6
  ],
  "incumbents_changed": 3,
  "trajectory": [
    {
      "config_ids": [
        1
      ],
      "costs": [
        340.2811161240429
      ],
      "trial": 1,
      "walltime": 0.004459857940673828
    },
    {
      "config_ids": [
        2
      ],
      "costs": [
        270.22505486239
      ],
      "trial": 2,
      "walltime": 1.219541311264038
    },
    {
      "config_ids": [
        3
      ],
      "costs": [
        119.38023124588958
      ],
      "trial": 3,
      "walltime": 1.2276568412780762
    }
  ],
  "state": {
    "queue": [
      [
        6,
        1
      ]
    ]
  }
}