{
  "incumbent_ids": [
    2
  ],
  "rejected_config_ids": [
    1,
    3,
    4,
    5,
    6
  ],
  "incumbents_changed": 2,
  "trajectory": [
    {
      "config_ids": [
        1
      ],
      "costs": [
        219.1855551025441
      ],
      "trial": 1,
      "walltime": 0.004101753234863281
    },
    {
      "config_ids": [
        2
      ],
      "costs": [
        171.9835019803419
      ],
      "trial": 2,
      "walltime": 1.206977367401123
    }
  ],
  "state": {
    "queue": [
      [
        6,
        1
      ]
    ]
  }
}