{
  "incumbent_ids": [
    3
  ],
  "rejected_config_ids": [
    1,
    2,
    4,
    5,
    6,
    7,
    8,
    9,
    10,
    11,
    12
  ],
  "incumbents_changed": 3,
  "trajectory": [
    {
      "config_ids": [
        1
      ],
      "costs": [
        251.2755742559567
      ],
      "trial": 1,
      "walltime": 0.004415035247802734
    },
    {
      "config_ids": [
        2
      ],
      "costs": [
        178.01406998001818
      ],
      "trial": 2,
      "walltime": 0.01145029067993164
    },
    {
      "config_ids": [
        3
      ],
      "costs": [
        124.23933672127336
      ],
      "trial": 3,
      "walltime": 0.018862485885620117
    }
  ],
  "state": {
    "queue": [
      [
        12,
        1
      ]
    ]
  }
}