{
  "incumbent_ids": [
    4
  ],
  "rejected_config_ids": [
    1,
    2,
    3,
    5,
    6
  ],
  "incumbents_changed": 4,
  "trajectory": [
    {
      "config_ids": [
        1
      ],
      "costs": [
        334.2358604468714
      ],
      "trial": 1,
      "walltime": 0.003998517990112305
    },
    {
      "config_ids": [
        2
      ],
      "costs": [
        301.87647785371195
      ],
      "trial": 2,
      "walltime": 0.012406349182128906
    },
    {
      "config_ids": [
        3
      ],
      "costs": [
        270.6745852685335
      ],
      "trial": 3,
      "walltime": 1.2911326885223389
    },
    {
      "config_ids": [
        4
      ],
      "costs": [
        139.08789144874385
      ],
      "trial": 4,
      "walltime": 1.2994635105133057
    }
  ],
  "state": {
    "queue": [
      [
        6,
        1
      ]
    ]
  }
}