{
  "incumbent_ids": [
    5
  ],
  "rejected_config_ids": [
    2,
    3,
    4,
    1,
    6
  ],
  "incumbents_changed": 2,
  "trajectory": [
    {
      "config_ids": [
        1
      ],
      "costs": [
        168.95206504698635
      ],
      "trial": 1,
      "walltime": 0.0055620670318603516
    },
    {
      "config_ids": [
        5
      ],
      "costs": [
        150.7917347173901
      ],
      "trial": 5,
      "walltime": 1.217386245727539
    }
  ],
  "state": {
    "queue": [
      [
        6,
        1
      ]
    ]
  }
}