{
  "incumbent_ids": [
    5
  ],
  "rejected_config_ids": [
    2,
    1,
    4,
    3,
    6
  ],
  "incumbents_changed": 3,
  "trajectory": [
    {
      "config_ids": [
        1
      ],
      "costs": [
        238.1353796260869
      ],
      "trial": 1,
      "walltime": 0.003977298736572266
    },
    {
      "config_ids": [
        3
      ],
      "costs": [
        195.94452240092156
      ],
      "trial": 3,
      "walltime": 1.139861822128296
    },
    {
      "config_ids": [
        5
      ],
      "costs": [
        141.56580762558005
      ],
      "trial": 5,
      "walltime": 1.1552913188934326
    }
  ],
  "state": {
    "queue": [
      [
        6,
        1
      ]
    ]
  }
}