{
  "incumbent_ids": [
    3
  ],
  "rejected_config_ids": [
    1,
    2,
    4,
    5,
    6
  ],
  "incumbents_changed": 3,
  "trajectory": [
    {
      "config_ids": [
        1
      ],
      "costs": [
        263.4026432228234
      ],
      "trial": 1,
      "walltime": 0.004357814788818359
    },
    {
      "config_ids": [
        2
      ],
      "costs": [
        227.3657965462539
      ],
      "trial": 2,
      "walltime": 0.012992382049560547
    },
    {
      "config_ids": [
        3
      ],
      "costs": [
        216.09464073764838
      ],
      "trial": 3,
      "walltime": 1.1213271617889404
    }
  ],
  "state": {
    "queue": [
      [
        6,
        1
      ]
    ]
  }
}