{
  "incumbent_ids": [
    4
  ],
  "rejected_config_ids": [
    2,
    1,
    3,
    5,
    6
  ],
  "incumbents_changed": 3,
  "trajectory": [
    {
      "config_ids": [
        1
      ],
      "costs": [
        208.08561534439298
      ],
      "trial": 1,
      "walltime": 0.004395008087158203
    },
    {
      "config_ids": [
        3
      ],
      "costs": [
        192.3043122033089
      ],
      "trial": 3,
      "walltime": 1.149801254272461
    },
    {
      "config_ids": [
        4
      ],
      "costs": [
        157.1317587370472
      ],
      "trial": 4,
      "walltime": 1.15767502784729
    }
  ],
  "state": {
    "queue": [
      [
        6,
        1
      ]
    ]
  }
}