{
  "incumbent_ids": [
    7
  ],
  "rejected_config_ids": [
    1,
    3,
    4,
    5,
    2,
    6,
    8,
    9,
    10
  ],
  "incumbents_changed": 4,
  "trajectory": [
    {
      "config_ids": [
        1
      ],
      "costs": [
        0.401834019635668
      ],
      "trial": 1,
      "walltime": 0.17263197898864746
    },
    {
      "config_ids": [
        2
      ],
      "costs": [
        0.36743460836085706
      ],
      "trial": 2,
      "walltime": 0.3437371253967285
    },
    {
      "config_ids": [
        6
      ],
      "costs": [
        0.34301493326435617
      ],
      "trial": 6,
      "walltime": 2.9890778064727783
    },
    {
      "config_ids": [
        7
      ],
      "costs": [
        0.20470124120593114
      ],
      "trial": 7,
      "walltime": 3.1658594608306885
    }
  ],
  "state": {
    "queue": [
      [
        10,
        1
      ]
    ]
  }
}