{
  "incumbent_ids": [
    8
  ],
  "rejected_config_ids": [
    2,
    3,
    4,
    5,
    6,
    7,
    1,
    9,
    10
  ],
  "incumbents_changed": 2,
  "trajectory": [
    {
      "config_ids": [
        1
      ],
      "costs": [
        0.3061471055799305
      ],
      "trial": 1,
      "walltime": 0.16689848899841309
    },
    {
      "config_ids": [
        8
      ],
      "costs": [
        0.2468030941898095
      ],
      "trial": 8,
      "walltime": 3.41003155708313
    }
  ],
  "state": {
    "queue": [
      [
        10,
        1
      ]
    ]
  }
}