{
  "incumbent_ids": [
    4
  ],
  "rejected_config_ids": [
    1,
    3,
    2,
    5,
    6
  ],
  "incumbents_changed": 3,
  "trajectory": [
    {
      "config_ids": [
        1
      ],
      "costs": [
        276.9436495899974
      ],
      "trial": 1,
      "walltime": 0.004019975662231445
    },
    {
      "config_ids": [
        2
      ],
      "costs": [
        186.08562923986545
      ],
      "trial": 2,
      "walltime": 1.222527265548706
    },
    {
      "config_ids": [
        4
      ],
      "costs": [
        124.2605426472003
      ],
      "trial": 4,
      "walltime": 1.2374982833862305
    }
  ],
  "state": {
    "queue": [
      [
        6,
        1
      ]
    ]
  }
}