{
  "optimizer": "MOTPE",
  "dataset": "xomo_ground",
  "checkpoint": 20,
  "seed": 1,
  "runtime_seconds": 8.494577646255493,
  "best_value": 0.07896852213331308,
  "n_evaluations": 20,
  "start_timestamp": 1770795366.276728,
  "end_timestamp": 1770795374.7713065,
  "evaluation_history": [
    {
      "config": {
        "DATA": 4.774,
        " ACAP": 4.508,
        " AEXP": 2.71,
        " CPLx": 3.393,
        " DOCU": 2.169,
        " ETAT": 5.574,
        " FLEx": 2.745,
        " KLOC": 75.428,
        " LTEx": 1.378,
        " PCAP": 4.875,
        " PCON": 4.594,
        " PLEx": 2.298,
        " PMAT": 2.035,
        " PREC": 4.244,
        " PVOL": 2.929,
        " RELY": 1.404,
        " RESL": 3.09,
        " RUSE": 4.618,
        " SCED": 3.0,
        " SITE": 5.374,
        " STOR": 3.631,
        " TEAM": 3.71,
        " TIME": 3.683,
        " TOOL": 2.0
      },
      "objectives": [
        0.038482778870522205,
        0.22487478350418955,
        0.009290852336433564,
        0.5
      ],
      "iteration": 1,
      "timestamp": 0.03308534622192383
    },
    {
      "config": {
        "DATA": 2.736,
        " ACAP": 3.558,
        " AEXP": 2.256,
        " CPLx": 1.477,
        " DOCU": 4.885,
        " ETAT": 1.785,
        " FLEx": 2.908,
        " KLOC": 391.906,
        " LTEx": 1.437,
        " PCAP": 4.613,
        " PCON": 2.969,
        " PLEx": 1.288,
        " PMAT": 2.683,
        " PREC": 3.797,
        " PVOL": 3.826,
        " RELY": 2.487,
        " RESL": 1.537,
        " RUSE": 3.081,
        " SCED": 3.0,
        " SITE": 4.802,
        " STOR": 3.693,
        " TEAM": 1.291,
        " TIME": 3.54,
        " TOOL": 2.0
      },
      "objectives": [
        0.46220644731390226,
        0.7252960726489726,
        0.23767470846203975,
        0.37505827505827505
      ],
      "iteration": 2,
      "timestamp": 0.25331926345825195
    },
    {
      "config": {
        "DATA": 2.37,
        " ACAP": 4.133,
        " AEXP": 3.168,
        " CPLx": 3.878,
        " DOCU": 3.234,
        " ETAT": 2.09,
        " FLEx": 3.304,
        " KLOC": 131.072,
        " LTEx": 2.127,
        " PCAP": 4.368,
        " PCON": 2.606,
        " PLEx": 1.318,
        " PMAT": 2.004,
        " PREC": 1.874,
        " PVOL": 2.257,
        " RELY": 3.235,
        " RESL": 1.617,
        " RUSE": 3.467,
        " SCED": 3.0,
        " SITE": 2.091,
        " STOR": 3.879,
        " TEAM": 1.555,
        " TIME": 3.353,
        " TOOL": 2.0
      },
      "objectives": [
        0.1404379366160392,
        0.46730328137433885,
        0.08974926306662678,
        0.06247086247086253
      ],
      "iteration": 3,
      "timestamp": 0.5910708904266357
    },
    {
      "config": {
        "DATA": 4.927,
        " ACAP": 3.206,
        " AEXP": 2.359,
        " CPLx": 2.758,
        " DOCU": 1.78,
        " ETAT": 4.959,
        " FLEx": 1.071,
        " KLOC": 219.706,
        " LTEx": 3.402,
        " PCAP": 4.065,
        " PCON": 4.852,
        " PLEx": 2.186,
        " PMAT": 2.899,
        " PREC": 2.269,
        " PVOL": 2.614,
        " RELY": 1.911,
        " RESL": 1.57,
        " RUSE": 2.777,
        " SCED": 3.0,
        " SITE": 2.489,
        " STOR": 3.579,
        " TEAM": 4.475,
        " TIME": 3.811,
        " TOOL": 2.0
      },
      "objectives": [
        0.16759222658054562,
        0.47839722885362546,
        0.04916072613121858,
        0.37505827505827505
      ],
      "iteration": 4,
      "timestamp": 0.9270453453063965
    },
    {
      "config": {
        "DATA": 2.372,
        " ACAP": 4.957,
        " AEXP": 2.77,
        " CPLx": 1.865,
        " DOCU": 4.357,
        " ETAT": 2.682,
        " FLEx": 2.792,
        " KLOC": 112.892,
        " LTEx": 1.843,
        " PCAP": 3.753,
        " PCON": 4.526,
        " PLEx": 3.07,
        " PMAT": 2.664,
        " PREC": 2.019,
        " PVOL": 3.958,
        " RELY": 1.821,
        " RESL": 2.636,
        " RUSE": 3.445,
        " SCED": 3.0,
        " SITE": 2.946,
        " STOR": 3.623,
        " TEAM": 2.346,
        " TIME": 3.821,
        " TOOL": 2.0
      },
      "objectives": [
        0.058630919533541825,
        0.29548752516032395,
        0.029823466610818472,
        0.5624708624708624
      ],
      "iteration": 5,
      "timestamp": 1.2390294075012207
    },
    {
      "config": {
        "DATA": 2.166,
        " ACAP": 3.678,
        " AEXP": 3.704,
        " CPLx": 3.088,
        " DOCU": 1.707,
        " ETAT": 3.38,
        " FLEx": 3.399,
        " KLOC": 360.889,
        " LTEx": 2.065,
        " PCAP": 3.606,
        " PCON": 2.087,
        " PLEx": 1.601,
        " PMAT": 2.534,
        " PREC": 4.717,
        " PVOL": 4.916,
        " RELY": 2.451,
        " RESL": 3.119,
        " RUSE": 4.186,
        " SCED": 3.0,
        " SITE": 5.094,
        " STOR": 3.548,
        " TEAM": 2.808,
        " TIME": 3.86,
        " TOOL": 2.0
      },
      "objectives": [
        0.19528717136480034,
        0.46891822309600717,
        0.1436312779040272,
        0.0
      ],
      "iteration": 6,
      "timestamp": 1.5615861415863037
    },
    {
      "config": {
        "DATA": 4.3,
        " ACAP": 4.716,
        " AEXP": 4.111,
        " CPLx": 1.987,
        " DOCU": 2.196,
        " ETAT": 4.23,
        " FLEx": 4.153,
        " KLOC": 84.564,
        " LTEx": 3.544,
        " PCAP": 4.838,
        " PCON": 2.037,
        " PLEx": 2.136,
        " PMAT": 2.37,
        " PREC": 2.935,
        " PVOL": 4.496,
        " RELY": 2.445,
        " RESL": 1.878,
        " RUSE": 5.064,
        " SCED": 3.0,
        " SITE": 3.075,
        " STOR": 3.488,
        " TEAM": 3.132,
        " TIME": 3.832,
        " TOOL": 2.0
      },
      "objectives": [
        0.053262057731001566,
        0.2720357627674016,
        0.028935493649448474,
        0.5
      ],
      "iteration": 7,
      "timestamp": 1.8796002864837646
    },
    {
      "config": {
        "DATA": 3.725,
        " ACAP": 3.273,
        " AEXP": 4.677,
        " CPLx": 1.457,
        " DOCU": 2.553,
        " ETAT": 2.321,
        " FLEx": 4.287,
        " KLOC": 174.396,
        " LTEx": 1.828,
        " PCAP": 3.824,
        " PCON": 1.23,
        " PLEx": 2.645,
        " PMAT": 2.617,
        " PREC": 2.042,
        " PVOL": 4.856,
        " RELY": 2.931,
        " RESL": 3.419,
        " RUSE": 3.629,
        " SCED": 3.0,
        " SITE": 1.555,
        " STOR": 3.596,
        " TEAM": 2.256,
        " TIME": 3.285,
        " TOOL": 2.0
      },
      "objectives": [
        0.23571928936711495,
        0.5346627346346488,
        0.11284759584926607,
        0.12494172494172495
      ],
      "iteration": 8,
      "timestamp": 2.2006995677948
    },
    {
      "config": {
        "DATA": 3.092,
        " ACAP": 4.113,
        " AEXP": 2.975,
        " CPLx": 3.446,
        " DOCU": 4.184,
        " ETAT": 1.504,
        " FLEx": 3.313,
        " KLOC": 194.548,
        " LTEx": 2.947,
        " PCAP": 3.597,
        " PCON": 3.008,
        " PLEx": 1.487,
        " PMAT": 2.797,
        " PREC": 4.115,
        " PVOL": 3.087,
        " RELY": 3.483,
        " RESL": 2.385,
        " RUSE": 5.517,
        " SCED": 3.0,
        " SITE": 5.419,
        " STOR": 3.856,
        " TEAM": 2.566,
        " TIME": 3.025,
        " TOOL": 2.0
      },
      "objectives": [
        0.14740867727172868,
        0.43903009876889953,
        0.04625152724981685,
        0.0
      ],
      "iteration": 9,
      "timestamp": 2.528930902481079
    },
    {
      "config": {
        "DATA": 3.452,
        " ACAP": 3.264,
        " AEXP": 2.337,
        " CPLx": 1.669,
        " DOCU": 2.546,
        " ETAT": 3.215,
        " FLEx": 3.539,
        " KLOC": 207.286,
        " LTEx": 3.778,
        " PCAP": 3.006,
        " PCON": 2.558,
        " PLEx": 1.085,
        " PMAT": 2.879,
        " PREC": 4.456,
        " PVOL": 3.242,
        " RELY": 1.446,