{
  "optimizer": "MOTPE",
  "dataset": "xomo_osp2",
  "checkpoint": 20,
  "seed": 1,
  "runtime_seconds": 5.036548376083374,
  "best_value": 0.23411527362030005,
  "n_evaluations": 20,
  "start_timestamp": 1770795414.0980055,
  "end_timestamp": 1770795419.1345544,
  "evaluation_history": [
    {
      "config": {
        "DATA": 2.3,
        " ACAP": 2.189,
        " AEXP": 2.353,
        " CPLx": 5.851,
        " DOCU": 2.146,
        " ETAT": 5.132,
        " FLEx": 4.989,
        " KLOC": 89.5,
        " LTEx": 2.478,
        " PCAP": 3.0,
        " PCON": 2.731,
        " PLEx": 3.0,
        " PMAT": 2.984,
        " PREC": 1.3,
        " PVOL": 2.0,
        " RELY": 5.0,
        " RESL": 2.913,
        " RUSE": 3.547,
        " SCED": 2.749,
        " SITE": 3.0,
        " STOR": 4.251,
        " TEAM": 2.806,
        " TIME": 3.775,
        " TOOL": 2.18
      },
      "objectives": [
        0.21006047026357055,
        0.41572810716943676,
        0.04779733372476691,
        0.0
      ],
      "iteration": 1,
      "timestamp": 0.023049116134643555
    },
    {
      "config": {
        "DATA": 2.076,
        " ACAP": 2.991,
        " AEXP": 2.179,
        " CPLx": 5.603,
        " DOCU": 2.155,
        " ETAT": 4.497,
        " FLEx": 4.83,
        " KLOC": 116.197,
        " LTEx": 2.727,
        " PCAP": 3.0,
        " PCON": 2.617,
        " PLEx": 3.0,
        " PMAT": 1.347,
        " PREC": 1.967,
        " PVOL": 2.0,
        " RELY": 5.0,
        " RESL": 2.697,
        " RUSE": 3.685,
        " SCED": 2.127,
        " SITE": 3.0,
        " STOR": 4.563,
        " TEAM": 2.035,
        " TIME": 4.973,
        " TOOL": 2.999
      },
      "objectives": [
        0.40924699175709,
        0.5993549987596128,
        0.21503029805682705,
        0.2778698715292167
      ],
      "iteration": 2,
      "timestamp": 0.14174628257751465
    },
    {
      "config": {
        "DATA": 2.139,
        " ACAP": 2.373,
        " AEXP": 2.256,
        " CPLx": 5.947,
        " DOCU": 3.636,
        " ETAT": 4.551,
        " FLEx": 4.178,
        " KLOC": 95.411,
        " LTEx": 2.361,
        " PCAP": 3.0,
        " PCON": 2.75,
        " PLEx": 3.0,
        " PMAT": 3.607,
        " PREC": 1.09,
        " PVOL": 2.0,
        " RELY": 5.0,
        " RESL": 2.107,
        " RUSE": 3.38,
        " SCED": 1.516,
        " SITE": 3.0,
        " STOR": 3.01,
        " TEAM": 2.45,
        " TIME": 4.948,
        " TOOL": 2.754
      },
      "objectives": [
        0.2361986174431614,
        0.265542049119325,
        0.22230671498328558,
        0.6110650642353916
      ],
      "iteration": 3,
      "timestamp": 0.33434104919433594
    },
    {
      "config": {
        "DATA": 2.737,
        " ACAP": 2.704,
        " AEXP": 2.284,
        " CPLx": 5.378,
        " DOCU": 2.862,
        " ETAT": 4.952,
        " FLEx": 3.752,
        " KLOC": 113.073,
        " LTEx": 3.009,
        " PCAP": 3.0,
        " PCON": 2.689,
        " PLEx": 3.0,
        " PMAT": 3.015,
        " PREC": 1.526,
        " PVOL": 2.0,
        " RELY": 5.0,
        " RESL": 1.425,
        " RUSE": 2.594,
        " SCED": 1.727,
        " SITE": 3.0,
        " STOR": 4.701,
        " TEAM": 2.858,
        " TIME": 3.534,
        " TOOL": 2.066
      },
      "objectives": [
        0.35041453562639013,
        0.36199454229719663,
        0.1238007699413688,
        0.5
      ],
      "iteration": 4,
      "timestamp": 0.5303235054016113
    },
    {
      "config": {
        "DATA": 2.319,
        " ACAP": 2.175,
        " AEXP": 2.453,
        " CPLx": 5.408,
        " DOCU": 3.567,
        " ETAT": 1.346,
        " FLEx": 3.475,
        " KLOC": 119.54,
        " LTEx": 3.277,
        " PCAP": 3.0,
        " PCON": 2.08,
        " PLEx": 3.0,
        " PMAT": 2.852,
        " PREC": 1.324,
        " PVOL": 2.0,
        " RELY": 5.0,
        " RESL": 1.845,
        " RUSE": 3.583,
        " SCED": 2.311,
        " SITE": 3.0,
        " STOR": 4.883,
        " TEAM": 2.635,
        " TIME": 4.837,
        " TOOL": 2.067
      },
      "objectives": [
        0.3074350842861917,
        0.5012155792607291,
        0.3463901088279734,
        0.0
      ],
      "iteration": 5,
      "timestamp": 0.7185020446777344
    },
    {
      "config": {
        "DATA": 4.333,
        " ACAP": 2.65,
        " AEXP": 2.967,
        " CPLx": 5.248,
        " DOCU": 2.858,
        " ETAT": 5.591,
        " FLEx": 4.167,
        " KLOC": 100.327,
        " LTEx": 3.104,
        " PCAP": 3.0,
        " PCON": 2.656,
        " PLEx": 3.0,
        " PMAT": 3.463,
        " PREC": 1.98,
        " PVOL": 2.0,
        " RELY": 5.0,
        " RESL": 1.229,
        " RUSE": 3.443,
        " SCED": 1.392,
        " SITE": 3.0,
        " STOR": 3.768,
        " TEAM": 2.406,
        " TIME": 4.57,
        " TOOL": 2.433
      },
      "objectives": [
        0.369646348167435,
        0.36983378814190004,
        0.06925337416417032,
        0.5
      ],
      "iteration": 6,
      "timestamp": 0.905315637588501
    },
    {
      "config": {
        "DATA": 4.589,
        " ACAP": 2.855,
        " AEXP": 2.556,
        " CPLx": 5.996,
        " DOCU": 3.896,
        " ETAT": 1.689,
        " FLEx": 4.129,
        " KLOC": 99.144,
        " LTEx": 2.804,
        " PCAP": 3.0,
        " PCON": 2.199,
        " PLEx": 3.0,
        " PMAT": 3.127,
        " PREC": 1.962,
        " PVOL": 2.0,
        " RELY": 5.0,
        " RESL": 2.797,
        " RUSE": 3.98,
        " SCED": 1.245,
        " SITE": 3.0,
        " STOR": 3.989,
        " TEAM": 2.18,
        " TIME": 5.605,
        " TOOL": 2.871
      },
      "objectives": [
        0.4296526232045105,
        0.41165963780699566,
        0.3030602323231477,
        0.6110650642353916
      ],
      "iteration": 7,
      "timestamp": 1.0913457870483398
    },
    {
      "config": {
        "DATA": 2.72,
        " ACAP": 2.711,
        " AEXP": 2.262,
        " CPLx": 5.364,
        " DOCU": 2.602,
        " ETAT": 1.05,
        " FLEx": 4.202,
        " KLOC": 85.982,
        " LTEx": 2.079,
        " PCAP": 3.0,
        " PCON": 2.433,
        " PLEx": 3.0,
        " PMAT": 2.731,
        " PREC": 1.935,
        " PVOL": 2.0,
        " RELY": 5.0,
        " RESL": 1.056,
        " RUSE": 3.659,
        " SCED": 1.832,
        " SITE": 3.0,
        " STOR": 3.605,
        " TEAM": 2.425,
        " TIME": 4.476,
        " TOOL": 2.651
      },
      "objectives": [
        0.1863849147198181,
        0.22654428181592645,
        0.3732834737110071,
        0.7223373394115209
      ],
      "iteration": 8,
      "timestamp": 1.2732415199279785
    },
    {
      "config": {
        "DATA": 4.224,
        " ACAP": 2.115,
        " AEXP": 2.322,
        " CPLx": 5.38,
        " DOCU": 2.726,
        " ETAT": 2.087,
        " FLEx": 4.403,
        " KLOC": 94.742,
        " LTEx": 3.623,
        " PCAP": 3.0,
        " PCON": 2.441,
        " PLEx": 3.0,
        " PMAT": 2.137,
        " PREC": 1.278,
        " PVOL": 2.0,
        " RELY": 5.0,
        " RESL": 2.546,
        " RUSE": 2.402,
        " SCED": 1.703,
        " SITE": 3.0,
        " STOR": 4.919,
        " TEAM": 2.722,
        " TIME": 3.696,
        " TOOL": 2.934
      },
      "objectives": [
        0.20105765104951323,
        0.23527660630116576,
        0.22402210713587078,
        0.6110650642353916
      ],
      "iteration": 9,
      "timestamp": 1.456305980682373
    },
    {
      "config": {
        "DATA": 2.519,
        " ACAP": 2.082,
        " AEXP": 2.237,
        " CPLx": 5.656,
        " DOCU": 3.225,
        " ETAT": 2.663,
        " FLEx": 3.703,
        " KLOC": 121.112,
        " LTEx": 3.985,
        " PCAP": 3.0,
        " PCON": 2.523,
        " PLEx": 3.0,
        " PMAT": 1.234,
        " PREC": 1.797,
        " PVOL": 2.0,
        " RELY": 5.0,
        " RESL": 1.962,
        " RUSE": 3.57,
        " SCED": 2.005,
        " SITE": 3.0,