{
  "optimizer": "MOTPE",
  "dataset": "xomo_ground",
  "checkpoint": 20,
  "seed": 2,
  "runtime_seconds": 8.552282333374023,
  "best_value": 0.13774147758830094,
  "n_evaluations": 20,
  "start_timestamp": 1770795375.071347,
  "end_timestamp": 1770795383.6236303,
  "evaluation_history": [
    {
      "config": {
        "DATA": 4.113,
        " ACAP": 3.347,
        " AEXP": 2.916,
        " CPLx": 3.289,
        " DOCU": 3.253,
        " ETAT": 1.548,
        " FLEx": 3.957,
        " KLOC": 53.028,
        " LTEx": 2.888,
        " PCAP": 4.893,
        " PCON": 3.711,
        " PLEx": 2.685,
        " PMAT": 2.124,
        " PREC": 2.729,
        " PVOL": 3.238,
        " RELY": 1.903,
        " RESL": 4.773,
        " RUSE": 3.93,
        " SCED": 3.0,
        " SITE": 3.835,
        " STOR": 3.581,
        " TEAM": 3.695,
        " TIME": 3.053,
        " TOOL": 2.0
      },
      "objectives": [
        0.03481539567919267,
        0.20472311941206756,
        0.01079119817352514,
        0.37505827505827505
      ],
      "iteration": 1,
      "timestamp": 0.031324148178100586
    },
    {
      "config": {
        "DATA": 2.127,
        " ACAP": 3.571,
        " AEXP": 3.237,
        " CPLx": 1.134,
        " DOCU": 1.693,
        " ETAT": 3.761,
        " FLEx": 2.899,
        " KLOC": 101.912,
        " LTEx": 1.488,
        " PCAP": 3.802,
        " PCON": 4.98,
        " PLEx": 1.904,
        " PMAT": 2.348,
        " PREC": 3.299,
        " PVOL": 4.949,
        " RELY": 2.166,
        " RESL": 3.861,
        " RUSE": 5.718,
        " SCED": 3.0,
        " SITE": 3.435,
        " STOR": 3.475,
        " TEAM": 2.218,
        " TIME": 3.944,
        " TOOL": 2.0
      },
      "objectives": [
        0.05633681200845919,
        0.2765997285025512,
        0.049196246862533655,
        0.06247086247086253
      ],
      "iteration": 2,
      "timestamp": 0.247589111328125
    },
    {
      "config": {
        "DATA": 3.52,
        " ACAP": 4.945,
        " AEXP": 2.118,
        " CPLx": 3.888,
        " DOCU": 4.935,
        " ETAT": 1.048,
        " FLEx": 2.528,
        " KLOC": 159.292,
        " LTEx": 1.456,
        " PCAP": 4.783,
        " PCON": 3.245,
        " PLEx": 2.843,
        " PMAT": 2.535,
        " PREC": 2.378,
        " PVOL": 4.04,
        " RELY": 3.434,
        " RESL": 1.513,
        " RUSE": 5.794,
        " SCED": 3.0,
        " SITE": 4.026,
        " STOR": 3.763,
        " TEAM": 1.01,
        " TIME": 3.26,
        " TOOL": 2.0
      },
      "objectives": [
        0.20604995021047445,
        0.5472545990731639,
        0.026550347356495085,
        0.12494172494172495
      ],
      "iteration": 3,
      "timestamp": 0.5737526416778564
    },
    {
      "config": {
        "DATA": 3.206,
        " ACAP": 3.759,
        " AEXP": 2.374,
        " CPLx": 2.167,
        " DOCU": 2.537,
        " ETAT": 1.131,
        " FLEx": 3.733,
        " KLOC": 79.636,
        " LTEx": 3.782,
        " PCAP": 3.758,
        " PCON": 2.493,
        " PLEx": 1.21,
        " PMAT": 2.482,
        " PREC": 4.879,
        " PVOL": 4.445,
        " RELY": 3.083,
        " RESL": 1.208,
        " RUSE": 3.677,
        " SCED": 3.0,
        " SITE": 4.682,
        " STOR": 3.544,
        " TEAM": 4.194,
        " TIME": 3.611,
        " TOOL": 2.0
      },
      "objectives": [
        0.06453670892995689,
        0.2872489818845667,
        0.022757447065782532,
        0.0
      ],
      "iteration": 4,
      "timestamp": 0.9009628295898438
    },
    {
      "config": {
        "DATA": 4.728,
        " ACAP": 3.652,
        " AEXP": 2.6,
        " CPLx": 3.147,
        " DOCU": 2.627,
        " ETAT": 1.524,
        " FLEx": 4.858,
        " KLOC": 362.396,
        " LTEx": 2.387,
        " PCAP": 3.321,
        " PCON": 3.911,
        " PLEx": 3.044,
        " PMAT": 2.899,
        " PREC": 2.269,
        " PVOL": 4.339,
        " RELY": 3.167,
        " RESL": 3.263,
        " RUSE": 3.853,
        " SCED": 3.0,
        " SITE": 2.469,
        " STOR": 3.27,
        " TEAM": 4.343,
        " TIME": 3.801,
        " TOOL": 2.0
      },
      "objectives": [
        0.32400484622190784,
        0.5819875485652765,
        0.15566880619682788,
        0.0
      ],
      "iteration": 5,
      "timestamp": 1.2372939586639404
    },
    {
      "config": {
        "DATA": 2.878,
        " ACAP": 4.549,
        " AEXP": 3.995,
        " CPLx": 2.711,
        " DOCU": 1.447,
        " ETAT": 2.839,
        " FLEx": 2.825,
        " KLOC": 188.932,
        " LTEx": 1.144,
        " PCAP": 3.791,
        " PCON": 4.837,
        " PLEx": 1.971,
        " PMAT": 2.823,
        " PREC": 3.319,
        " PVOL": 3.038,
        " RELY": 3.395,
        " RESL": 4.764,
        " RUSE": 5.343,
        " SCED": 3.0,
        " SITE": 3.42,
        " STOR": 3.475,
        " TEAM": 1.938,
        " TIME": 3.651,
        " TOOL": 2.0
      },
      "objectives": [
        0.08134918950438041,
        0.32898001217057526,
        0.034331381660819726,
        0.06247086247086253
      ],
      "iteration": 6,
      "timestamp": 1.5709407329559326
    },
    {
      "config": {
        "DATA": 3.923,
        " ACAP": 3.608,
        " AEXP": 2.52,
        " CPLx": 3.145,
        " DOCU": 1.479,
        " ETAT": 1.638,
        " FLEx": 2.426,
        " KLOC": 99.926,
        " LTEx": 3.056,
        " PCAP": 3.08,
        " PCON": 3.894,
        " PLEx": 1.361,
        " PMAT": 2.439,
        " PREC": 3.334,
        " PVOL": 4.639,
        " RELY": 1.744,
        " RESL": 3.13,
        " RUSE": 3.946,
        " SCED": 3.0,
        " SITE": 2.639,
        " STOR": 3.527,
        " TEAM": 3.618,
        " TIME": 3.728,
        " TOOL": 2.0
      },
      "objectives": [
        0.13277538142462442,
        0.4092589992042317,
        0.09549714056413361,
        0.2498834498834499
      ],
      "iteration": 7,
      "timestamp": 1.9061532020568848
    },
    {
      "config": {
        "DATA": 4.247,
        " ACAP": 4.567,
        " AEXP": 4.149,
        " CPLx": 2.843,
        " DOCU": 2.647,
        " ETAT": 1.487,
        " FLEx": 4.746,
        " KLOC": 286.902,
        " LTEx": 1.686,
        " PCAP": 4.874,
        " PCON": 1.201,
        " PLEx": 1.665,
        " PMAT": 2.583,
        " PREC": 3.031,
        " PVOL": 2.325,
        " RELY": 1.586,
        " RESL": 4.328,
        " RUSE": 2.109,
        " SCED": 3.0,
        " SITE": 5.899,
        " STOR": 3.994,
        " TEAM": 2.197,
        " TIME": 3.364,
        " TOOL": 2.0
      },
      "objectives": [
        0.07072411094791842,
        0.3006600196601601,
        0.04842130574027026,
        0.5
      ],
      "iteration": 8,
      "timestamp": 2.2919998168945312
    },
    {
      "config": {
        "DATA": 3.563,
        " ACAP": 4.4,
        " AEXP": 4.422,
        " CPLx": 1.618,
        " DOCU": 2.445,
        " ETAT": 2.028,
        " FLEx": 4.907,
        " KLOC": 365.497,
        " LTEx": 3.234,
        " PCAP": 4.5,
        " PCON": 4.772,
        " PLEx": 1.175,
        " PMAT": 2.8,
        " PREC": 2.688,
        " PVOL": 3.13,
        " RELY": 1.434,
        " RESL": 4.29,
        " RUSE": 4.457,
        " SCED": 3.0,
        " SITE": 3.557,
        " STOR": 3.373,
        " TEAM": 3.345,
        " TIME": 3.903,
        " TOOL": 2.0
      },
      "objectives": [
        0.07132233070060046,
        0.2942470626784628,
        0.07149264956533619,
        0.7498834498834499
      ],
      "iteration": 9,
      "timestamp": 2.6043004989624023
    },
    {
      "config": {
        "DATA": 2.219,
        " ACAP": 3.711,
        " AEXP": 4.62,
        " CPLx": 3.673,
        " DOCU": 3.4,
        " ETAT": 4.916,
        " FLEx": 2.487,
        " KLOC": 73.091,
        " LTEx": 3.596,
        " PCAP": 3.385,
        " PCON": 3.461,
        " PLEx": 2.963,
        " PMAT": 2.57,
        " PREC": 2.997,
        " PVOL": 3.387,
        " RELY": 2.669,