{
  "optimizer": "MOTPE",
  "dataset": "xomo_osp2",
  "checkpoint": 20,
  "seed": 2,
  "runtime_seconds": 5.35917067527771,
  "best_value": 0.2380807264099153,
  "n_evaluations": 20,
  "start_timestamp": 1770795419.423315,
  "end_timestamp": 1770795424.7824864,
  "evaluation_history": [
    {
      "config": {
        "DATA": 2.633,
        " ACAP": 2.631,
        " AEXP": 2.024,
        " CPLx": 5.592,
        " DOCU": 3.719,
        " ETAT": 5.6,
        " FLEx": 2.832,
        " KLOC": 105.469,
        " LTEx": 3.408,
        " PCAP": 3.0,
        " PCON": 2.02,
        " PLEx": 3.0,
        " PMAT": 2.782,
        " PREC": 1.037,
        " PVOL": 2.0,
        " RELY": 5.0,
        " RESL": 2.629,
        " RUSE": 3.305,
        " SCED": 2.194,
        " SITE": 3.0,
        " STOR": 4.897,
        " TEAM": 2.603,
        " TIME": 4.433,
        " TOOL": 2.682
      },
      "objectives": [
        0.2863966377334597,
        0.5106921359464153,
        0.07542657254153173,
        0.0
      ],
      "iteration": 1,
      "timestamp": 0.02149510383605957
    },
    {
      "config": {
        "DATA": 3.999,
        " ACAP": 2.987,
        " AEXP": 2.046,
        " CPLx": 5.125,
        " DOCU": 2.565,
        " ETAT": 2.639,
        " FLEx": 4.134,
        " KLOC": 110.6,
        " LTEx": 3.461,
        " PCAP": 3.0,
        " PCON": 2.989,
        " PLEx": 3.0,
        " PMAT": 2.776,
        " PREC": 1.419,
        " PVOL": 2.0,
        " RELY": 5.0,
        " RESL": 2.853,
        " RUSE": 3.631,
        " SCED": 2.115,
        " SITE": 3.0,
        " STOR": 3.027,
        " TEAM": 2.042,
        " TIME": 5.516,
        " TOOL": 2.905
      },
      "objectives": [
        0.36683775690567066,
        0.5382783428429669,
        0.23570787304491503,
        0.0
      ],
      "iteration": 2,
      "timestamp": 0.15942668914794922
    },
    {
      "config": {
        "DATA": 4.086,
        " ACAP": 2.372,
        " AEXP": 2.335,
        " CPLx": 5.886,
        " DOCU": 2.464,
        " ETAT": 3.451,
        " FLEx": 3.627,
        " KLOC": 82.666,
        " LTEx": 3.677,
        " PCAP": 3.0,
        " PCON": 2.727,
        " PLEx": 3.0,
        " PMAT": 3.759,
        " PREC": 1.542,
        " PVOL": 2.0,
        " RELY": 5.0,
        " RESL": 2.568,
        " RUSE": 2.873,
        " SCED": 1.788,
        " SITE": 3.0,
        " STOR": 3.914,
        " TEAM": 2.405,
        " TIME": 3.48,
        " TOOL": 2.972
      },
      "objectives": [
        0.10929149368266144,
        0.1358967998015379,
        0.06097123107689795,
        0.5
      ],
      "iteration": 3,
      "timestamp": 0.34653306007385254
    },
    {
      "config": {
        "DATA": 2.04,
        " ACAP": 2.471,
        " AEXP": 2.441,
        " CPLx": 5.144,
        " DOCU": 3.56,
        " ETAT": 5.68,
        " FLEx": 3.391,
        " KLOC": 102.715,
        " LTEx": 3.817,
        " PCAP": 3.0,
        " PCON": 2.584,
        " PLEx": 3.0,
        " PMAT": 1.563,
        " PREC": 1.289,
        " PVOL": 2.0,
        " RELY": 5.0,
        " RESL": 2.581,
        " RUSE": 2.521,
        " SCED": 2.752,
        " SITE": 3.0,
        " STOR": 4.397,
        " TEAM": 2.281,
        " TIME": 5.131,
        " TOOL": 2.335
      },
      "objectives": [
        0.20296482223320755,
        0.4474820143884891,
        0.11779085831154401,
        0.2778698715292167
      ],
      "iteration": 4,
      "timestamp": 0.5307924747467041
    },
    {
      "config": {
        "DATA": 2.605,
        " ACAP": 2.754,
        " AEXP": 2.193,
        " CPLx": 5.832,
        " DOCU": 3.573,
        " ETAT": 4.154,
        " FLEx": 2.156,
        " KLOC": 117.115,
        " LTEx": 3.418,
        " PCAP": 3.0,
        " PCON": 2.83,
        " PLEx": 3.0,
        " PMAT": 3.137,
        " PREC": 1.824,
        " PVOL": 2.0,
        " RELY": 5.0,
        " RESL": 2.102,
        " RUSE": 2.207,
        " SCED": 1.353,
        " SITE": 3.0,
        " STOR": 3.377,
        " TEAM": 2.282,
        " TIME": 3.315,
        " TOOL": 2.643
      },
      "objectives": [
        0.27949295879379676,
        0.3389729595633837,
        0.09865114339731795,
        0.5
      ],
      "iteration": 5,
      "timestamp": 0.7595210075378418
    },
    {
      "config": {
        "DATA": 3.051,
        " ACAP": 2.227,
        " AEXP": 2.191,
        " CPLx": 5.386,
        " DOCU": 3.816,
        " ETAT": 3.719,
        " FLEx": 2.259,
        " KLOC": 82.048,
        " LTEx": 3.07,
        " PCAP": 3.0,
        " PCON": 2.876,
        " PLEx": 3.0,
        " PMAT": 3.357,
        " PREC": 1.207,
        " PVOL": 2.0,
        " RELY": 5.0,
        " RESL": 1.566,
        " RUSE": 2.904,
        " SCED": 1.727,
        " SITE": 3.0,
        " STOR": 4.342,
        " TEAM": 2.358,
        " TIME": 3.49,
        " TOOL": 2.912
      },
      "objectives": [
        0.36642232972322686,
        0.40937732572562624,
        0.12490953636792601,
        0.5
      ],
      "iteration": 6,
      "timestamp": 0.9828653335571289
    },
    {
      "config": {
        "DATA": 4.325,
        " ACAP": 2.191,
        " AEXP": 2.919,
        " CPLx": 5.126,
        " DOCU": 3.431,
        " ETAT": 2.757,
        " FLEx": 2.993,
        " KLOC": 103.345,
        " LTEx": 3.046,
        " PCAP": 3.0,
        " PCON": 2.598,
        " PLEx": 3.0,
        " PMAT": 2.934,
        " PREC": 1.819,
        " PVOL": 2.0,
        " RELY": 5.0,
        " RESL": 2.144,
        " RUSE": 3.109,
        " SCED": 1.167,
        " SITE": 3.0,
        " STOR": 3.491,
        " TEAM": 2.166,
        " TIME": 4.416,
        " TOOL": 2.196
      },
      "objectives": [
        0.46361256236624293,
        0.4267427437360456,
        0.3453791526368455,
        0.6110650642353916
      ],
      "iteration": 7,
      "timestamp": 1.1963257789611816
    },
    {
      "config": {
        "DATA": 3.349,
        " ACAP": 2.751,
        " AEXP": 2.65,
        " CPLx": 5.734,
        " DOCU": 2.38,
        " ETAT": 2.141,
        " FLEx": 4.288,
        " KLOC": 103.955,
        " LTEx": 2.301,
        " PCAP": 3.0,
        " PCON": 2.663,
        " PLEx": 3.0,
        " PMAT": 3.022,
        " PREC": 1.629,
        " PVOL": 2.0,
        " RELY": 5.0,
        " RESL": 1.376,
        " RUSE": 2.953,
        " SCED": 1.714,
        " SITE": 3.0,
        " STOR": 3.619,
        " TEAM": 2.532,
        " TIME": 5.163,
        " TOOL": 2.214
      },
      "objectives": [
        0.37915602648262925,
        0.3865542049119324,
        0.3046049694534445,
        0.6110650642353916
      ],
      "iteration": 8,
      "timestamp": 1.400721788406372
    },
    {
      "config": {
        "DATA": 4.897,
        " ACAP": 2.328,
        " AEXP": 2.081,
        " CPLx": 5.412,
        " DOCU": 3.403,
        " ETAT": 5.716,
        " FLEx": 3.023,
        " KLOC": 87.236,
        " LTEx": 3.932,
        " PCAP": 3.0,
        " PCON": 2.787,
        " PLEx": 3.0,
        " PMAT": 3.779,
        " PREC": 1.738,
        " PVOL": 2.0,
        " RELY": 5.0,
        " RESL": 1.001,
        " RUSE": 3.869,
        " SCED": 2.544,
        " SITE": 3.0,
        " STOR": 3.328,
        " TEAM": 2.418,
        " TIME": 4.652,
        " TOOL": 2.302
      },
      "objectives": [
        0.21142739641731045,
        0.42490697097494423,
        0.03850001574788131,
        0.0
      ],
      "iteration": 9,
      "timestamp": 1.6053798198699951
    },
    {
      "config": {
        "DATA": 2.414,
        " ACAP": 2.879,
        " AEXP": 2.302,
        " CPLx": 5.659,
        " DOCU": 2.215,
        " ETAT": 4.384,
        " FLEx": 2.136,
        " KLOC": 105.664,
        " LTEx": 2.909,
        " PCAP": 3.0,
        " PCON": 2.021,
        " PLEx": 3.0,
        " PMAT": 2.803,
        " PREC": 1.421,
        " PVOL": 2.0,
        " RELY": 5.0,
        " RESL": 2.331,
        " RUSE": 2.223,
        " SCED": 2.405,
        " SITE": 3.0,
        " STOR": 4.191,