{
  "optimizer": "MOSMAC",
  "dataset": "xomo_ground",
  "checkpoint": 10,
  "seed": 2,
  "runtime_seconds": 4.733139514923096,
  "best_value": 0.07841306641341084,
  "n_evaluations": 10,
  "start_timestamp": 1770795238.4852214,
  "end_timestamp": 1770795243.2183614,
  "evaluation_history": [
    {
      "config": {
        "DATA": 2.234,
        " ACAP": 4.643,
        " AEXP": 2.079,
        " CPLx": 3.941,
        " DOCU": 1.61,
        " ETAT": 3.699,
        " FLEx": 1.4,
        " KLOC": 287.045,
        " LTEx": 3.815,
        " PCAP": 3.823,
        " PCON": 4.642,
        " PLEx": 2.791,
        " PMAT": 2.475,
        " PREC": 2.45,
        " PVOL": 4.261,
        " RELY": 2.991,
        " RESL": 1.866,
        " RUSE": 5.402,
        " SCED": 3.0,
        " SITE": 3.766,
        " STOR": 3.63,
        " TEAM": 2.905,
        " TIME": 3.366,
        " TOOL": 2.0
      },
      "objectives": [
        0.7788110936322623,
        0.46089032439264144,
        0.9424172234961469,
        0.875058275058275
      ],
      "iteration": 1,
      "timestamp": 0.3884878158569336
    },
    {
      "config": {
        "DATA": 4.197,
        " ACAP": 4.356,
        " AEXP": 4.858,
        " CPLx": 1.289,
        " DOCU": 2.766,
        " ETAT": 3.052,
        " FLEx": 3.392,
        " KLOC": 59.733,
        " LTEx": 1.373,
        " PCAP": 3.102,
        " PCON": 3.59,
        " PLEx": 2.377,
        " PMAT": 2.393,
        " PREC": 1.776,
        " PVOL": 3.392,
        " RELY": 1.97,
        " RESL": 4.37,
        " RUSE": 2.046,
        " SCED": 3.0,
        " SITE": 5.278,
        " STOR": 3.136,
        " TEAM": 4.122,
        " TIME": 3.417,
        " TOOL": 2.0
      },
      "objectives": [
        0.9832989220655706,
        0.8601320039320319,
        0.9910929981693057,
        0.4375291375291376
      ],
      "iteration": 2,
      "timestamp": 0.6337089538574219
    },
    {
      "config": {
        "DATA": 3.132,
        " ACAP": 3.053,
        " AEXP": 4.644,
        " CPLx": 1.409,
        " DOCU": 2.934,
        " ETAT": 2.062,
        " FLEx": 3.709,
        " KLOC": 73.817,
        " LTEx": 3.291,
        " PCAP": 3.709,
        " PCON": 4.16,
        " PLEx": 2.678,
        " PMAT": 2.43,
        " PREC": 1.455,
        " PVOL": 3.87,
        " RELY": 3.753,
        " RESL": 1.302,
        " RUSE": 3.524,
        " SCED": 3.0,
        " SITE": 4.105,
        " STOR": 3.173,
        " TEAM": 1.301,
        " TIME": 3.183,
        " TOOL": 2.0
      },
      "objectives": [
        0.9711195903198975,
        0.7891915929410662,
        0.986189290396402,
        1.0
      ],
      "iteration": 3,
      "timestamp": 2.9917023181915283
    },
    {
      "config": {
        "DATA": 2.662,
        " ACAP": 3.877,
        " AEXP": 3.999,
        " CPLx": 1.898,
        " DOCU": 2.026,
        " ETAT": 5.116,
        " FLEx": 1.884,
        " KLOC": 88.38,
        " LTEx": 2.935,
        " PCAP": 3.698,
        " PCON": 3.95,
        " PLEx": 3.038,
        " PMAT": 2.723,
        " PREC": 1.987,
        " PVOL": 4.309,
        " RELY": 3.452,
        " RESL": 4.701,
        " RUSE": 3.848,
        " SCED": 3.0,
        " SITE": 1.28,
        " STOR": 3.813,
        " TEAM": 2.66,
        " TIME": 3.033,
        " TOOL": 2.0
      },
      "objectives": [
        0.9443220786987178,
        0.7200767682441604,
        0.9829016002774945,
        0.9375291375291375
      ],
      "iteration": 4,
      "timestamp": 3.250458240509033
    },
    {
      "config": {
        "DATA": 4.197,
        " ACAP": 4.356,
        " AEXP": 4.858,
        " CPLx": 1.289,
        " DOCU": 2.766,
        " ETAT": 3.052,
        " FLEx": 3.392,
        " KLOC": 59.733,
        " LTEx": 1.373,
        " PCAP": 3.102,
        " PCON": 3.59,
        " PLEx": 2.377,
        " PMAT": 2.393,
        " PREC": 1.776,
        " PVOL": 3.392,
        " RELY": 1.97,
        " RESL": 4.37,
        " RUSE": 2.046,
        " SCED": 3.0,
        " SITE": 5.278,
        " STOR": 3.136,
        " TEAM": 4.122,
        " TIME": 3.417,
        " TOOL": 2.0
      },
      "objectives": [
        0.9832989220655706,
        0.8601320039320319,
        0.9910929981693057,
        0.4375291375291376
      ],
      "iteration": 5,
      "timestamp": 3.4968864917755127
    },
    {
      "config": {
        "DATA": 3.404,
        " ACAP": 3.266,
        " AEXP": 2.692,
        " CPLx": 2.653,
        " DOCU": 4.199,
        " ETAT": 5.114,
        " FLEx": 2.637,
        " KLOC": 48.717,
        " LTEx": 2.871,
        " PCAP": 3.927,
        " PCON": 2.264,
        " PLEx": 2.038,
        " PMAT": 2.305,
        " PREC": 1.708,
        " PVOL": 2.888,
        " RELY": 3.442,
        " RESL": 1.289,
        " RUSE": 4.943,
        " SCED": 3.0,
        " SITE": 1.02,
        " STOR": 3.387,
        " TEAM": 2.822,
        " TIME": 3.578,
        " TOOL": 2.0
      },
      "objectives": [
        0.8751348272192679,
        0.5590506951270888,
        0.9676691549911477,
        0.9375291375291375
      ],
      "iteration": 6,
      "timestamp": 3.7366080284118652
    },
    {
      "config": {
        "DATA": 2.347,
        " ACAP": 4.734,
        " AEXP": 2.82,
        " CPLx": 3.495,
        " DOCU": 2.059,
        " ETAT": 1.945,
        " FLEx": 4.111,
        " KLOC": 20.827,
        " LTEx": 3.353,
        " PCAP": 4.737,
        " PCON": 3.014,
        " PLEx": 1.847,
        " PMAT": 2.785,
        " PREC": 1.434,
        " PVOL": 3.401,
        " RELY": 3.389,
        " RESL": 2.591,
        " RUSE": 3.697,
        " SCED": 3.0,
        " SITE": 4.291,
        " STOR": 3.212,
        " TEAM": 1.935,
        " TIME": 3.752,
        " TOOL": 2.0
      },
      "objectives": [
        0.9913836891212009,
        0.9056312315685999,
        0.9979273115084745,
        0.875058275058275
      ],
      "iteration": 7,
      "timestamp": 3.976768732070923
    },
    {
      "config": {
        "DATA": 2.45,
        " ACAP": 4.335,
        " AEXP": 3.254,
        " CPLx": 2.946,
        " DOCU": 2.5,
        " ETAT": 3.585,
        " FLEx": 3.785,
        " KLOC": 246.752,
        " LTEx": 3.062,
        " PCAP": 4.31,
        " PCON": 2.188,
        " PLEx": 2.276,
        " PMAT": 2.864,
        " PREC": 2.048,
        " PVOL": 2.758,
        " RELY": 1.553,
        " RESL": 1.692,
        " RUSE": 5.287,
        " SCED": 3.0,
        " SITE": 1.54,
        " STOR": 3.095,
        " TEAM": 4.185,
        " TIME": 3.253,
        " TOOL": 2.0
      },
      "objectives": [
        0.8554306405713921,
        0.5709638159434536,
        0.8945068724287267,
        0.5
      ],
      "iteration": 8,
      "timestamp": 4.23418116569519
    },
    {
      "config": {
        "DATA": 4.505,
        " ACAP": 4.707,
        " AEXP": 3.748,
        " CPLx": 3.371,
        " DOCU": 1.049,
        " ETAT": 3.059,
        " FLEx": 3.15,
        " KLOC": 234.509,
        " LTEx": 1.87,
        " PCAP": 3.968,
        " PCON": 4.413,
        " PLEx": 1.826,
        " PMAT": 2.196,
        " PREC": 2.092,
        " PVOL": 3.859,
        " RELY": 3.802,
        " RESL": 1.609,
        " RUSE": 5.718,
        " SCED": 3.0,
        " SITE": 2.089,
        " STOR": 3.868,
        " TEAM": 3.62,
        " TIME": 3.974,
        " TOOL": 2.0
      },
      "objectives": [
        0.5801354598123258,
        0.3047558863455506,
        0.9176780708646635,
        0.9375291375291375
      ],
      "iteration": 9,
      "timestamp": 4.479108095169067
    },
    {
      "config": {
        "DATA": 2.96,
        " ACAP": 4.706,
        " AEXP": 3.041,
        " CPLx": 2.359,
        " DOCU": 2.075,
        " ETAT": 4.031,
        " FLEx": 4.392,
        " KLOC": 146.878,
        " LTEx": 3.22,
        " PCAP": 4.343,
        " PCON": 2.963,
        " PLEx": 2.68,
        " PMAT": 2.618,
        " PREC": 1.768,
        " PVOL": 2.761,
        " RELY": 2.506,
        " RESL": 1.736,