{
  "optimizer": "MOSMAC",
  "dataset": "xomo_osp2",
  "checkpoint": 10,
  "seed": 2,
  "runtime_seconds": 3.863748550415039,
  "best_value": 0.2468030941898095,
  "n_evaluations": 10,
  "start_timestamp": 1770795256.8434284,
  "end_timestamp": 1770795260.7071774,
  "evaluation_history": [
    {
      "config": {
        "DATA": 4.694,
        " ACAP": 2.604,
        " AEXP": 2.277,
        " CPLx": 5.857,
        " DOCU": 3.024,
        " ETAT": 3.794,
        " FLEx": 2.29,
        " KLOC": 97.956,
        " LTEx": 3.983,
        " PCAP": 3.0,
        " PCON": 2.697,
        " PLEx": 3.0,
        " PMAT": 3.55,
        " PREC": 1.314,
        " PVOL": 2.0,
        " RELY": 5.0,
        " RESL": 2.919,
        " RUSE": 3.058,
        " SCED": 2.433,
        " SITE": 3.0,
        " STOR": 4.528,
        " TEAM": 2.589,
        " TIME": 5.705,
        " TOOL": 2.074
      },
      "objectives": [
        0.6815357982518673,
        0.49149094517489467,
        0.8779209502589442,
        1.0
      ],
      "iteration": 1,
      "timestamp": 0.2554779052734375
    },
    {
      "config": {
        "DATA": 4.189,
        " ACAP": 2.081,
        " AEXP": 2.935,
        " CPLx": 5.244,
        " DOCU": 2.643,
        " ETAT": 4.789,
        " FLEx": 2.785,
        " KLOC": 104.304,
        " LTEx": 2.187,
        " PCAP": 3.0,
        " PCON": 2.136,
        " PLEx": 3.0,
        " PMAT": 1.359,
        " PREC": 1.817,
        " PVOL": 2.0,
        " RELY": 5.0,
        " RESL": 1.869,
        " RUSE": 3.683,
        " SCED": 1.667,
        " SITE": 3.0,
        " STOR": 3.496,
        " TEAM": 2.615,
        " TIME": 5.828,
        " TOOL": 2.324
      },
      "objectives": [
        0.5720102236819291,
        0.5295956338377574,
        0.7794105264617862,
        0.0
      ],
      "iteration": 2,
      "timestamp": 0.4194352626800537
    },
    {
      "config": {
        "DATA": 4.144,
        " ACAP": 2.532,
        " AEXP": 2.594,
        " CPLx": 5.805,
        " DOCU": 2.716,
        " ETAT": 3.279,
        " FLEx": 2.27,
        " KLOC": 120.475,
        " LTEx": 3.492,
        " PCAP": 3.0,
        " PCON": 2.658,
        " PLEx": 3.0,
        " PMAT": 2.691,
        " PREC": 1.646,
        " PVOL": 2.0,
        " RELY": 5.0,
        " RESL": 1.596,
        " RUSE": 3.745,
        " SCED": 1.892,
        " SITE": 3.0,
        " STOR": 3.871,
        " TEAM": 2.8,
        " TIME": 4.371,
        " TOOL": 2.094
      },
      "objectives": [
        0.3781149925204137,
        0.43195236913917157,
        0.7666843023674123,
        0.38893493576460836
      ],
      "iteration": 3,
      "timestamp": 2.598243236541748
    },
    {
      "config": {
        "DATA": 4.05,
        " ACAP": 2.007,
        " AEXP": 2.142,
        " CPLx": 5.415,
        " DOCU": 2.403,
        " ETAT": 3.543,
        " FLEx": 2.897,
        " KLOC": 120.735,
        " LTEx": 3.641,
        " PCAP": 3.0,
        " PCON": 2.306,
        " PLEx": 3.0,
        " PMAT": 3.772,
        " PREC": 1.403,
        " PVOL": 2.0,
        " RELY": 5.0,
        " RESL": 2.187,
        " RUSE": 3.14,
        " SCED": 2.995,
        " SITE": 3.0,
        " STOR": 4.027,
        " TEAM": 2.446,
        " TIME": 5.756,
        " TOOL": 2.638
      },
      "objectives": [
        0.617737564595133,
        0.38709997519226014,
        0.7972411734569893,
        1.0
      ],
      "iteration": 4,
      "timestamp": 2.7907066345214844
    },
    {
      "config": {
        "DATA": 4.694,
        " ACAP": 2.604,
        " AEXP": 2.277,
        " CPLx": 5.857,
        " DOCU": 3.024,
        " ETAT": 3.794,
        " FLEx": 2.29,
        " KLOC": 97.956,
        " LTEx": 3.983,
        " PCAP": 3.0,
        " PCON": 2.697,
        " PLEx": 3.0,
        " PMAT": 3.55,
        " PREC": 1.314,
        " PVOL": 2.0,
        " RELY": 5.0,
        " RESL": 2.919,
        " RUSE": 3.058,
        " SCED": 2.433,
        " SITE": 3.0,
        " STOR": 4.528,
        " TEAM": 2.589,
        " TIME": 5.705,
        " TOOL": 2.074
      },
      "objectives": [
        0.6815357982518673,
        0.49149094517489467,
        0.8779209502589442,
        1.0
      ],
      "iteration": 5,
      "timestamp": 2.993563175201416
    },
    {
      "config": {
        "DATA": 4.874,
        " ACAP": 2.941,
        " AEXP": 2.066,
        " CPLx": 5.663,
        " DOCU": 3.348,
        " ETAT": 4.151,
        " FLEx": 2.656,
        " KLOC": 117.497,
        " LTEx": 2.392,
        " PCAP": 3.0,
        " PCON": 2.836,
        " PLEx": 3.0,
        " PMAT": 3.912,
        " PREC": 1.155,
        " PVOL": 2.0,
        " RELY": 5.0,
        " RESL": 2.337,
        " RUSE": 2.493,
        " SCED": 2.552,
        " SITE": 3.0,
        " STOR": 4.525,
        " TEAM": 2.358,
        " TIME": 3.92,
        " TOOL": 2.473
      },
      "objectives": [
        0.494500996076774,
        0.30414289258248584,
        0.8026273823004794,
        1.0
      ],
      "iteration": 6,
      "timestamp": 3.160684585571289
    },
    {
      "config": {
        "DATA": 4.114,
        " ACAP": 2.418,
        " AEXP": 2.798,
        " CPLx": 5.983,
        " DOCU": 3.215,
        " ETAT": 2.041,
        " FLEx": 2.84,
        " KLOC": 100.945,
        " LTEx": 2.891,
        " PCAP": 3.0,
        " PCON": 2.694,
        " PLEx": 3.0,
        " PMAT": 2.497,
        " PREC": 1.928,
        " PVOL": 2.0,
        " RELY": 5.0,
        " RESL": 2.847,
        " RUSE": 3.877,
        " SCED": 2.556,
        " SITE": 3.0,
        " STOR": 3.763,
        " TEAM": 2.237,
        " TIME": 5.072,
        " TOOL": 2.191
      },
      "objectives": [
        0.6619466045182543,
        0.4526420243115853,
        0.7492917354251913,
        1.0
      ],
      "iteration": 7,
      "timestamp": 3.327280282974243
    },
    {
      "config": {
        "DATA": 4.485,
        " ACAP": 2.889,
        " AEXP": 2.493,
        " CPLx": 5.452,
        " DOCU": 2.001,
        " ETAT": 4.4,
        " FLEx": 3.274,
        " KLOC": 117.012,
        " LTEx": 3.638,
        " PCAP": 3.0,
        " PCON": 2.223,
        " PLEx": 3.0,
        " PMAT": 2.741,
        " PREC": 1.881,
        " PVOL": 2.0,
        " RELY": 5.0,
        " RESL": 1.002,
        " RUSE": 3.266,
        " SCED": 2.95,
        " SITE": 3.0,
        " STOR": 3.113,
        " TEAM": 2.232,
        " TIME": 4.323,
        " TOOL": 2.354
      },
      "objectives": [
        0.8300591727649733,
        0.5932026792359217,
        0.7780019723860179,
        1.0
      ],
      "iteration": 8,
      "timestamp": 3.497030735015869
    },
    {
      "config": {
        "DATA": 4.738,
        " ACAP": 2.827,
        " AEXP": 2.293,
        " CPLx": 5.551,
        " DOCU": 2.344,
        " ETAT": 3.696,
        " FLEx": 3.436,
        " KLOC": 106.226,
        " LTEx": 3.533,
        " PCAP": 3.0,
        " PCON": 2.476,
        " PLEx": 3.0,
        " PMAT": 3.763,
        " PREC": 1.02,
        " PVOL": 2.0,
        " RELY": 5.0,
        " RESL": 2.644,
        " RUSE": 3.157,
        " SCED": 2.447,
        " SITE": 3.0,
        " STOR": 3.86,
        " TEAM": 2.578,
        " TIME": 4.837,
        " TOOL": 2.222
      },
      "objectives": [
        0.7753415323610188,
        0.561746464897048,
        0.8319150030498879,
        1.0
      ],
      "iteration": 9,
      "timestamp": 3.6769943237304688
    },
    {
      "config": {
        "DATA": 4.211,
        " ACAP": 2.883,
        " AEXP": 2.595,
        " CPLx": 5.559,
        " DOCU": 3.784,
        " ETAT": 4.359,
        " FLEx": 4.754,
        " KLOC": 105.746,
        " LTEx": 3.43,
        " PCAP": 3.0,
        " PCON": 2.647,
        " PLEx": 3.0,
        " PMAT": 2.855,
        " PREC": 1.922,
        " PVOL": 2.0,
        " RELY": 5.0,
        " RESL": 2.989,
        " RUSE": 2.855,
        " SCED": 2.749,
        " SITE": 3.0,
        " STOR": 4.995,
        " TEAM": 2.188,
        " TIME": 5.068,