{
  "optimizer": "MOSMAC",
  "dataset": "xomo_ground",
  "checkpoint": 10,
  "seed": 1,
  "runtime_seconds": 4.535290956497192,
  "best_value": 0.09918027616827851,
  "n_evaluations": 10,
  "start_timestamp": 1770795233.6281283,
  "end_timestamp": 1770795238.1634197,
  "evaluation_history": [
    {
      "config": {
        "DATA": 2.678,
        " ACAP": 3.533,
        " AEXP": 2.988,
        " CPLx": 2.769,
        " DOCU": 4.527,
        " ETAT": 2.205,
        " FLEx": 2.778,
        " KLOC": 285.28,
        " LTEx": 1.703,
        " PCAP": 3.133,
        " PCON": 1.551,
        " PLEx": 2.077,
        " PMAT": 2.064,
        " PREC": 4.721,
        " PVOL": 4.763,
        " RELY": 2.652,
        " RESL": 2.261,
        " RUSE": 4.31,
        " SCED": 3.0,
        " SITE": 3.469,
        " STOR": 3.227,
        " TEAM": 4.636,
        " TIME": 3.269,
        " TOOL": 2.0
      },
      "objectives": [
        0.6139049544978195,
        0.3666151757711932,
        0.9387896447335423,
        0.9375291375291375
      ],
      "iteration": 1,
      "timestamp": 0.39499759674072266
    },
    {
      "config": {
        "DATA": 4.474,
        " ACAP": 4.562,
        " AEXP": 4.044,
        " CPLx": 2.853,
        " DOCU": 1.57,
        " ETAT": 5.543,
        " FLEx": 2.597,
        " KLOC": 159.884,
        " LTEx": 1.74,
        " PCAP": 4.16,
        " PCON": 3.424,
        " PLEx": 3.292,
        " PMAT": 2.655,
        " PREC": 2.316,
        " PVOL": 2.989,
        " RELY": 1.814,
        " RESL": 2.668,
        " RUSE": 3.942,
        " SCED": 3.0,
        " SITE": 2.023,
        " STOR": 3.514,
        " TEAM": 2.684,
        " TIME": 3.702,
        " TOOL": 2.0
      },
      "objectives": [
        0.8873692390806259,
        0.6104947806955952,
        0.9129793975906044,
        0.5
      ],
      "iteration": 2,
      "timestamp": 0.6361739635467529
    },
    {
      "config": {
        "DATA": 2.27,
        " ACAP": 3.397,
        " AEXP": 4.498,
        " CPLx": 2.853,
        " DOCU": 3.886,
        " ETAT": 2.902,
        " FLEx": 4.352,
        " KLOC": 80.301,
        " LTEx": 2.721,
        " PCAP": 4.031,
        " PCON": 4.096,
        " PLEx": 3.944,
        " PMAT": 2.595,
        " PREC": 4.249,
        " PVOL": 4.015,
        " RELY": 3.021,
        " RESL": 4.578,
        " RUSE": 2.461,
        " SCED": 3.0,
        " SITE": 3.695,
        " STOR": 3.603,
        " TEAM": 2.467,
        " TIME": 3.139,
        " TOOL": 2.0
      },
      "objectives": [
        0.9680518763579785,
        0.8042643823433039,
        0.99628595913192,
        1.0
      ],
      "iteration": 3,
      "timestamp": 2.8443892002105713
    },
    {
      "config": {
        "DATA": 3.455,
        " ACAP": 3.072,
        " AEXP": 2.451,
        " CPLx": 3.572,
        " DOCU": 3.403,
        " ETAT": 4.171,
        " FLEx": 4.729,
        " KLOC": 304.807,
        " LTEx": 2.419,
        " PCAP": 3.325,
        " PCON": 2.307,
        " PLEx": 3.139,
        " PMAT": 2.77,
        " PREC": 2.533,
        " PVOL": 3.15,
        " RELY": 1.517,
        " RESL": 3.642,
        " RUSE": 4.681,
        " SCED": 3.0,
        " SITE": 3.037,
        " STOR": 3.949,
        " TEAM": 1.77,
        " TIME": 3.247,
        " TOOL": 2.0
      },
      "objectives": [
        0.7321543013532521,
        0.4382109254318213,
        0.7880669332492831,
        0.624941724941725
      ],
      "iteration": 4,
      "timestamp": 3.087547540664673
    },
    {
      "config": {
        "DATA": 3.152,
        " ACAP": 4.82,
        " AEXP": 4.325,
        " CPLx": 3.651,
        " DOCU": 3.611,
        " ETAT": 2.756,
        " FLEx": 1.66,
        " KLOC": 102.317,
        " LTEx": 3.546,
        " PCAP": 4.188,
        " PCON": 3.394,
        " PLEx": 3.992,
        " PMAT": 2.062,
        " PREC": 2.857,
        " PVOL": 4.277,
        " RELY": 3.688,
        " RESL": 4.326,
        " RUSE": 2.146,
        " SCED": 3.0,
        " SITE": 3.568,
        " STOR": 3.537,
        " TEAM": 1.051,
        " TIME": 3.053,
        " TOOL": 2.0
      },
      "objectives": [
        0.9600476587948347,
        0.7580396011796096,
        0.9938885873623833,
        1.0
      ],
      "iteration": 5,
      "timestamp": 3.328136444091797
    },
    {
      "config": {
        "DATA": 2.898,
        " ACAP": 4.055,
        " AEXP": 2.371,
        " CPLx": 1.404,
        " DOCU": 2.915,
        " ETAT": 4.622,
        " FLEx": 3.587,
        " KLOC": 78.181,
        " LTEx": 3.335,
        " PCAP": 4.116,
        " PCON": 4.393,
        " PLEx": 2.674,
        " PMAT": 2.462,
        " PREC": 3.724,
        " PVOL": 3.413,
        " RELY": 2.385,
        " RESL": 1.973,
        " RUSE": 5.672,
        " SCED": 3.0,
        " SITE": 1.622,
        " STOR": 3.689,
        " TEAM": 4.397,
        " TIME": 3.565,
        " TOOL": 2.0
      },
      "objectives": [
        0.9247228755796095,
        0.686162992089126,
        0.9876157055247756,
        0.5
      ],
      "iteration": 6,
      "timestamp": 3.563866376876831
    },
    {
      "config": {
        "DATA": 2.418,
        " ACAP": 3.596,
        " AEXP": 2.26,
        " CPLx": 1.125,
        " DOCU": 3.503,
        " ETAT": 2.758,
        " FLEx": 1.503,
        " KLOC": 348.793,
        " LTEx": 1.513,
        " PCAP": 4.044,
        " PCON": 2.054,
        " PLEx": 3.113,
        " PMAT": 2.469,
        " PREC": 2.356,
        " PVOL": 4.488,
        " RELY": 1.83,
        " RESL": 1.153,
        " RUSE": 5.053,
        " SCED": 3.0,
        " SITE": 3.868,
        " STOR": 3.213,
        " TEAM": 3.091,
        " TIME": 3.783,
        " TOOL": 2.0
      },
      "objectives": [
        0.6112795380062116,
        0.308149604456303,
        0.7820786478165151,
        0.5
      ],
      "iteration": 7,
      "timestamp": 3.797177791595459
    },
    {
      "config": {
        "DATA": 2.705,
        " ACAP": 3.538,
        " AEXP": 3.548,
        " CPLx": 3.855,
        " DOCU": 3.067,
        " ETAT": 1.741,
        " FLEx": 2.178,
        " KLOC": 62.885,
        " LTEx": 2.764,
        " PCAP": 3.078,
        " PCON": 5.0,
        " PLEx": 2.707,
        " PMAT": 2.293,
        " PREC": 1.85,
        " PVOL": 2.512,
        " RELY": 3.592,
        " RESL": 4.682,
        " RUSE": 3.644,
        " SCED": 3.0,
        " SITE": 1.861,
        " STOR": 3.372,
        " TEAM": 2.858,
        " TIME": 3.877,
        " TOOL": 2.0
      },
      "objectives": [
        0.9496760315977644,
        0.7307728315311519,
        0.9782461523909849,
        0.9375291375291375
      ],
      "iteration": 8,
      "timestamp": 4.041887044906616
    },
    {
      "config": {
        "DATA": 2.83,
        " ACAP": 4.889,
        " AEXP": 3.69,
        " CPLx": 2.911,
        " DOCU": 3.161,
        " ETAT": 2.886,
        " FLEx": 2.422,
        " KLOC": 115.782,
        " LTEx": 2.38,
        " PCAP": 4.115,
        " PCON": 3.964,
        " PLEx": 3.851,
        " PMAT": 2.413,
        " PREC": 4.403,
        " PVOL": 3.424,
        " RELY": 1.798,
        " RESL": 3.415,
        " RUSE": 5.046,
        " SCED": 3.0,
        " SITE": 2.501,
        " STOR": 3.677,
        " TEAM": 3.606,
        " TIME": 3.505,
        " TOOL": 2.0
      },
      "objectives": [
        0.9365375603940009,
        0.7092636801947292,
        0.978515781368052,
        0.5
      ],
      "iteration": 9,
      "timestamp": 4.282301187515259
    },
    {
      "config": {
        "DATA": 4.419,
        " ACAP": 4.715,
        " AEXP": 4.491,
        " CPLx": 2.725,
        " DOCU": 1.766,
        " ETAT": 3.868,
        " FLEx": 3.215,
        " KLOC": 145.299,
        " LTEx": 3.471,
        " PCAP": 3.733,
        " PCON": 3.08,
        " PLEx": 3.184,
        " PMAT": 2.691,
        " PREC": 4.054,
        " PVOL": 4.278,
        " RELY": 1.556,
        " RESL": 2.908,
        " RUSE": 4.286,
        " SCED": 3.0,
        " SITE": 1.442,