{
  "optimizer": "MOSMAC",
  "dataset": "xomo_osp2",
  "checkpoint": 10,
  "seed": 1,
  "runtime_seconds": 3.8090291023254395,
  "best_value": 0.20470124120593114,
  "n_evaluations": 10,
  "start_timestamp": 1770795252.7376454,
  "end_timestamp": 1770795256.546675,
  "evaluation_history": [
    {
      "config": {
        "DATA": 2.21,
        " ACAP": 2.054,
        " AEXP": 2.618,
        " CPLx": 5.992,
        " DOCU": 3.336,
        " ETAT": 1.97,
        " FLEx": 2.906,
        " KLOC": 105.776,
        " LTEx": 2.107,
        " PCAP": 3.0,
        " PCON": 2.231,
        " PLEx": 3.0,
        " PMAT": 1.21,
        " PREC": 1.496,
        " PVOL": 2.0,
        " RELY": 5.0,
        " RESL": 1.412,
        " RUSE": 3.674,
        " SCED": 2.337,
        " SITE": 3.0,
        " STOR": 3.421,
        " TEAM": 2.165,
        " TIME": 5.153,
        " TOOL": 2.8
      },
      "objectives": [
        0.6729453711358158,
        0.4017861572810718,
        0.6777483592585839,
        0.7221301284707833
      ],
      "iteration": 1,
      "timestamp": 0.2876091003417969
    },
    {
      "config": {
        "DATA": 4.621,
        " ACAP": 2.86,
        " AEXP": 2.338,
        " CPLx": 5.429,
        " DOCU": 2.624,
        " ETAT": 3.933,
        " FLEx": 2.319,
        " KLOC": 87.766,
        " LTEx": 2.942,
        " PCAP": 3.0,
        " PCON": 2.809,
        " PLEx": 3.0,
        " PMAT": 3.328,
        " PREC": 1.962,
        " PVOL": 2.0,
        " RELY": 5.0,
        " RESL": 2.132,
        " RUSE": 2.572,
        " SCED": 1.791,
        " SITE": 3.0,
        " STOR": 4.738,
        " TEAM": 2.596,
        " TIME": 3.819,
        " TOOL": 2.064
      },
      "objectives": [
        0.72894192024481,
        0.7085090548251054,
        0.9094859169153339,
        0.38893493576460836
      ],
      "iteration": 2,
      "timestamp": 0.4580965042114258
    },
    {
      "config": {
        "DATA": 3.612,
        " ACAP": 2.552,
        " AEXP": 2.265,
        " CPLx": 5.3,
        " DOCU": 2.859,
        " ETAT": 4.924,
        " FLEx": 4.354,
        " KLOC": 101.844,
        " LTEx": 3.154,
        " PCAP": 3.0,
        " PCON": 2.186,
        " PLEx": 3.0,
        " PMAT": 1.177,
        " PREC": 1.906,
        " PVOL": 2.0,
        " RELY": 5.0,
        " RESL": 2.011,
        " RUSE": 2.024,
        " SCED": 2.599,
        " SITE": 3.0,
        " STOR": 4.894,
        " TEAM": 2.194,
        " TIME": 5.455,
        " TOOL": 2.813
      },
      "objectives": [
        0.646054902401169,
        0.41503349044902016,
        0.7663349883537915,
        0.7221301284707833
      ],
      "iteration": 3,
      "timestamp": 2.6007328033447266
    },
    {
      "config": {
        "DATA": 3.969,
        " ACAP": 2.363,
        " AEXP": 2.673,
        " CPLx": 5.169,
        " DOCU": 3.431,
        " ETAT": 1.086,
        " FLEx": 3.645,
        " KLOC": 84.858,
        " LTEx": 2.103,
        " PCAP": 3.0,
        " PCON": 2.638,
        " PLEx": 3.0,
        " PMAT": 2.041,
        " PREC": 1.755,
        " PVOL": 2.0,
        " RELY": 5.0,
        " RESL": 2.415,
        " RUSE": 3.547,
        " SCED": 1.893,
        " SITE": 3.0,
        " STOR": 3.543,
        " TEAM": 2.18,
        " TIME": 5.262,
        " TOOL": 2.908
      },
      "objectives": [
        0.6998483595937691,
        0.6384023815430416,
        0.7198594075386986,
        0.2776626605884791
      ],
      "iteration": 4,
      "timestamp": 2.761751890182495
    },
    {
      "config": {
        "DATA": 3.788,
        " ACAP": 2.693,
        " AEXP": 2.902,
        " CPLx": 5.983,
        " DOCU": 2.38,
        " ETAT": 5.338,
        " FLEx": 3.569,
        " KLOC": 101.217,
        " LTEx": 3.349,
        " PCAP": 3.0,
        " PCON": 2.1,
        " PLEx": 3.0,
        " PMAT": 1.318,
        " PREC": 1.67,
        " PVOL": 2.0,
        " RELY": 5.0,
        " RESL": 1.735,
        " RUSE": 3.65,
        " SCED": 1.972,
        " SITE": 3.0,
        " STOR": 3.632,
        " TEAM": 2.08,
        " TIME": 4.208,
        " TOOL": 2.771
      },
      "objectives": [
        0.8007459478777361,
        0.7090052096254031,
        0.671652860060859,
        0.11106506423539153
      ],
      "iteration": 5,
      "timestamp": 2.930143356323242
    },
    {
      "config": {
        "DATA": 4.152,
        " ACAP": 2.212,
        " AEXP": 2.827,
        " CPLx": 5.064,
        " DOCU": 2.584,
        " ETAT": 1.254,
        " FLEx": 3.598,
        " KLOC": 78.059,
        " LTEx": 3.072,
        " PCAP": 3.0,
        " PCON": 2.655,
        " PLEx": 3.0,
        " PMAT": 2.866,
        " PREC": 1.589,
        " PVOL": 2.0,
        " RELY": 5.0,
        " RESL": 2.743,
        " RUSE": 3.632,
        " SCED": 1.358,
        " SITE": 3.0,
        " STOR": 4.961,
        " TEAM": 2.791,
        " TIME": 5.933,
        " TOOL": 2.892
      },
      "objectives": [
        0.8616312592451517,
        0.8422227735053337,
        0.7693554608884752,
        0.38893493576460836
      ],
      "iteration": 6,
      "timestamp": 3.1032052040100098
    },
    {
      "config": {
        "DATA": 2.852,
        " ACAP": 2.894,
        " AEXP": 2.894,
        " CPLx": 5.333,
        " DOCU": 2.681,
        " ETAT": 5.72,
        " FLEx": 3.563,
        " KLOC": 77.925,
        " LTEx": 3.21,
        " PCAP": 3.0,
        " PCON": 2.55,
        " PLEx": 3.0,
        " PMAT": 2.93,
        " PREC": 1.001,
        " PVOL": 2.0,
        " RELY": 5.0,
        " RESL": 1.051,
        " RUSE": 2.768,
        " SCED": 2.539,
        " SITE": 3.0,
        " STOR": 4.071,
        " TEAM": 2.365,
        " TIME": 3.367,
        " TOOL": 2.585
      },
      "objectives": [
        0.843478039836242,
        0.62584966509551,
        0.9441180218465012,
        1.0
      ],
      "iteration": 7,
      "timestamp": 3.2801058292388916
    },
    {
      "config": {
        "DATA": 4.265,
        " ACAP": 2.447,
        " AEXP": 2.122,
        " CPLx": 5.398,
        " DOCU": 2.941,
        " ETAT": 4.147,
        " FLEx": 2.673,
        " KLOC": 86.356,
        " LTEx": 2.233,
        " PCAP": 3.0,
        " PCON": 2.833,
        " PLEx": 3.0,
        " PMAT": 2.213,
        " PREC": 1.093,
        " PVOL": 2.0,
        " RELY": 5.0,
        " RESL": 2.94,
        " RUSE": 3.718,
        " SCED": 1.005,
        " SITE": 3.0,
        " STOR": 3.382,
        " TEAM": 2.535,
        " TIME": 3.561,
        " TOOL": 2.078
      },
      "objectives": [
        0.7043285236097321,
        0.7166956090300175,
        0.9019239865660459,
        0.2776626605884791
      ],
      "iteration": 8,
      "timestamp": 3.4584996700286865
    },
    {
      "config": {
        "DATA": 2.216,
        " ACAP": 2.246,
        " AEXP": 2.087,
        " CPLx": 5.188,
        " DOCU": 3.75,
        " ETAT": 2.177,
        " FLEx": 3.309,
        " KLOC": 94.91,
        " LTEx": 3.3,
        " PCAP": 3.0,
        " PCON": 2.269,
        " PLEx": 3.0,
        " PMAT": 1.619,
        " PREC": 1.31,
        " PVOL": 2.0,
        " RELY": 5.0,
        " RESL": 2.471,
        " RUSE": 3.871,
        " SCED": 1.325,
        " SITE": 3.0,
        " STOR": 4.521,
        " TEAM": 2.825,
        " TIME": 5.482,
        " TOOL": 2.679
      },
      "objectives": [
        0.6798714338232086,
        0.6453485487472091,
        0.7425343917835935,
        0.11106506423539153
      ],
      "iteration": 9,
      "timestamp": 3.6301052570343018
    },
    {
      "config": {
        "DATA": 4.612,
        " ACAP": 2.73,
        " AEXP": 2.875,
        " CPLx": 5.135,
        " DOCU": 3.096,
        " ETAT": 1.247,
        " FLEx": 2.228,
        " KLOC": 80.301,
        " LTEx": 3.361,
        " PCAP": 3.0,
        " PCON": 2.884,
        " PLEx": 3.0,
        " PMAT": 3.665,
        " PREC": 1.554,
        " PVOL": 2.0,
        " RELY": 5.0,
        " RESL": 1.112,
        " RUSE": 3.887,
        " SCED": 2.407,