{
  "incumbent_ids": [
    5
  ],
  "rejected_config_ids": [
    1,
    3,
    4,
    2,
    6,
    7,
    8,
    9,
    10,
    11,
    12
  ],
  "incumbents_changed": 3,
  "trajectory": [
    {
      "config_ids": [
        1
      ],
      "costs": [
        299.7133855723754
      ],
      "trial": 1,
      "walltime": 0.00403285026550293
    },
    {
      "config_ids": [
        2
      ],
      "costs": [
        232.11299195539803
      ],
      "trial": 2,
      "walltime": 0.010561466217041016
    },
    {
      "config_ids": [
        5
      ],
      "costs": [
        147.12675778683612
      ],
      "trial": 5,
      "walltime": 1.136606216430664
    }
  ],
  "state": {
    "queue": [
      [
        12,
        1
      ]
    ]
  }
}