{'Clndrs': 4.0, 'Volume': 97.0, 'Model': 82.0, 'origin': 2.0}, {'Clndrs': 4.0, 'Volume': 97.0, 'Model': 70.0, 'origin': 2.0}, {'Clndrs': 4.0, 'Volume': 97.0, 'Model': 82.0, 'origin': 2.0}, {'Clndrs': 4.0, 'Volume': 97.0, 'Model': 82.0, 'origin': 2.0}, {'Clndrs': 4.0, 'Volume': 97.0, 'Model': 82.0, 'origin': 2.0}, {'Clndrs': 4.0, 'Volume': 97.0, 'Model': 82.0, 'origin': 2.0}, {'Clndrs': 4.0, 'Volume': 97.0, 'Model': 82.0, 'origin': 2.0}, {'Clndrs': 4.0, 'Volume': 72.0, 'Model': 71.0, 'origin': 3.0}, {'Clndrs': 4.0, 'Volume': 85.0, 'Model': 81.0, 'origin': 3.0}, {'Clndrs': 4.0, 'Volume': 97.0, 'Model': 82.0, 'origin': 2.0}, {'Clndrs': 4.0, 'Volume': 97.0, 'Model': 82.0, 'origin': 2.0}, {'Clndrs': 4.0, 'Volume': 85.0, 'Model': 80.0, 'origin': 3.0}, {'Clndrs': 4.0, 'Volume': 98.0, 'Model': 82.0, 'origin': 1.0}, {'Clndrs': 6.0, 'Volume': 262.0, 'Model': 82.0, 'origin': 1.0}, {'Clndrs': 4.0, 'Volume': 85.0, 'Model': 76.0, 'origin': 1.0}, {'Clndrs': 4.0, 'Volume': 97.0, 'Model': 82.0, 'origin': 2.0}, {'Clndrs': 4.0, 'Volume': 97.0, 'Model': 82.0, 'origin': 2.0}, {'Clndrs': 4.0, 'Volume': 85.0, 'Model': 76.0, 'origin': 1.0}, {'Clndrs': 4.0, 'Volume': 97.0, 'Model': 82.0, 'origin': 2.0}, {'Clndrs': 4.0, 'Volume': 97.0, 'Model': 82.0, 'origin': 2.0}
0.16745989117220028, 0.3263298147356364, 0.16745989117220028, 0.16745989117220028, 0.16745989117220028, 0.16745989117220028, 0.16745989117220028, 0.27467083302654305, 0.24245318422143292, 0.16745989117220028, 0.16745989117220028, 0.25394722064135844, 0.30706763493134415, 0.38125731428387977, 0.30998225385304745, 0.16745989117220028, 0.16745989117220028, 0.30998225385304745, 0.16745989117220028, 0.16745989117220028
2.3883535861968994, 2.1868655681610107, 2.2041122913360596, 2.2736566066741943, 2.0098652839660645, 2.101515769958496, 2.309173583984375, 2.183199882507324, 2.1407580375671387, 2.1200153827667236, 2.0590240955352783, 2.2040064334869385, 2.387807846069336, 2.185939311981201, 2.249056816101074, 2.1794073581695557, 2.2173635959625244, 2.240302085876465, 2.3579022884368896, 2.1623241901397705