{'Clndrs': 4.0, 'Volume': 97.0, 'Model': 82.0, 'origin': 2.0}, {'Clndrs': 4.0, 'Volume': 97.0, 'Model': 82.0, 'origin': 2.0}, {'Clndrs': 4.0, 'Volume': 85.0, 'Model': 80.0, 'origin': 3.0}, {'Clndrs': 4.0, 'Volume': 97.0, 'Model': 82.0, 'origin': 2.0}, {'Clndrs': 4.0, 'Volume': 97.0, 'Model': 82.0, 'origin': 2.0}, {'Clndrs': 4.0, 'Volume': 97.0, 'Model': 82.0, 'origin': 2.0}, {'Clndrs': 4.0, 'Volume': 97.0, 'Model': 82.0, 'origin': 2.0}, {'Clndrs': 4.0, 'Volume': 97.0, 'Model': 82.0, 'origin': 2.0}, {'Clndrs': 4.0, 'Volume': 97.0, 'Model': 82.0, 'origin': 2.0}, {'Clndrs': 4.0, 'Volume': 97.0, 'Model': 82.0, 'origin': 2.0}, {'Clndrs': 4.0, 'Volume': 97.0, 'Model': 82.0, 'origin': 2.0}, {'Clndrs': 4.0, 'Volume': 85.0, 'Model': 76.0, 'origin': 1.0}, {'Clndrs': 4.0, 'Volume': 79.0, 'Model': 81.0, 'origin': 3.0}, {'Clndrs': 4.0, 'Volume': 97.0, 'Model': 82.0, 'origin': 2.0}, {'Clndrs': 4.0, 'Volume': 97.0, 'Model': 82.0, 'origin': 2.0}, {'Clndrs': 4.0, 'Volume': 97.0, 'Model': 82.0, 'origin': 2.0}, {'Clndrs': 4.0, 'Volume': 97.0, 'Model': 82.0, 'origin': 2.0}, {'Clndrs': 4.0, 'Volume': 97.0, 'Model': 82.0, 'origin': 2.0}, {'Clndrs': 4.0, 'Volume': 97.0, 'Model': 82.0, 'origin': 2.0}, {'Clndrs': 4.0, 'Volume': 97.0, 'Model': 82.0, 'origin': 2.0}
0.16745989117220028, 0.16745989117220028, 0.25394722064135844, 0.16745989117220028, 0.16745989117220028, 0.16745989117220028, 0.16745989117220028, 0.16745989117220028, 0.16745989117220028, 0.16745989117220028, 0.16745989117220028, 0.30998225385304745, 0.30835304541281605, 0.16745989117220028, 0.16745989117220028, 0.16745989117220028, 0.16745989117220028, 0.16745989117220028, 0.16745989117220028, 0.16745989117220028
12.496024370193481, 13.504082202911377, 5.0167176723480225, 9.471874475479126, 4.295254707336426, 7.872197151184082, 12.724239826202393, 12.562033414840698, 15.329905033111572, 17.118069648742676, 18.472846269607544, 20.91175937652588, 6.280574321746826, 54.49794006347656, 43.917728424072266, 47.12308883666992, 38.45646619796753, 48.533100605010986, 45.04917335510254, 9.561940431594849