{'Clndrs': 4.0, 'Volume': 98.0, 'Model': 82.0, 'origin': 1.0}, {'Clndrs': 4.0, 'Volume': 97.0, 'Model': 81.0, 'origin': 3.0}, {'Clndrs': 4.0, 'Volume': 91.0, 'Model': 71.0, 'origin': 1.0}, {'Clndrs': 4.0, 'Volume': 97.0, 'Model': 82.0, 'origin': 2.0}, {'Clndrs': 4.0, 'Volume': 97.0, 'Model': 82.0, 'origin': 2.0}, {'Clndrs': 4.0, 'Volume': 97.0, 'Model': 70.0, 'origin': 2.0}, {'Clndrs': 6.0, 'Volume': 262.0, 'Model': 82.0, 'origin': 1.0}, {'Clndrs': 4.0, 'Volume': 97.0, 'Model': 70.0, 'origin': 2.0}, {'Clndrs': 4.0, 'Volume': 98.0, 'Model': 82.0, 'origin': 1.0}, {'Clndrs': 8.0, 'Volume': 350.0, 'Model': 81.0, 'origin': 1.0}, {'Clndrs': 4.0, 'Volume': 85.0, 'Model': 80.0, 'origin': 2.0}, {'Clndrs': 4.0, 'Volume': 98.0, 'Model': 82.0, 'origin': 1.0}, {'Clndrs': 5.0, 'Volume': 121.0, 'Model': 80.0, 'origin': 2.0}, {'Clndrs': 5.0, 'Volume': 121.0, 'Model': 80.0, 'origin': 2.0}, {'Clndrs': 4.0, 'Volume': 97.0, 'Model': 82.0, 'origin': 2.0}, {'Clndrs': 4.0, 'Volume': 97.0, 'Model': 72.0, 'origin': 2.0}, {'Clndrs': 4.0, 'Volume': 85.0, 'Model': 80.0, 'origin': 2.0}, {'Clndrs': 5.0, 'Volume': 121.0, 'Model': 80.0, 'origin': 2.0}, {'Clndrs': 4.0, 'Volume': 98.0, 'Model': 82.0, 'origin': 1.0}, {'Clndrs': 4.0, 'Volume': 85.0, 'Model': 80.0, 'origin': 2.0}
0.30706763493134415, 0.3829859092340627, 0.32909678259718966, 0.16745989117220028, 0.16745989117220028, 0.3263298147356364, 0.38125731428387977, 0.3263298147356364, 0.30706763493134415, 0.49253148257199353, 0.2976352869025818, 0.30706763493134415, 0.31159152325128536, 0.31159152325128536, 0.16745989117220028, 0.4477787960673256, 0.2976352869025818, 0.31159152325128536, 0.30706763493134415, 0.2976352869025818
0.8273251056671143, 0.7831780910491943, 0.7928357124328613, 0.8767693042755127, 0.8322169780731201, 0.8125879764556885, 0.7789957523345947, 0.8006904125213623, 0.47674083709716797, 0.40384674072265625, 0.8614299297332764, 0.8224489688873291, 0.8160638809204102, 0.8221065998077393, 0.4981811046600342, 0.400921106338501, 0.4814414978027344, 0.8126406669616699, 0.8429605960845947, 0.7776720523834229