{'Clndrs': 4.0, 'Volume': 97.0, 'Model': 82.0, 'origin': 2.0}, {'Clndrs': 4.0, 'Volume': 97.0, 'Model': 82.0, 'origin': 2.0}, {'Clndrs': 4.0, 'Volume': 97.0, 'Model': 70.0, 'origin': 2.0}, {'Clndrs': 4.0, 'Volume': 90.0, 'Model': 78.0, 'origin': 2.0}, {'Clndrs': 4.0, 'Volume': 97.0, 'Model': 82.0, 'origin': 2.0}, {'Clndrs': 5.0, 'Volume': 121.0, 'Model': 80.0, 'origin': 2.0}, {'Clndrs': 6.0, 'Volume': 262.0, 'Model': 82.0, 'origin': 1.0}, {'Clndrs': 4.0, 'Volume': 91.0, 'Model': 71.0, 'origin': 1.0}, {'Clndrs': 4.0, 'Volume': 85.0, 'Model': 81.0, 'origin': 3.0}, {'Clndrs': 4.0, 'Volume': 97.0, 'Model': 82.0, 'origin': 2.0}, {'Clndrs': 4.0, 'Volume': 97.0, 'Model': 82.0, 'origin': 2.0}, {'Clndrs': 4.0, 'Volume': 97.0, 'Model': 82.0, 'origin': 2.0}, {'Clndrs': 4.0, 'Volume': 98.0, 'Model': 82.0, 'origin': 1.0}, {'Clndrs': 4.0, 'Volume': 85.0, 'Model': 78.0, 'origin': 3.0}, {'Clndrs': 5.0, 'Volume': 121.0, 'Model': 80.0, 'origin': 2.0}, {'Clndrs': 4.0, 'Volume': 98.0, 'Model': 82.0, 'origin': 1.0}, {'Clndrs': 4.0, 'Volume': 72.0, 'Model': 71.0, 'origin': 3.0}, {'Clndrs': 4.0, 'Volume': 97.0, 'Model': 82.0, 'origin': 2.0}, {'Clndrs': 4.0, 'Volume': 91.0, 'Model': 71.0, 'origin': 1.0}, {'Clndrs': 4.0, 'Volume': 79.0, 'Model': 81.0, 'origin': 3.0}
0.16745989117220028, 0.16745989117220028, 0.3263298147356364, 0.19339815732352839, 0.16745989117220028, 0.31159152325128536, 0.38125731428387977, 0.32909678259718966, 0.24245318422143292, 0.16745989117220028, 0.16745989117220028, 0.16745989117220028, 0.30706763493134415, 0.26800809420993543, 0.31159152325128536, 0.30706763493134415, 0.27467083302654305, 0.16745989117220028, 0.32909678259718966, 0.30835304541281605
1.38214111328125, 1.3723249435424805, 1.2596004009246826, 1.3269023895263672, 1.3850598335266113, 1.289006233215332, 1.453490972518921, 1.2696115970611572, 1.3623437881469727, 1.2693848609924316, 0.9448428153991699, 1.4266057014465332, 1.3135521411895752, 1.3809688091278076, 1.2690882682800293, 1.3433811664581299, 1.303495168685913, 1.3335623741149902, 1.2505583763122559, 1.3822994232177734