{'Clndrs': 5.0, 'Volume': 121.0, 'Model': 80.0, 'origin': 2.0}, {'Clndrs': 4.0, 'Volume': 85.0, 'Model': 80.0, 'origin': 3.0}, {'Clndrs': 4.0, 'Volume': 98.0, 'Model': 71.0, 'origin': 1.0}, {'Clndrs': 4.0, 'Volume': 85.0, 'Model': 80.0, 'origin': 2.0}, {'Clndrs': 4.0, 'Volume': 97.0, 'Model': 82.0, 'origin': 2.0}, {'Clndrs': 6.0, 'Volume': 156.0, 'Model': 76.0, 'origin': 3.0}, {'Clndrs': 6.0, 'Volume': 262.0, 'Model': 82.0, 'origin': 1.0}, {'Clndrs': 4.0, 'Volume': 68.0, 'Model': 73.0, 'origin': 2.0}, {'Clndrs': 4.0, 'Volume': 85.0, 'Model': 79.0, 'origin': 3.0}, {'Clndrs': 5.0, 'Volume': 121.0, 'Model': 80.0, 'origin': 2.0}, {'Clndrs': 4.0, 'Volume': 97.0, 'Model': 72.0, 'origin': 3.0}, {'Clndrs': 4.0, 'Volume': 97.0, 'Model': 73.0, 'origin': 2.0}, {'Clndrs': 5.0, 'Volume': 121.0, 'Model': 80.0, 'origin': 2.0}, {'Clndrs': 6.0, 'Volume': 262.0, 'Model': 82.0, 'origin': 1.0}, {'Clndrs': 4.0, 'Volume': 97.0, 'Model': 70.0, 'origin': 2.0}, {'Clndrs': 4.0, 'Volume': 85.0, 'Model': 77.0, 'origin': 3.0}, {'Clndrs': 4.0, 'Volume': 98.0, 'Model': 80.0, 'origin': 1.0}, {'Clndrs': 4.0, 'Volume': 97.0, 'Model': 70.0, 'origin': 2.0}, {'Clndrs': 4.0, 'Volume': 96.0, 'Model': 72.0, 'origin': 2.0}, {'Clndrs': 4.0, 'Volume': 91.0, 'Model': 79.0, 'origin': 2.0}
0.31159152325128536, 0.25394722064135844, 0.3578925042330301, 0.2976352869025818, 0.16745989117220028, 0.579762232928069, 0.38125731428387977, 0.34385632337349503, 0.35328328444748114, 0.31159152325128536, 0.4091404918618775, 0.3216062143047753, 0.31159152325128536, 0.38125731428387977, 0.3263298147356364, 0.40233402905237403, 0.43859809984807896, 0.3263298147356364, 0.3831896297390449, 0.3853209531288335
0.5072462558746338, 0.3464193344116211, 0.4151756763458252, 0.41287684440612793, 0.3536567687988281, 0.5546112060546875, 0.33316922187805176, 0.4026973247528076, 0.3753936290740967, 0.42597222328186035, 0.33288145065307617, 0.4455091953277588, 0.3161344528198242, 0.3995828628540039, 0.38154149055480957, 0.43527865409851074, 0.3645608425140381, 0.4498310089111328, 0.39238905906677246, 0.4178171157836914