{'Clndrs': 5.0, 'Volume': 121.0, 'Model': 80.0, 'origin': 2.0}, {'Clndrs': 4.0, 'Volume': 79.0, 'Model': 81.0, 'origin': 3.0}, {'Clndrs': 4.0, 'Volume': 97.0, 'Model': 70.0, 'origin': 2.0}, {'Clndrs': 4.0, 'Volume': 85.0, 'Model': 80.0, 'origin': 2.0}, {'Clndrs': 4.0, 'Volume': 97.0, 'Model': 82.0, 'origin': 2.0}, {'Clndrs': 4.0, 'Volume': 97.0, 'Model': 70.0, 'origin': 2.0}, {'Clndrs': 6.0, 'Volume': 262.0, 'Model': 82.0, 'origin': 1.0}, {'Clndrs': 4.0, 'Volume': 85.0, 'Model': 76.0, 'origin': 1.0}, {'Clndrs': 4.0, 'Volume': 85.0, 'Model': 81.0, 'origin': 3.0}, {'Clndrs': 4.0, 'Volume': 98.0, 'Model': 82.0, 'origin': 1.0}, {'Clndrs': 4.0, 'Volume': 85.0, 'Model': 80.0, 'origin': 3.0}, {'Clndrs': 5.0, 'Volume': 121.0, 'Model': 80.0, 'origin': 2.0}, {'Clndrs': 4.0, 'Volume': 97.0, 'Model': 82.0, 'origin': 2.0}, {'Clndrs': 4.0, 'Volume': 140.0, 'Model': 74.0, 'origin': 1.0}, {'Clndrs': 4.0, 'Volume': 97.0, 'Model': 82.0, 'origin': 2.0}, {'Clndrs': 4.0, 'Volume': 97.0, 'Model': 73.0, 'origin': 2.0}, {'Clndrs': 4.0, 'Volume': 79.0, 'Model': 71.0, 'origin': 2.0}, {'Clndrs': 4.0, 'Volume': 97.0, 'Model': 70.0, 'origin': 2.0}, {'Clndrs': 4.0, 'Volume': 91.0, 'Model': 71.0, 'origin': 1.0}, {'Clndrs': 4.0, 'Volume': 86.0, 'Model': 81.0, 'origin': 1.0}
0.31159152325128536, 0.30835304541281605, 0.3263298147356364, 0.2976352869025818, 0.16745989117220028, 0.3263298147356364, 0.38125731428387977, 0.30998225385304745, 0.24245318422143292, 0.30706763493134415, 0.25394722064135844, 0.31159152325128536, 0.16745989117220028, 0.42227124853922704, 0.16745989117220028, 0.3216062143047753, 0.3495755905847796, 0.3263298147356364, 0.32909678259718966, 0.3255856910455688
0.9442532062530518, 0.8497946262359619, 0.8484647274017334, 0.8419191837310791, 0.8375740051269531, 0.8109619617462158, 0.8681545257568359, 0.822516679763794, 0.8213403224945068, 0.8734922409057617, 0.8684122562408447, 0.8403453826904297, 0.910315990447998, 0.8799121379852295, 0.9041883945465088, 0.8829102516174316, 0.8735647201538086, 0.807114839553833, 0.8529636859893799, 0.8286769390106201