{'Spout_wait': 10.0, 'Spliters': 6.0, 'Counters': 17.0}, {'Spout_wait': 10.0, 'Spliters': 6.0, 'Counters': 17.0}, {'Spout_wait': 10.0, 'Spliters': 6.0, 'Counters': 17.0}, {'Spout_wait': 10.0, 'Spliters': 6.0, 'Counters': 17.0}, {'Spout_wait': 10.0, 'Spliters': 6.0, 'Counters': 17.0}, {'Spout_wait': 10.0, 'Spliters': 6.0, 'Counters': 17.0}, {'Spout_wait': 10.0, 'Spliters': 6.0, 'Counters': 17.0}, {'Spout_wait': 10.0, 'Spliters': 6.0, 'Counters': 17.0}, {'Spout_wait': 10.0, 'Spliters': 6.0, 'Counters': 17.0}, {'Spout_wait': 10.0, 'Spliters': 6.0, 'Counters': 17.0}, {'Spout_wait': 10.0, 'Spliters': 6.0, 'Counters': 17.0}, {'Spout_wait': 10.0, 'Spliters': 6.0, 'Counters': 17.0}, {'Spout_wait': 10.0, 'Spliters': 6.0, 'Counters': 17.0}, {'Spout_wait': 10.0, 'Spliters': 6.0, 'Counters': 17.0}, {'Spout_wait': 10.0, 'Spliters': 6.0, 'Counters': 17.0}, {'Spout_wait': 10.0, 'Spliters': 6.0, 'Counters': 17.0}, {'Spout_wait': 10.0, 'Spliters': 6.0, 'Counters': 17.0}, {'Spout_wait': 10.0, 'Spliters': 6.0, 'Counters': 17.0}, {'Spout_wait': 10.0, 'Spliters': 6.0, 'Counters': 17.0}, {'Spout_wait': 10.0, 'Spliters': 6.0, 'Counters': 17.0}
0.000747363758841324, 0.000747363758841324, 0.000747363758841324, 0.000747363758841324, 0.000747363758841324, 0.000747363758841324, 0.000747363758841324, 0.000747363758841324, 0.000747363758841324, 0.000747363758841324, 0.000747363758841324, 0.000747363758841324, 0.000747363758841324, 0.000747363758841324, 0.000747363758841324, 0.000747363758841324, 0.000747363758841324, 0.000747363758841324, 0.000747363758841324, 0.000747363758841324
52.38116216659546, 72.051917552948, 57.89347434043884, 31.849249124526978, 26.09879779815674, 21.042338132858276, 19.25314712524414, 19.440747499465942, 20.095722913742065, 15.886394023895264, 20.279829263687134, 20.65415334701538, 16.77797031402588, 20.822543382644653, 17.539040327072144, 16.214528560638428, 22.098623752593994, 18.467108488082886, 15.887569665908813, 19.21403217315674