{'Spout_wait': 7.0, 'Spliters': 3.0, 'Counters': 16.0}, {'Spout_wait': 10.0, 'Spliters': 6.0, 'Counters': 17.0}, {'Spout_wait': 8.0, 'Spliters': 6.0, 'Counters': 17.0}, {'Spout_wait': 10.0, 'Spliters': 6.0, 'Counters': 17.0}, {'Spout_wait': 9.0, 'Spliters': 3.0, 'Counters': 17.0}, {'Spout_wait': 3.0, 'Spliters': 6.0, 'Counters': 17.0}, {'Spout_wait': 3.0, 'Spliters': 6.0, 'Counters': 17.0}, {'Spout_wait': 6.0, 'Spliters': 5.0, 'Counters': 18.0}, {'Spout_wait': 10.0, 'Spliters': 6.0, 'Counters': 17.0}, {'Spout_wait': 5.0, 'Spliters': 5.0, 'Counters': 17.0}, {'Spout_wait': 4.0, 'Spliters': 3.0, 'Counters': 17.0}, {'Spout_wait': 10.0, 'Spliters': 6.0, 'Counters': 17.0}, {'Spout_wait': 9.0, 'Spliters': 6.0, 'Counters': 17.0}, {'Spout_wait': 7.0, 'Spliters': 3.0, 'Counters': 17.0}, {'Spout_wait': 8.0, 'Spliters': 6.0, 'Counters': 17.0}, {'Spout_wait': 7.0, 'Spliters': 6.0, 'Counters': 17.0}, {'Spout_wait': 10.0, 'Spliters': 6.0, 'Counters': 17.0}, {'Spout_wait': 10.0, 'Spliters': 5.0, 'Counters': 17.0}, {'Spout_wait': 9.0, 'Spliters': 6.0, 'Counters': 17.0}, {'Spout_wait': 10.0, 'Spliters': 6.0, 'Counters': 18.0}
0.08071823509139209, 0.000747363758841324, 0.006111178207122481, 0.000747363758841324, 0.020033994250278075, 0.031565920769186406, 0.031565920769186406, 0.043214253142607406, 0.000747363758841324, 0.024147530214372992, 0.0456255158854183, 0.000747363758841324, 0.008586239120553896, 0.02967052168107598, 0.006111178207122481, 0.02810356721455487, 0.000747363758841324, 0.019199269545525532, 0.008586239120553896, 0.029511347490367323
3.9529714584350586, 2.8443610668182373, 3.618972063064575, 4.136245489120483, 3.5780115127563477, 4.222825050354004, 4.61211895942688, 5.905056715011597, 6.9711387157440186, 6.346311092376709, 4.458206415176392, 3.9716951847076416, 2.9852492809295654, 6.147329568862915, 7.543622016906738, 5.241429805755615, 8.717924118041992, 8.097466945648193, 9.291260719299316, 8.090266227722168