{'Spout_wait': 10.0, 'Spliters': 6.0, 'Counters': 17.0}, {'Spout_wait': 10.0, 'Spliters': 6.0, 'Counters': 17.0}, {'Spout_wait': 10.0, 'Spliters': 6.0, 'Counters': 17.0}, {'Spout_wait': 10.0, 'Spliters': 6.0, 'Counters': 17.0}, {'Spout_wait': 10.0, 'Spliters': 6.0, 'Counters': 17.0}, {'Spout_wait': 10.0, 'Spliters': 6.0, 'Counters': 17.0}, {'Spout_wait': 10.0, 'Spliters': 6.0, 'Counters': 17.0}, {'Spout_wait': 5.0, 'Spliters': 3.0, 'Counters': 17.0}, {'Spout_wait': 10.0, 'Spliters': 6.0, 'Counters': 17.0}, {'Spout_wait': 10.0, 'Spliters': 6.0, 'Counters': 17.0}, {'Spout_wait': 10.0, 'Spliters': 6.0, 'Counters': 17.0}, {'Spout_wait': 10.0, 'Spliters': 6.0, 'Counters': 17.0}, {'Spout_wait': 10.0, 'Spliters': 6.0, 'Counters': 17.0}, {'Spout_wait': 10.0, 'Spliters': 6.0, 'Counters': 17.0}, {'Spout_wait': 10.0, 'Spliters': 6.0, 'Counters': 17.0}, {'Spout_wait': 10.0, 'Spliters': 6.0, 'Counters': 17.0}, {'Spout_wait': 10.0, 'Spliters': 6.0, 'Counters': 17.0}, {'Spout_wait': 9.0, 'Spliters': 6.0, 'Counters': 17.0}, {'Spout_wait': 10.0, 'Spliters': 6.0, 'Counters': 17.0}, {'Spout_wait': 10.0, 'Spliters': 6.0, 'Counters': 17.0}
0.000747363758841324, 0.000747363758841324, 0.000747363758841324, 0.000747363758841324, 0.000747363758841324, 0.000747363758841324, 0.000747363758841324, 0.021277644326842537, 0.000747363758841324, 0.000747363758841324, 0.000747363758841324, 0.000747363758841324, 0.000747363758841324, 0.000747363758841324, 0.000747363758841324, 0.000747363758841324, 0.000747363758841324, 0.008586239120553896, 0.000747363758841324, 0.000747363758841324
17.894514322280884, 24.822699785232544, 22.932398080825806, 27.350214958190918, 31.008418083190918, 23.99751853942871, 20.830684661865234, 14.60431170463562, 13.669944763183594, 9.667330026626587, 11.881064176559448, 7.68694543838501, 6.257615804672241, 7.174056529998779, 7.624764442443848, 7.159353256225586, 9.606991291046143, 8.938381910324097, 7.732968091964722, 9.405821323394775