{'Spout_wait': 100.0, 'Spliters': 6.0, 'Counters': 17.0}, {'Spout_wait': 9.0, 'Spliters': 2.0, 'Counters': 16.0}, {'Spout_wait': 7.0, 'Spliters': 3.0, 'Counters': 17.0}, {'Spout_wait': 3.0, 'Spliters': 6.0, 'Counters': 18.0}, {'Spout_wait': 10.0, 'Spliters': 4.0, 'Counters': 15.0}, {'Spout_wait': 5.0, 'Spliters': 6.0, 'Counters': 15.0}, {'Spout_wait': 100.0, 'Spliters': 6.0, 'Counters': 11.0}, {'Spout_wait': 1.0, 'Spliters': 6.0, 'Counters': 17.0}, {'Spout_wait': 3.0, 'Spliters': 5.0, 'Counters': 18.0}, {'Spout_wait': 4.0, 'Spliters': 3.0, 'Counters': 15.0}, {'Spout_wait': 1.0, 'Spliters': 3.0, 'Counters': 17.0}, {'Spout_wait': 10.0, 'Spliters': 6.0, 'Counters': 17.0}, {'Spout_wait': 6.0, 'Spliters': 4.0, 'Counters': 16.0}, {'Spout_wait': 2.0, 'Spliters': 6.0, 'Counters': 17.0}, {'Spout_wait': 2.0, 'Spliters': 6.0, 'Counters': 17.0}, {'Spout_wait': 8.0, 'Spliters': 6.0, 'Counters': 15.0}, {'Spout_wait': 4.0, 'Spliters': 3.0, 'Counters': 18.0}, {'Spout_wait': 10.0, 'Spliters': 5.0, 'Counters': 17.0}, {'Spout_wait': 8.0, 'Spliters': 4.0, 'Counters': 17.0}, {'Spout_wait': 4.0, 'Spliters': 4.0, 'Counters': 15.0}
0.06173091761865335, 0.10461128710511314, 0.02967052168107598, 0.05630847554506302, 0.030368608200511682, 0.07770766963824427, 0.10495416997350338, 0.0947019071992724, 0.07424828484036816, 0.09457155307266985, 0.10110875530731922, 0.000747363758841324, 0.08460547966421594, 0.03826415626869606, 0.03826415626869606, 0.045320344504342636, 0.08979103759176488, 0.019199269545525532, 0.0381354535975994, 0.07739346614557374
1.8271734714508057, 2.2924094200134277, 2.2033116817474365, 2.612793207168579, 1.7842507362365723, 1.7674517631530762, 2.4115185737609863, 1.5965137481689453, 2.4223837852478027, 1.9604504108428955, 2.790750503540039, 3.6262404918670654, 2.877216100692749, 2.810694456100464, 2.6806883811950684, 1.6237971782684326, 2.1457056999206543, 3.1933906078338623, 1.9532785415649414, 2.551471471786499