{'Spout_wait': 10.0, 'Spliters': 1.0, 'Counters': 14.0}, {'Spout_wait': 3.0, 'Spliters': 2.0, 'Counters': 10.0}, {'Spout_wait': 4.0, 'Spliters': 4.0, 'Counters': 10.0}, {'Spout_wait': 2.0, 'Spliters': 2.0, 'Counters': 17.0}, {'Spout_wait': 4.0, 'Spliters': 6.0, 'Counters': 18.0}, {'Spout_wait': 4.0, 'Spliters': 4.0, 'Counters': 17.0}, {'Spout_wait': 6.0, 'Spliters': 3.0, 'Counters': 17.0}, {'Spout_wait': 4.0, 'Spliters': 6.0, 'Counters': 13.0}, {'Spout_wait': 6.0, 'Spliters': 3.0, 'Counters': 5.0}, {'Spout_wait': 9.0, 'Spliters': 5.0, 'Counters': 13.0}, {'Spout_wait': 1.0, 'Spliters': 4.0, 'Counters': 17.0}, {'Spout_wait': 7.0, 'Spliters': 3.0, 'Counters': 15.0}, {'Spout_wait': 9.0, 'Spliters': 5.0, 'Counters': 10.0}, {'Spout_wait': 4.0, 'Spliters': 4.0, 'Counters': 16.0}, {'Spout_wait': 6.0, 'Spliters': 4.0, 'Counters': 8.0}, {'Spout_wait': 7.0, 'Spliters': 5.0, 'Counters': 7.0}, {'Spout_wait': 3.0, 'Spliters': 6.0, 'Counters': 11.0}, {'Spout_wait': 5.0, 'Spliters': 2.0, 'Counters': 14.0}, {'Spout_wait': 8.0, 'Spliters': 4.0, 'Counters': 17.0}, {'Spout_wait': 5.0, 'Spliters': 4.0, 'Counters': 15.0}
0.1777119320524726, 0.18109391643816553, 0.1249170760479742, 0.11815547919853697, 0.040885328550858246, 0.04308830093697913, 0.08393134226726973, 0.09729004115332507, 0.21860562116738813, 0.08851714266019262, 0.0987125403489888, 0.07197053377438078, 0.09323559567496986, 0.09358194625085947, 0.18916209503810977, 0.16937507630645265, 0.11946040428120164, 0.13816100472162218, 0.0381354535975994, 0.08261887043698013
1.692091941833496, 1.685575008392334, 1.0676755905151367, 1.840301752090454, 1.3075556755065918, 1.5988123416900635, 1.130716323852539, 1.6520066261291504, 2.8944993019104004, 1.895289659500122, 2.0934951305389404, 2.0755534172058105, 2.2258894443511963, 2.0569326877593994, 1.6525917053222656, 3.297269105911255, 1.931323766708374, 2.5340707302093506, 2.950284004211426, 1.2364311218261719