{'Spout_wait': 100.0, 'Spliters': 2.0, 'Counters': 16.0}, {'Spout_wait': 5.0, 'Spliters': 4.0, 'Counters': 17.0}, {'Spout_wait': 9.0, 'Spliters': 3.0, 'Counters': 17.0}, {'Spout_wait': 6.0, 'Spliters': 6.0, 'Counters': 18.0}, {'Spout_wait': 4.0, 'Spliters': 6.0, 'Counters': 13.0}, {'Spout_wait': 5.0, 'Spliters': 3.0, 'Counters': 17.0}, {'Spout_wait': 4.0, 'Spliters': 6.0, 'Counters': 17.0}, {'Spout_wait': 10.0, 'Spliters': 5.0, 'Counters': 13.0}, {'Spout_wait': 4.0, 'Spliters': 4.0, 'Counters': 17.0}, {'Spout_wait': 6.0, 'Spliters': 6.0, 'Counters': 15.0}, {'Spout_wait': 5.0, 'Spliters': 6.0, 'Counters': 18.0}, {'Spout_wait': 9.0, 'Spliters': 6.0, 'Counters': 12.0}, {'Spout_wait': 10.0, 'Spliters': 6.0, 'Counters': 17.0}, {'Spout_wait': 6.0, 'Spliters': 6.0, 'Counters': 17.0}, {'Spout_wait': 2.0, 'Spliters': 6.0, 'Counters': 17.0}, {'Spout_wait': 8.0, 'Spliters': 6.0, 'Counters': 15.0}, {'Spout_wait': 8.0, 'Spliters': 6.0, 'Counters': 17.0}, {'Spout_wait': 10.0, 'Spliters': 4.0, 'Counters': 15.0}, {'Spout_wait': 8.0, 'Spliters': 4.0, 'Counters': 17.0}, {'Spout_wait': 4.0, 'Spliters': 4.0, 'Counters': 17.0}
0.08575376331947415, 0.04594440035556535, 0.020033994250278075, 0.06722737255341427, 0.09729004115332507, 0.021277644326842537, 0.04488372625774839, 0.06555986454644991, 0.04308830093697913, 0.0516294898461388, 0.03893991222898485, 0.06901207886297123, 0.000747363758841324, 0.025597877256524737, 0.03826415626869606, 0.045320344504342636, 0.006111178207122481, 0.030368608200511682, 0.0381354535975994, 0.04308830093697913
3.836013078689575, 2.0306005477905273, 3.2905099391937256, 3.9077765941619873, 3.552130937576294, 4.47853946685791, 4.639629125595093, 3.398561954498291, 4.678910255432129, 6.583513498306274, 4.288846254348755, 3.659742593765259, 3.633234977722168, 4.385874509811401, 6.149183750152588, 8.53870177268982, 5.443170070648193, 6.029759645462036, 5.728737115859985, 4.115434646606445