{'Spout_wait': 8.0, 'Spliters': 6.0, 'Counters': 17.0}, {'Spout_wait': 10.0, 'Spliters': 6.0, 'Counters': 17.0}, {'Spout_wait': 10.0, 'Spliters': 6.0, 'Counters': 17.0}, {'Spout_wait': 6.0, 'Spliters': 6.0, 'Counters': 17.0}, {'Spout_wait': 9.0, 'Spliters': 6.0, 'Counters': 17.0}, {'Spout_wait': 9.0, 'Spliters': 6.0, 'Counters': 17.0}, {'Spout_wait': 9.0, 'Spliters': 6.0, 'Counters': 17.0}, {'Spout_wait': 10.0, 'Spliters': 6.0, 'Counters': 17.0}, {'Spout_wait': 10.0, 'Spliters': 6.0, 'Counters': 17.0}, {'Spout_wait': 5.0, 'Spliters': 3.0, 'Counters': 17.0}, {'Spout_wait': 5.0, 'Spliters': 6.0, 'Counters': 18.0}, {'Spout_wait': 8.0, 'Spliters': 6.0, 'Counters': 17.0}, {'Spout_wait': 8.0, 'Spliters': 6.0, 'Counters': 17.0}, {'Spout_wait': 5.0, 'Spliters': 3.0, 'Counters': 17.0}, {'Spout_wait': 10.0, 'Spliters': 6.0, 'Counters': 17.0}, {'Spout_wait': 10.0, 'Spliters': 6.0, 'Counters': 17.0}, {'Spout_wait': 10.0, 'Spliters': 6.0, 'Counters': 17.0}, {'Spout_wait': 10.0, 'Spliters': 5.0, 'Counters': 17.0}, {'Spout_wait': 5.0, 'Spliters': 5.0, 'Counters': 17.0}, {'Spout_wait': 10.0, 'Spliters': 6.0, 'Counters': 17.0}
0.006111178207122481, 0.000747363758841324, 0.000747363758841324, 0.025597877256524737, 0.008586239120553896, 0.008586239120553896, 0.008586239120553896, 0.000747363758841324, 0.000747363758841324, 0.021277644326842537, 0.03893991222898485, 0.006111178207122481, 0.006111178207122481, 0.021277644326842537, 0.000747363758841324, 0.000747363758841324, 0.000747363758841324, 0.019199269545525532, 0.024147530214372992, 0.000747363758841324
9.612571239471436, 9.17445683479309, 12.507460355758667, 10.742867231369019, 8.753370761871338, 9.950336694717407, 13.046460151672363, 12.623390674591064, 12.655997037887573, 14.93856167793274, 12.811552286148071, 16.233299016952515, 10.87776494026184, 7.640650033950806, 8.03469204902649, 8.33531665802002, 6.82512640953064, 7.680026292800903, 5.63106107711792, 5.50749945640564