{'Spout_wait': 5.0, 'Spliters': 5.0, 'Counters': 10.0}, {'Spout_wait': 6.0, 'Spliters': 5.0, 'Counters': 16.0}, {'Spout_wait': 6.0, 'Spliters': 3.0, 'Counters': 1.0}, {'Spout_wait': 6.0, 'Spliters': 3.0, 'Counters': 1.0}, {'Spout_wait': 2.0, 'Spliters': 5.0, 'Counters': 14.0}, {'Spout_wait': 5.0, 'Spliters': 5.0, 'Counters': 10.0}, {'Spout_wait': 5.0, 'Spliters': 5.0, 'Counters': 10.0}, {'Spout_wait': 3.0, 'Spliters': 4.0, 'Counters': 15.0}, {'Spout_wait': 6.0, 'Spliters': 3.0, 'Counters': 1.0}, {'Spout_wait': 6.0, 'Spliters': 3.0, 'Counters': 1.0}, {'Spout_wait': 3.0, 'Spliters': 4.0, 'Counters': 15.0}, {'Spout_wait': 6.0, 'Spliters': 3.0, 'Counters': 1.0}, {'Spout_wait': 5.0, 'Spliters': 5.0, 'Counters': 1.0}, {'Spout_wait': 5.0, 'Spliters': 5.0, 'Counters': 1.0}, {'Spout_wait': 5.0, 'Spliters': 5.0, 'Counters': 1.0}, {'Spout_wait': 5.0, 'Spliters': 5.0, 'Counters': 1.0}, {'Spout_wait': 6.0, 'Spliters': 3.0, 'Counters': 1.0}, {'Spout_wait': 5.0, 'Spliters': 5.0, 'Counters': 1.0}, {'Spout_wait': 5.0, 'Spliters': 6.0, 'Counters': 16.0}, {'Spout_wait': 6.0, 'Spliters': 3.0, 'Counters': 1.0}
0.04293529150197439, 0.05874364051266878, 0.04227664546194576, 0.04227664546194576, 0.04724666887988782, 0.04293529150197439, 0.04293529150197439, 0.050780020257953695, 0.04227664546194576, 0.04227664546194576, 0.050780020257953695, 0.04227664546194576, 4.1023799471462397e-05, 4.1023799471462397e-05, 4.1023799471462397e-05, 4.1023799471462397e-05, 0.04227664546194576, 4.1023799471462397e-05, 0.05281542808411355, 0.04227664546194576
19.662062406539917, 20.340451955795288, 22.48404836654663, 24.878966331481934, 26.137090921401978, 27.69264793395996, 21.381664752960205, 17.2982017993927, 12.6383695602417, 8.499778747558594, 10.084980726242065, 7.64200496673584, 6.177130699157715, 7.35230016708374, 5.816295385360718, 5.91707444190979, 5.4780707359313965, 5.678264856338501, 6.975360631942749, 9.484848260879517