{'Spout_wait': 5.0, 'Spliters': 5.0, 'Counters': 1.0}, {'Spout_wait': 2.0, 'Spliters': 6.0, 'Counters': 18.0}, {'Spout_wait': 6.0, 'Spliters': 3.0, 'Counters': 1.0}, {'Spout_wait': 5.0, 'Spliters': 5.0, 'Counters': 1.0}, {'Spout_wait': 2.0, 'Spliters': 5.0, 'Counters': 14.0}, {'Spout_wait': 5.0, 'Spliters': 5.0, 'Counters': 1.0}, {'Spout_wait': 5.0, 'Spliters': 5.0, 'Counters': 1.0}, {'Spout_wait': 5.0, 'Spliters': 6.0, 'Counters': 14.0}, {'Spout_wait': 6.0, 'Spliters': 4.0, 'Counters': 15.0}, {'Spout_wait': 5.0, 'Spliters': 5.0, 'Counters': 10.0}, {'Spout_wait': 6.0, 'Spliters': 4.0, 'Counters': 15.0}, {'Spout_wait': 6.0, 'Spliters': 3.0, 'Counters': 1.0}, {'Spout_wait': 5.0, 'Spliters': 5.0, 'Counters': 1.0}, {'Spout_wait': 5.0, 'Spliters': 5.0, 'Counters': 1.0}, {'Spout_wait': 5.0, 'Spliters': 5.0, 'Counters': 10.0}, {'Spout_wait': 5.0, 'Spliters': 5.0, 'Counters': 1.0}, {'Spout_wait': 5.0, 'Spliters': 5.0, 'Counters': 1.0}, {'Spout_wait': 5.0, 'Spliters': 5.0, 'Counters': 1.0}, {'Spout_wait': 6.0, 'Spliters': 3.0, 'Counters': 1.0}, {'Spout_wait': 6.0, 'Spliters': 3.0, 'Counters': 1.0}
4.1023799471462397e-05, 0.05658818806113297, 0.04227664546194576, 4.1023799471462397e-05, 0.04724666887988782, 4.1023799471462397e-05, 4.1023799471462397e-05, 0.05053990568724742, 0.051797308758049, 0.04293529150197439, 0.051797308758049, 0.04227664546194576, 4.1023799471462397e-05, 4.1023799471462397e-05, 0.04293529150197439, 4.1023799471462397e-05, 4.1023799471462397e-05, 4.1023799471462397e-05, 0.04227664546194576, 0.04227664546194576
57.13653016090393, 79.92083597183228, 48.69455552101135, 25.907399654388428, 20.277605056762695, 21.003181219100952, 18.593818187713623, 19.2138249874115, 19.574926376342773, 18.615133047103882, 19.163767337799072, 20.016803741455078, 14.948514223098755, 18.027873039245605, 17.31461215019226, 19.305972576141357, 17.7706139087677, 16.929081678390503, 17.21079134941101, 17.663622617721558