{'Spout_wait': 4.0, 'Spliters': 2.0, 'Counters': 16.0}, {'Spout_wait': 4.0, 'Spliters': 6.0, 'Counters': 13.0}, {'Spout_wait': 5.0, 'Spliters': 4.0, 'Counters': 14.0}, {'Spout_wait': 3.0, 'Spliters': 6.0, 'Counters': 16.0}, {'Spout_wait': 3.0, 'Spliters': 4.0, 'Counters': 15.0}, {'Spout_wait': 1.0, 'Spliters': 3.0, 'Counters': 2.0}, {'Spout_wait': 4.0, 'Spliters': 6.0, 'Counters': 6.0}, {'Spout_wait': 4.0, 'Spliters': 6.0, 'Counters': 13.0}, {'Spout_wait': 1.0, 'Spliters': 5.0, 'Counters': 10.0}, {'Spout_wait': 2.0, 'Spliters': 3.0, 'Counters': 16.0}, {'Spout_wait': 2.0, 'Spliters': 6.0, 'Counters': 6.0}, {'Spout_wait': 6.0, 'Spliters': 4.0, 'Counters': 12.0}, {'Spout_wait': 3.0, 'Spliters': 6.0, 'Counters': 13.0}, {'Spout_wait': 5.0, 'Spliters': 6.0, 'Counters': 14.0}, {'Spout_wait': 2.0, 'Spliters': 3.0, 'Counters': 14.0}, {'Spout_wait': 1.0, 'Spliters': 6.0, 'Counters': 13.0}, {'Spout_wait': 5.0, 'Spliters': 4.0, 'Counters': 1.0}, {'Spout_wait': 5.0, 'Spliters': 3.0, 'Counters': 17.0}, {'Spout_wait': 3.0, 'Spliters': 4.0, 'Counters': 1.0}, {'Spout_wait': 6.0, 'Spliters': 4.0, 'Counters': 11.0}
0.1360877730080523, 0.07916327258655742, 0.11329525786433559, 0.08095941142227692, 0.050780020257953695, 0.0846123759215458, 0.0752111815317309, 0.07916327258655742, 0.07143996632719907, 0.06682831248794607, 0.08664886213579881, 0.06053988789959308, 0.060540270892268655, 0.05053990568724742, 0.06407312853136182, 0.08503145616120389, 0.05485197085539084, 0.08431319156724504, 0.07760647054765257, 0.09545076570216127
2.2566614151000977, 2.4587879180908203, 1.5843796730041504, 2.2139437198638916, 2.489818572998047, 1.7167699337005615, 2.113863706588745, 2.3091788291931152, 1.8994579315185547, 2.1746246814727783, 2.313058614730835, 3.697695732116699, 2.3812403678894043, 1.8514752388000488, 3.484452962875366, 1.896949291229248, 2.808831214904785, 2.638334035873413, 1.727174997329712, 2.0048298835754395