{'Spout_wait': 4.0, 'Spliters': 5.0, 'Counters': 15.0}, {'Spout_wait': 6.0, 'Spliters': 3.0, 'Counters': 1.0}, {'Spout_wait': 6.0, 'Spliters': 4.0, 'Counters': 1.0}, {'Spout_wait': 2.0, 'Spliters': 5.0, 'Counters': 14.0}, {'Spout_wait': 6.0, 'Spliters': 4.0, 'Counters': 1.0}, {'Spout_wait': 5.0, 'Spliters': 5.0, 'Counters': 1.0}, {'Spout_wait': 5.0, 'Spliters': 5.0, 'Counters': 1.0}, {'Spout_wait': 5.0, 'Spliters': 5.0, 'Counters': 13.0}, {'Spout_wait': 3.0, 'Spliters': 6.0, 'Counters': 13.0}, {'Spout_wait': 5.0, 'Spliters': 6.0, 'Counters': 14.0}, {'Spout_wait': 5.0, 'Spliters': 5.0, 'Counters': 10.0}, {'Spout_wait': 6.0, 'Spliters': 4.0, 'Counters': 15.0}, {'Spout_wait': 6.0, 'Spliters': 3.0, 'Counters': 1.0}, {'Spout_wait': 3.0, 'Spliters': 4.0, 'Counters': 15.0}, {'Spout_wait': 4.0, 'Spliters': 5.0, 'Counters': 10.0}, {'Spout_wait': 2.0, 'Spliters': 5.0, 'Counters': 14.0}, {'Spout_wait': 4.0, 'Spliters': 6.0, 'Counters': 10.0}, {'Spout_wait': 5.0, 'Spliters': 5.0, 'Counters': 10.0}, {'Spout_wait': 4.0, 'Spliters': 6.0, 'Counters': 17.0}, {'Spout_wait': 2.0, 'Spliters': 6.0, 'Counters': 18.0}
0.05317513139432972, 0.04227664546194576, 0.0528754203724453, 0.04724666887988782, 0.0528754203724453, 4.1023799471462397e-05, 4.1023799471462397e-05, 0.06575009723038128, 0.060540270892268655, 0.05053990568724742, 0.04293529150197439, 0.051797308758049, 0.04227664546194576, 0.050780020257953695, 0.04928309323600877, 0.04724666887988782, 0.07305530287202056, 0.04293529150197439, 0.07844433583031751, 0.05658818806113297
8.381031036376953, 8.56591796875, 9.79235029220581, 9.207396745681763, 7.8247480392456055, 8.115675449371338, 10.409545421600342, 12.548258066177368, 12.252084493637085, 11.649189710617065, 13.731916427612305, 10.623440980911255, 10.12512993812561, 9.05653977394104, 7.956584453582764, 6.447648525238037, 6.193634986877441, 6.082416534423828, 6.538776636123657, 4.941341400146484