{'Spout_wait': 4.0, 'Spliters': 5.0, 'Counters': 15.0}, {'Spout_wait': 4.0, 'Spliters': 3.0, 'Counters': 18.0}, {'Spout_wait': 6.0, 'Spliters': 4.0, 'Counters': 15.0}, {'Spout_wait': 3.0, 'Spliters': 6.0, 'Counters': 1.0}, {'Spout_wait': 6.0, 'Spliters': 6.0, 'Counters': 16.0}, {'Spout_wait': 5.0, 'Spliters': 5.0, 'Counters': 1.0}, {'Spout_wait': 5.0, 'Spliters': 6.0, 'Counters': 16.0}, {'Spout_wait': 2.0, 'Spliters': 6.0, 'Counters': 18.0}, {'Spout_wait': 6.0, 'Spliters': 6.0, 'Counters': 18.0}, {'Spout_wait': 1.0, 'Spliters': 6.0, 'Counters': 17.0}, {'Spout_wait': 5.0, 'Spliters': 6.0, 'Counters': 14.0}, {'Spout_wait': 6.0, 'Spliters': 4.0, 'Counters': 12.0}, {'Spout_wait': 3.0, 'Spliters': 6.0, 'Counters': 13.0}, {'Spout_wait': 3.0, 'Spliters': 6.0, 'Counters': 1.0}, {'Spout_wait': 2.0, 'Spliters': 5.0, 'Counters': 10.0}, {'Spout_wait': 5.0, 'Spliters': 6.0, 'Counters': 1.0}, {'Spout_wait': 5.0, 'Spliters': 4.0, 'Counters': 1.0}, {'Spout_wait': 5.0, 'Spliters': 5.0, 'Counters': 4.0}, {'Spout_wait': 3.0, 'Spliters': 4.0, 'Counters': 1.0}, {'Spout_wait': 5.0, 'Spliters': 5.0, 'Counters': 1.0}
0.05317513139432972, 0.06820537694265139, 0.051797308758049, 0.06095920606992189, 0.07760646753256917, 4.1023799471462397e-05, 0.05281542808411355, 0.05658818806113297, 0.06317483948161395, 0.07694774800706006, 0.05053990568724742, 0.06053988789959308, 0.060540270892268655, 0.06095920606992189, 0.08551131741457396, 0.06970230856181392, 0.05485197085539084, 0.054612027473105784, 0.07760647054765257, 4.1023799471462397e-05
7.530584335327148, 7.459524154663086, 9.567233800888062, 8.604165315628052, 6.156937122344971, 8.673793315887451, 12.013530731201172, 11.688214778900146, 9.171446323394775, 8.386528253555298, 7.306140184402466, 7.1234002113342285, 8.384121179580688, 7.726033449172974, 6.111039876937866, 8.244029760360718, 8.936148166656494, 6.612623929977417, 4.9419238567352295, 4.4117326736450195