{'Spout_wait': 1.0, 'Spliters': 3.0, 'Counters': 9.0}, {'Spout_wait': 5.0, 'Spliters': 5.0, 'Counters': 8.0}, {'Spout_wait': 6.0, 'Spliters': 3.0, 'Counters': 15.0}, {'Spout_wait': 5.0, 'Spliters': 6.0, 'Counters': 14.0}, {'Spout_wait': 1.0, 'Spliters': 6.0, 'Counters': 7.0}, {'Spout_wait': 7.0, 'Spliters': 4.0, 'Counters': 17.0}, {'Spout_wait': 6.0, 'Spliters': 5.0, 'Counters': 12.0}, {'Spout_wait': 5.0, 'Spliters': 5.0, 'Counters': 15.0}, {'Spout_wait': 6.0, 'Spliters': 5.0, 'Counters': 5.0}, {'Spout_wait': 1.0, 'Spliters': 3.0, 'Counters': 6.0}, {'Spout_wait': 4.0, 'Spliters': 4.0, 'Counters': 6.0}, {'Spout_wait': 6.0, 'Spliters': 4.0, 'Counters': 12.0}, {'Spout_wait': 2.0, 'Spliters': 6.0, 'Counters': 2.0}, {'Spout_wait': 4.0, 'Spliters': 4.0, 'Counters': 1.0}, {'Spout_wait': 2.0, 'Spliters': 3.0, 'Counters': 16.0}, {'Spout_wait': 5.0, 'Spliters': 3.0, 'Counters': 8.0}, {'Spout_wait': 5.0, 'Spliters': 4.0, 'Counters': 1.0}, {'Spout_wait': 4.0, 'Spliters': 3.0, 'Counters': 3.0}, {'Spout_wait': 4.0, 'Spliters': 5.0, 'Counters': 15.0}, {'Spout_wait': 4.0, 'Spliters': 3.0, 'Counters': 15.0}
0.15258935426603315, 0.08449295838412296, 0.06658807043310322, 0.05053990568724742, 0.1594400641092193, 0.1932335632127753, 0.13546967287987854, 0.07209759133689941, 0.09742756565917288, 0.12794939782519454, 0.1597155795177818, 0.06053988789959308, 0.0888650571708538, 0.09844507512550993, 0.06682831248794607, 0.10042160333072758, 0.05485197085539084, 0.09353515321945194, 0.05317513139432972, 0.09563060291432113
1.813363790512085, 1.1291816234588623, 1.4636847972869873, 1.4540057182312012, 1.8779160976409912, 1.72465181350708, 1.1975584030151367, 1.494692325592041, 1.3025121688842773, 1.4702179431915283, 0.9515917301177979, 1.7839879989624023, 1.5746936798095703, 1.1162865161895752, 1.7632436752319336, 1.1826798915863037, 1.7427263259887695, 1.1666946411132812, 1.9060792922973633, 1.832611322402954