{'Spout_wait': 4.0, 'Spliters': 4.0, 'Counters': 16.0}, {'Spout_wait': 1.0, 'Spliters': 6.0, 'Counters': 5.0}, {'Spout_wait': 5.0, 'Spliters': 6.0, 'Counters': 14.0}, {'Spout_wait': 2.0, 'Spliters': 5.0, 'Counters': 2.0}, {'Spout_wait': 5.0, 'Spliters': 3.0, 'Counters': 1.0}, {'Spout_wait': 1.0, 'Spliters': 3.0, 'Counters': 2.0}, {'Spout_wait': 2.0, 'Spliters': 4.0, 'Counters': 15.0}, {'Spout_wait': 5.0, 'Spliters': 6.0, 'Counters': 14.0}, {'Spout_wait': 2.0, 'Spliters': 6.0, 'Counters': 2.0}, {'Spout_wait': 5.0, 'Spliters': 3.0, 'Counters': 15.0}, {'Spout_wait': 5.0, 'Spliters': 4.0, 'Counters': 16.0}, {'Spout_wait': 6.0, 'Spliters': 4.0, 'Counters': 12.0}, {'Spout_wait': 3.0, 'Spliters': 6.0, 'Counters': 13.0}, {'Spout_wait': 5.0, 'Spliters': 6.0, 'Counters': 14.0}, {'Spout_wait': 5.0, 'Spliters': 5.0, 'Counters': 10.0}, {'Spout_wait': 2.0, 'Spliters': 4.0, 'Counters': 9.0}, {'Spout_wait': 5.0, 'Spliters': 5.0, 'Counters': 1.0}, {'Spout_wait': 6.0, 'Spliters': 6.0, 'Counters': 5.0}, {'Spout_wait': 3.0, 'Spliters': 3.0, 'Counters': 1.0}, {'Spout_wait': 4.0, 'Spliters': 6.0, 'Counters': 1.0}
0.07173817139972272, 0.09413416011886078, 0.05053990568724742, 0.0714984759902183, 0.07862474536683417, 0.0846123759215458, 0.08509157517670118, 0.05053990568724742, 0.0888650571708538, 0.09652886898030433, 0.06515091393206351, 0.06053988789959308, 0.060540270892268655, 0.05053990568724742, 0.04293529150197439, 0.10185846681893507, 4.1023799471462397e-05, 0.08970266066896315, 0.0910795609811983, 0.06341415770644487
2.2986199855804443, 2.5817923545837402, 3.1598780155181885, 3.517577886581421, 2.4613356590270996, 3.017979383468628, 3.5979084968566895, 2.732842445373535, 4.453726768493652, 2.1586005687713623, 3.7641077041625977, 3.615648031234741, 3.1423330307006836, 2.707820415496826, 2.8474507331848145, 2.7919487953186035, 2.8414387702941895, 3.6860642433166504, 4.241977691650391, 2.5332634449005127