{'Max_spout': 100000.0, 'Spliters': 6.0, 'Counters': 1.0}, {'Max_spout': 10000.0, 'Spliters': 2.0, 'Counters': 9.0}, {'Max_spout': 1000.0, 'Spliters': 2.0, 'Counters': 15.0}, {'Max_spout': 1000.0, 'Spliters': 2.0, 'Counters': 15.0}, {'Max_spout': 10000.0, 'Spliters': 2.0, 'Counters': 12.0}, {'Max_spout': 1000.0, 'Spliters': 2.0, 'Counters': 15.0}, {'Max_spout': 1000000.0, 'Spliters': 6.0, 'Counters': 1.0}, {'Max_spout': 10000.0, 'Spliters': 2.0, 'Counters': 12.0}, {'Max_spout': 1000000.0, 'Spliters': 1.0, 'Counters': 9.0}, {'Max_spout': 100.0, 'Spliters': 2.0, 'Counters': 12.0}, {'Max_spout': 1000000.0, 'Spliters': 6.0, 'Counters': 18.0}, {'Max_spout': 100.0, 'Spliters': 3.0, 'Counters': 9.0}, {'Max_spout': 1000000.0, 'Spliters': 1.0, 'Counters': 9.0}, {'Max_spout': 1000.0, 'Spliters': 6.0, 'Counters': 15.0}, {'Max_spout': 100000.0, 'Spliters': 1.0, 'Counters': 9.0}, {'Max_spout': 100000.0, 'Spliters': 2.0, 'Counters': 9.0}, {'Max_spout': 1000000.0, 'Spliters': 1.0, 'Counters': 6.0}, {'Max_spout': 100000.0, 'Spliters': 6.0, 'Counters': 1.0}, {'Max_spout': 100000.0, 'Spliters': 2.0, 'Counters': 18.0}, {'Max_spout': 10000.0, 'Spliters': 2.0, 'Counters': 6.0}
0.3984556230484778, 0.40832520008941975, 0.36892976043895076, 0.36892976043895076, 0.3482003422813653, 0.36892976043895076, 0.40357683359835317, 0.3482003422813653, 0.32012653299473015, 0.4509522821374017, 0.44459959447439834, 0.507249914054636, 0.32012653299473015, 0.45712801740865205, 0.35166741075975727, 0.4432542580854002, 0.36846990554864756, 0.3984556230484778, 0.43400974818367466, 0.4166887504479434
3.2022485733032227, 2.284414291381836, 1.7779161930084229, 1.6142692565917969, 2.4584054946899414, 2.4001004695892334, 2.4773659706115723, 2.3881521224975586, 1.6839051246643066, 1.800910472869873, 3.520939350128174, 2.0475704669952393, 2.1176979541778564, 2.9099204540252686, 2.76029896736145, 2.5066797733306885, 2.2150354385375977, 2.2580790519714355, 1.5780975818634033, 1.8110792636871338