{'Max_spout': 1000000.0, 'Spliters': 2.0, 'Counters': 18.0}, {'Max_spout': 10000.0, 'Spliters': 2.0, 'Counters': 18.0}, {'Max_spout': 1000.0, 'Spliters': 2.0, 'Counters': 18.0}, {'Max_spout': 1000.0, 'Spliters': 2.0, 'Counters': 15.0}, {'Max_spout': 10000.0, 'Spliters': 2.0, 'Counters': 12.0}, {'Max_spout': 1000000.0, 'Spliters': 1.0, 'Counters': 3.0}, {'Max_spout': 1000000.0, 'Spliters': 2.0, 'Counters': 18.0}, {'Max_spout': 100000.0, 'Spliters': 1.0, 'Counters': 9.0}, {'Max_spout': 1000000.0, 'Spliters': 2.0, 'Counters': 18.0}, {'Max_spout': 100000.0, 'Spliters': 6.0, 'Counters': 1.0}, {'Max_spout': 1000000.0, 'Spliters': 2.0, 'Counters': 18.0}, {'Max_spout': 100000.0, 'Spliters': 6.0, 'Counters': 18.0}, {'Max_spout': 1000000.0, 'Spliters': 1.0, 'Counters': 9.0}, {'Max_spout': 1000000.0, 'Spliters': 2.0, 'Counters': 18.0}, {'Max_spout': 1000000.0, 'Spliters': 1.0, 'Counters': 9.0}, {'Max_spout': 100000.0, 'Spliters': 6.0, 'Counters': 1.0}, {'Max_spout': 1000000.0, 'Spliters': 1.0, 'Counters': 6.0}, {'Max_spout': 100000.0, 'Spliters': 1.0, 'Counters': 9.0}, {'Max_spout': 1000000.0, 'Spliters': 2.0, 'Counters': 18.0}, {'Max_spout': 1000.0, 'Spliters': 2.0, 'Counters': 15.0}
0.3164259069728935, 0.38803073678533906, 0.37732074296275253, 0.36892976043895076, 0.3482003422813653, 0.39445597231778273, 0.3164259069728935, 0.35166741075975727, 0.3164259069728935, 0.3984556230484778, 0.3164259069728935, 0.42495585890769383, 0.32012653299473015, 0.3164259069728935, 0.32012653299473015, 0.3984556230484778, 0.36846990554864756, 0.35166741075975727, 0.3164259069728935, 0.36892976043895076
4.602529048919678, 3.9651167392730713, 5.221130609512329, 4.356116771697998, 6.400410175323486, 4.138567209243774, 6.208857297897339, 4.802584886550903, 4.113938331604004, 3.406791925430298, 3.9343435764312744, 5.892488479614258, 4.679931163787842, 5.853601455688477, 6.053343296051025, 5.366174697875977, 5.721710681915283, 5.234826326370239, 6.339609861373901, 4.714971303939819