{'Max_spout': 1000000.0, 'Spliters': 1.0, 'Counters': 9.0}, {'Max_spout': 1000000.0, 'Spliters': 2.0, 'Counters': 18.0}, {'Max_spout': 1000000.0, 'Spliters': 2.0, 'Counters': 18.0}, {'Max_spout': 1000.0, 'Spliters': 2.0, 'Counters': 15.0}, {'Max_spout': 10000.0, 'Spliters': 2.0, 'Counters': 12.0}, {'Max_spout': 1000000.0, 'Spliters': 2.0, 'Counters': 18.0}, {'Max_spout': 1000000.0, 'Spliters': 2.0, 'Counters': 18.0}, {'Max_spout': 1000000.0, 'Spliters': 2.0, 'Counters': 18.0}, {'Max_spout': 100000.0, 'Spliters': 1.0, 'Counters': 9.0}, {'Max_spout': 10000.0, 'Spliters': 2.0, 'Counters': 15.0}, {'Max_spout': 1000.0, 'Spliters': 2.0, 'Counters': 15.0}, {'Max_spout': 10000.0, 'Spliters': 2.0, 'Counters': 12.0}, {'Max_spout': 1000000.0, 'Spliters': 1.0, 'Counters': 9.0}, {'Max_spout': 1000000.0, 'Spliters': 2.0, 'Counters': 18.0}, {'Max_spout': 1000000.0, 'Spliters': 1.0, 'Counters': 9.0}, {'Max_spout': 1000000.0, 'Spliters': 2.0, 'Counters': 18.0}, {'Max_spout': 1000000.0, 'Spliters': 2.0, 'Counters': 18.0}, {'Max_spout': 1000000.0, 'Spliters': 1.0, 'Counters': 9.0}, {'Max_spout': 10000.0, 'Spliters': 2.0, 'Counters': 12.0}, {'Max_spout': 10000.0, 'Spliters': 2.0, 'Counters': 12.0}
0.32012653299473015, 0.3164259069728935, 0.3164259069728935, 0.36892976043895076, 0.3482003422813653, 0.3164259069728935, 0.3164259069728935, 0.3164259069728935, 0.35166741075975727, 0.37396253693787807, 0.36892976043895076, 0.3482003422813653, 0.32012653299473015, 0.3164259069728935, 0.32012653299473015, 0.3164259069728935, 0.3164259069728935, 0.32012653299473015, 0.3482003422813653, 0.3482003422813653
10.461303949356079, 8.637614727020264, 10.79014253616333, 8.694724321365356, 8.439698457717896, 13.091012001037598, 14.351163148880005, 14.522651672363281, 12.309293746948242, 11.734700679779053, 12.430604457855225, 11.48794960975647, 9.718974590301514, 9.097826719284058, 7.581518650054932, 7.234297513961792, 5.3401994705200195, 6.910277366638184, 6.224907636642456, 4.649418830871582