{'Max_spout': 1000000.0, 'Spliters': 6.0, 'Counters': 6.0}, {'Max_spout': 10000.0, 'Spliters': 2.0, 'Counters': 6.0}, {'Max_spout': 100000.0, 'Spliters': 1.0, 'Counters': 9.0}, {'Max_spout': 1000.0, 'Spliters': 2.0, 'Counters': 18.0}, {'Max_spout': 1000000.0, 'Spliters': 2.0, 'Counters': 18.0}, {'Max_spout': 10000.0, 'Spliters': 1.0, 'Counters': 6.0}, {'Max_spout': 1000000.0, 'Spliters': 6.0, 'Counters': 15.0}, {'Max_spout': 1000.0, 'Spliters': 2.0, 'Counters': 12.0}, {'Max_spout': 1000000.0, 'Spliters': 1.0, 'Counters': 3.0}, {'Max_spout': 100.0, 'Spliters': 3.0, 'Counters': 18.0}, {'Max_spout': 1000.0, 'Spliters': 2.0, 'Counters': 15.0}, {'Max_spout': 10000.0, 'Spliters': 2.0, 'Counters': 12.0}, {'Max_spout': 1000000.0, 'Spliters': 1.0, 'Counters': 9.0}, {'Max_spout': 1000.0, 'Spliters': 6.0, 'Counters': 12.0}, {'Max_spout': 10000.0, 'Spliters': 2.0, 'Counters': 9.0}, {'Max_spout': 10000.0, 'Spliters': 6.0, 'Counters': 12.0}, {'Max_spout': 1000000.0, 'Spliters': 1.0, 'Counters': 6.0}, {'Max_spout': 1000000.0, 'Spliters': 1.0, 'Counters': 12.0}, {'Max_spout': 1000.0, 'Spliters': 6.0, 'Counters': 18.0}, {'Max_spout': 100.0, 'Spliters': 2.0, 'Counters': 12.0}
0.4640992432358131, 0.4166887504479434, 0.35166741075975727, 0.37732074296275253, 0.3164259069728935, 0.41494030786695557, 0.46478414719232286, 0.38207560321211176, 0.39445597231778273, 0.5096961412754359, 0.36892976043895076, 0.3482003422813653, 0.32012653299473015, 0.4484068363379843, 0.40832520008941975, 0.4555332964187899, 0.36846990554864756, 0.5127308558106343, 0.4751683735659056, 0.4509522821374017
1.5526857376098633, 1.6535496711730957, 1.0524811744689941, 1.8486809730529785, 1.519932508468628, 1.3453776836395264, 1.3300590515136719, 1.707437515258789, 1.941066026687622, 1.6348273754119873, 1.8661155700683594, 1.8380811214447021, 3.129115104675293, 2.683378219604492, 1.588773488998413, 2.050985813140869, 2.2049832344055176, 1.8297679424285889, 1.9037206172943115, 1.4008417129516602