{'Max_spout': 100000.0, 'Spliters': 6.0, 'Counters': 1.0}, {'Max_spout': 1000000.0, 'Spliters': 2.0, 'Counters': 18.0}, {'Max_spout': 1000000.0, 'Spliters': 6.0, 'Counters': 18.0}, {'Max_spout': 1000.0, 'Spliters': 2.0, 'Counters': 15.0}, {'Max_spout': 1000000.0, 'Spliters': 2.0, 'Counters': 18.0}, {'Max_spout': 1000.0, 'Spliters': 6.0, 'Counters': 12.0}, {'Max_spout': 10000.0, 'Spliters': 6.0, 'Counters': 6.0}, {'Max_spout': 1000000.0, 'Spliters': 1.0, 'Counters': 3.0}, {'Max_spout': 1000000.0, 'Spliters': 1.0, 'Counters': 3.0}, {'Max_spout': 1000.0, 'Spliters': 6.0, 'Counters': 12.0}, {'Max_spout': 1000000.0, 'Spliters': 2.0, 'Counters': 18.0}, {'Max_spout': 10000.0, 'Spliters': 6.0, 'Counters': 18.0}, {'Max_spout': 1000000.0, 'Spliters': 1.0, 'Counters': 9.0}, {'Max_spout': 10000.0, 'Spliters': 6.0, 'Counters': 6.0}, {'Max_spout': 100000.0, 'Spliters': 1.0, 'Counters': 9.0}, {'Max_spout': 100000.0, 'Spliters': 6.0, 'Counters': 1.0}, {'Max_spout': 1000000.0, 'Spliters': 1.0, 'Counters': 6.0}, {'Max_spout': 100000.0, 'Spliters': 6.0, 'Counters': 1.0}, {'Max_spout': 1000000.0, 'Spliters': 2.0, 'Counters': 18.0}, {'Max_spout': 10000.0, 'Spliters': 2.0, 'Counters': 12.0}
0.3984556230484778, 0.3164259069728935, 0.44459959447439834, 0.36892976043895076, 0.3164259069728935, 0.4484068363379843, 0.44770505914202796, 0.39445597231778273, 0.39445597231778273, 0.4484068363379843, 0.3164259069728935, 0.44889835309221016, 0.32012653299473015, 0.44770505914202796, 0.35166741075975727, 0.3984556230484778, 0.36846990554864756, 0.3984556230484778, 0.3164259069728935, 0.3482003422813653
3.3379201889038086, 2.8980355262756348, 3.1672332286834717, 2.02900767326355, 2.6645348072052, 3.3342971801757812, 3.968733072280884, 3.2530570030212402, 3.1027886867523193, 4.277058124542236, 3.082904815673828, 1.5803794860839844, 3.462118148803711, 2.1860578060150146, 2.1119067668914795, 1.9311354160308838, 3.7970590591430664, 3.273125410079956, 3.7242531776428223, 4.546114444732666