{'Max_spout': 100.0, 'Spliters': 5.0, 'Counters': 17.0}, {'Max_spout': 1000.0, 'Spliters': 1.0, 'Counters': 15.0}, {'Max_spout': 100.0, 'Spliters': 2.0, 'Counters': 14.0}, {'Max_spout': 100000.0, 'Spliters': 3.0, 'Counters': 2.0}, {'Max_spout': 1000.0, 'Spliters': 3.0, 'Counters': 16.0}, {'Max_spout': 10000.0, 'Spliters': 2.0, 'Counters': 11.0}, {'Max_spout': 100000.0, 'Spliters': 2.0, 'Counters': 14.0}, {'Max_spout': 100000.0, 'Spliters': 2.0, 'Counters': 13.0}, {'Max_spout': 10000.0, 'Spliters': 3.0, 'Counters': 13.0}, {'Max_spout': 1000.0, 'Spliters': 5.0, 'Counters': 15.0}, {'Max_spout': 100000.0, 'Spliters': 1.0, 'Counters': 11.0}, {'Max_spout': 1000.0, 'Spliters': 2.0, 'Counters': 9.0}, {'Max_spout': 10000.0, 'Spliters': 3.0, 'Counters': 14.0}, {'Max_spout': 100000.0, 'Spliters': 2.0, 'Counters': 14.0}, {'Max_spout': 10000.0, 'Spliters': 2.0, 'Counters': 13.0}, {'Max_spout': 10000.0, 'Spliters': 2.0, 'Counters': 4.0}, {'Max_spout': 100000.0, 'Spliters': 2.0, 'Counters': 3.0}, {'Max_spout': 1000000.0, 'Spliters': 2.0, 'Counters': 18.0}, {'Max_spout': 1000.0, 'Spliters': 4.0, 'Counters': 17.0}, {'Max_spout': 1000.0, 'Spliters': 5.0, 'Counters': 18.0}
0.3303602038953459, 0.2319189706324668, 0.30911984657548675, 0.24275536721044977, 0.27668511940262697, 0.17147007144779203, 0.17424465104643616, 0.14855608246731045, 0.28619693005929525, 0.2826370604953454, 0.23453324511852047, 0.29437595116140547, 0.2926820795894336, 0.17424465104643616, 0.18561058666702812, 0.331279453140531, 0.3067772976181017, 0.13380251720146819, 0.2673802716242708, 0.2812314825436557
1.6128365993499756, 1.021590232849121, 1.310908555984497, 1.1384990215301514, 1.3801145553588867, 1.3216497898101807, 1.5135536193847656, 1.0332694053649902, 1.2105441093444824, 1.5969271659851074, 1.3198816776275635, 1.6772541999816895, 1.294064998626709, 2.3791990280151367, 1.0059568881988525, 1.5608110427856445, 1.2480568885803223, 1.9946722984313965, 1.4805710315704346, 1.395294427871704