{'Max_spout': 10000.0, 'Spliters': 2.0, 'Counters': 10.0}, {'Max_spout': 10000.0, 'Spliters': 2.0, 'Counters': 3.0}, {'Max_spout': 1000.0, 'Spliters': 3.0, 'Counters': 14.0}, {'Max_spout': 1000.0, 'Spliters': 3.0, 'Counters': 16.0}, {'Max_spout': 100000.0, 'Spliters': 2.0, 'Counters': 12.0}, {'Max_spout': 100000.0, 'Spliters': 5.0, 'Counters': 12.0}, {'Max_spout': 1000000.0, 'Spliters': 3.0, 'Counters': 18.0}, {'Max_spout': 100000.0, 'Spliters': 2.0, 'Counters': 13.0}, {'Max_spout': 10000.0, 'Spliters': 3.0, 'Counters': 13.0}, {'Max_spout': 10000.0, 'Spliters': 1.0, 'Counters': 9.0}, {'Max_spout': 100000.0, 'Spliters': 1.0, 'Counters': 15.0}, {'Max_spout': 1000.0, 'Spliters': 5.0, 'Counters': 12.0}, {'Max_spout': 1000000.0, 'Spliters': 4.0, 'Counters': 1.0}, {'Max_spout': 100000.0, 'Spliters': 2.0, 'Counters': 15.0}, {'Max_spout': 1000.0, 'Spliters': 1.0, 'Counters': 16.0}, {'Max_spout': 1000000.0, 'Spliters': 3.0, 'Counters': 13.0}, {'Max_spout': 1000.0, 'Spliters': 2.0, 'Counters': 17.0}, {'Max_spout': 100000.0, 'Spliters': 2.0, 'Counters': 9.0}, {'Max_spout': 1000.0, 'Spliters': 4.0, 'Counters': 17.0}, {'Max_spout': 10000.0, 'Spliters': 1.0, 'Counters': 4.0}
0.21484928662395242, 0.2631456917190933, 0.27100783026302744, 0.27668511940262697, 0.14512965696185742, 0.28916233125565105, 0.2942332091133377, 0.14855608246731045, 0.28619693005929525, 0.24205134551675467, 0.26551465639284955, 0.30894220162926045, 0.2633732602683787, 0.132539345926719, 0.19199060033478188, 0.2897871381850693, 0.20413732624457137, 0.20799191559604002, 0.2673802716242708, 0.24374303102488581
3.360224962234497, 1.6501083374023438, 2.023564338684082, 2.8354620933532715, 2.3616628646850586, 2.203953742980957, 3.5780582427978516, 2.853671073913574, 2.3567326068878174, 2.3528428077697754, 2.552551507949829, 2.40415620803833, 3.171243906021118, 2.552563190460205, 1.9557347297668457, 1.7628757953643799, 2.46842885017395, 2.395728349685669, 5.095084190368652, 3.52087664604187