{'Max_spout': 10000.0, 'Spliters': 2.0, 'Counters': 15.0}, {'Max_spout': 100000.0, 'Spliters': 2.0, 'Counters': 17.0}, {'Max_spout': 10000.0, 'Spliters': 2.0, 'Counters': 15.0}, {'Max_spout': 100000.0, 'Spliters': 2.0, 'Counters': 15.0}, {'Max_spout': 10000.0, 'Spliters': 2.0, 'Counters': 15.0}, {'Max_spout': 100000.0, 'Spliters': 2.0, 'Counters': 17.0}, {'Max_spout': 1000000.0, 'Spliters': 2.0, 'Counters': 18.0}, {'Max_spout': 10000.0, 'Spliters': 2.0, 'Counters': 15.0}, {'Max_spout': 10000.0, 'Spliters': 2.0, 'Counters': 15.0}, {'Max_spout': 10000.0, 'Spliters': 2.0, 'Counters': 15.0}, {'Max_spout': 100000.0, 'Spliters': 2.0, 'Counters': 17.0}, {'Max_spout': 10000.0, 'Spliters': 2.0, 'Counters': 15.0}, {'Max_spout': 100000.0, 'Spliters': 2.0, 'Counters': 17.0}, {'Max_spout': 100000.0, 'Spliters': 2.0, 'Counters': 15.0}, {'Max_spout': 10000.0, 'Spliters': 2.0, 'Counters': 15.0}, {'Max_spout': 100000.0, 'Spliters': 2.0, 'Counters': 17.0}, {'Max_spout': 10000.0, 'Spliters': 2.0, 'Counters': 15.0}, {'Max_spout': 100000.0, 'Spliters': 2.0, 'Counters': 17.0}, {'Max_spout': 10000.0, 'Spliters': 2.0, 'Counters': 15.0}, {'Max_spout': 100000.0, 'Spliters': 2.0, 'Counters': 15.0}
0.12284324324612461, 0.12371969767889157, 0.12284324324612461, 0.132539345926719, 0.12284324324612461, 0.12371969767889157, 0.13380251720146819, 0.12284324324612461, 0.12284324324612461, 0.12284324324612461, 0.12371969767889157, 0.12284324324612461, 0.12371969767889157, 0.132539345926719, 0.12284324324612461, 0.12371969767889157, 0.12284324324612461, 0.12371969767889157, 0.12284324324612461, 0.132539345926719
20.228002309799194, 21.68307399749756, 21.149173736572266, 25.784215211868286, 22.36379051208496, 24.1807222366333, 18.149548530578613, 16.54426407814026, 12.48781704902649, 9.843980550765991, 11.226702690124512, 7.634592294692993, 7.212318658828735, 7.2173967361450195, 7.440883159637451, 7.0646209716796875, 9.085439920425415, 7.848128318786621, 6.528217077255249, 8.3246591091156