{'Max_spout': 10000.0, 'Spliters': 4.0, 'Counters': 13.0}, {'Max_spout': 100000.0, 'Spliters': 2.0, 'Counters': 17.0}, {'Max_spout': 10000.0, 'Spliters': 1.0, 'Counters': 9.0}, {'Max_spout': 1000000.0, 'Spliters': 2.0, 'Counters': 14.0}, {'Max_spout': 10000.0, 'Spliters': 2.0, 'Counters': 12.0}, {'Max_spout': 1000.0, 'Spliters': 5.0, 'Counters': 13.0}, {'Max_spout': 1000000.0, 'Spliters': 2.0, 'Counters': 15.0}, {'Max_spout': 1000000.0, 'Spliters': 2.0, 'Counters': 18.0}, {'Max_spout': 10000.0, 'Spliters': 1.0, 'Counters': 9.0}, {'Max_spout': 10000.0, 'Spliters': 1.0, 'Counters': 9.0}, {'Max_spout': 10000.0, 'Spliters': 2.0, 'Counters': 17.0}, {'Max_spout': 1000000.0, 'Spliters': 1.0, 'Counters': 14.0}, {'Max_spout': 1000.0, 'Spliters': 1.0, 'Counters': 17.0}, {'Max_spout': 100000.0, 'Spliters': 2.0, 'Counters': 15.0}, {'Max_spout': 10000.0, 'Spliters': 1.0, 'Counters': 11.0}, {'Max_spout': 1000.0, 'Spliters': 4.0, 'Counters': 18.0}, {'Max_spout': 1000.0, 'Spliters': 2.0, 'Counters': 15.0}, {'Max_spout': 100000.0, 'Spliters': 2.0, 'Counters': 9.0}, {'Max_spout': 1000.0, 'Spliters': 4.0, 'Counters': 17.0}, {'Max_spout': 1000.0, 'Spliters': 2.0, 'Counters': 18.0}
0.2891244489753745, 0.12371969767889157, 0.24205134551675467, 0.20654669282586668, 0.16476005941792837, 0.2781926838540735, 0.19052519703880066, 0.13380251720146819, 0.24205134551675467, 0.24205134551675467, 0.13361873109709843, 0.2737265488931854, 0.24206428500135546, 0.132539345926719, 0.22938914119097897, 0.2994724254435962, 0.22087845968356934, 0.20799191559604002, 0.2673802716242708, 0.2352639057826642
5.823412895202637, 5.30988621711731, 5.669861078262329, 5.667250394821167, 3.743452548980713, 3.8706464767456055, 4.640057802200317, 9.190832138061523, 8.829365491867065, 8.677899360656738, 8.67269515991211, 8.000596046447754, 9.478550672531128, 7.587436676025391, 14.492461442947388, 9.449158430099487, 6.6041765213012695, 6.275756359100342, 3.466421127319336, 3.110396146774292