{'Max_spout': 10000.0, 'Spliters': 2.0, 'Counters': 15.0}, {'Max_spout': 1000.0, 'Spliters': 2.0, 'Counters': 15.0}, {'Max_spout': 100000.0, 'Spliters': 2.0, 'Counters': 17.0}, {'Max_spout': 100000.0, 'Spliters': 1.0, 'Counters': 18.0}, {'Max_spout': 10000.0, 'Spliters': 2.0, 'Counters': 17.0}, {'Max_spout': 1000.0, 'Spliters': 3.0, 'Counters': 13.0}, {'Max_spout': 1000.0, 'Spliters': 1.0, 'Counters': 13.0}, {'Max_spout': 100000.0, 'Spliters': 2.0, 'Counters': 17.0}, {'Max_spout': 10000.0, 'Spliters': 1.0, 'Counters': 16.0}, {'Max_spout': 1000000.0, 'Spliters': 2.0, 'Counters': 15.0}, {'Max_spout': 10000.0, 'Spliters': 2.0, 'Counters': 17.0}, {'Max_spout': 1000000.0, 'Spliters': 2.0, 'Counters': 18.0}, {'Max_spout': 100000.0, 'Spliters': 1.0, 'Counters': 10.0}, {'Max_spout': 10000.0, 'Spliters': 2.0, 'Counters': 18.0}, {'Max_spout': 10000.0, 'Spliters': 1.0, 'Counters': 11.0}, {'Max_spout': 100000.0, 'Spliters': 2.0, 'Counters': 12.0}, {'Max_spout': 100000.0, 'Spliters': 2.0, 'Counters': 17.0}, {'Max_spout': 100000.0, 'Spliters': 2.0, 'Counters': 9.0}, {'Max_spout': 10000.0, 'Spliters': 2.0, 'Counters': 17.0}, {'Max_spout': 1000.0, 'Spliters': 1.0, 'Counters': 16.0}
0.12284324324612461, 0.22087845968356934, 0.12371969767889157, 0.2465668874813176, 0.13361873109709843, 0.27717980562508715, 0.21612041686248584, 0.12371969767889157, 0.23654305206377335, 0.19052519703880066, 0.13361873109709843, 0.13380251720146819, 0.2534341111142201, 0.13646979561984285, 0.22938914119097897, 0.14512965696185742, 0.12371969767889157, 0.20799191559604002, 0.13361873109709843, 0.19199060033478188
5.2472569942474365, 4.172274351119995, 5.612002372741699, 4.464768886566162, 2.987682819366455, 6.039491891860962, 4.256017208099365, 2.897542715072632, 3.0905814170837402, 4.669208526611328, 6.19539737701416, 7.43829607963562, 4.240655899047852, 4.232641220092773, 4.327782392501831, 7.63361382484436, 4.076265335083008, 8.582780838012695, 5.3805153369903564, 5.500449180603027