{'Max_spout': 1000.0, 'Spliters': 2.0, 'Counters': 12.0}, {'Max_spout': 1000.0, 'Spliters': 2.0, 'Counters': 12.0}, {'Max_spout': 1000.0, 'Spliters': 2.0, 'Counters': 18.0}, {'Max_spout': 1000.0, 'Spliters': 2.0, 'Counters': 12.0}, {'Max_spout': 1000.0, 'Spliters': 2.0, 'Counters': 12.0}, {'Max_spout': 1000.0, 'Spliters': 2.0, 'Counters': 12.0}, {'Max_spout': 1000.0, 'Spliters': 2.0, 'Counters': 18.0}, {'Max_spout': 1000.0, 'Spliters': 2.0, 'Counters': 15.0}, {'Max_spout': 1000.0, 'Spliters': 2.0, 'Counters': 18.0}, {'Max_spout': 1000.0, 'Spliters': 2.0, 'Counters': 15.0}, {'Max_spout': 1000.0, 'Spliters': 2.0, 'Counters': 15.0}, {'Max_spout': 1000.0, 'Spliters': 2.0, 'Counters': 12.0}, {'Max_spout': 1000.0, 'Spliters': 2.0, 'Counters': 15.0}, {'Max_spout': 1000.0, 'Spliters': 2.0, 'Counters': 18.0}, {'Max_spout': 1000.0, 'Spliters': 2.0, 'Counters': 12.0}, {'Max_spout': 1000.0, 'Spliters': 2.0, 'Counters': 12.0}, {'Max_spout': 1000.0, 'Spliters': 2.0, 'Counters': 15.0}, {'Max_spout': 100.0, 'Spliters': 2.0, 'Counters': 12.0}, {'Max_spout': 1000.0, 'Spliters': 2.0, 'Counters': 18.0}, {'Max_spout': 1000.0, 'Spliters': 2.0, 'Counters': 12.0}
0.34825220828017067, 0.34825220828017067, 0.3670307857723123, 0.34825220828017067, 0.34825220828017067, 0.34825220828017067, 0.3670307857723123, 0.3534006710681069, 0.3670307857723123, 0.3534006710681069, 0.3534006710681069, 0.34825220828017067, 0.3534006710681069, 0.3670307857723123, 0.34825220828017067, 0.34825220828017067, 0.3534006710681069, 0.405608670201996, 0.3670307857723123, 0.34825220828017067
14.745301485061646, 15.048309087753296, 10.72184443473816, 12.21767807006836, 20.776854515075684, 15.152193546295166, 17.555140733718872, 15.623961925506592, 14.07707691192627, 9.592787742614746, 8.235050201416016, 9.06611704826355, 5.4960036277771, 5.203825235366821, 6.728275775909424, 5.339075803756714, 4.806701421737671, 3.839994430541992, 4.295365571975708, 5.106017589569092