{'Max_spout': 100000.0, 'Spliters': 2.0, 'Counters': 18.0}, {'Max_spout': 100.0, 'Spliters': 2.0, 'Counters': 9.0}, {'Max_spout': 1000.0, 'Spliters': 2.0, 'Counters': 18.0}, {'Max_spout': 1000.0, 'Spliters': 2.0, 'Counters': 15.0}, {'Max_spout': 10000.0, 'Spliters': 2.0, 'Counters': 15.0}, {'Max_spout': 1000.0, 'Spliters': 1.0, 'Counters': 12.0}, {'Max_spout': 1000000.0, 'Spliters': 6.0, 'Counters': 12.0}, {'Max_spout': 100.0, 'Spliters': 2.0, 'Counters': 12.0}, {'Max_spout': 10.0, 'Spliters': 2.0, 'Counters': 12.0}, {'Max_spout': 100.0, 'Spliters': 2.0, 'Counters': 15.0}, {'Max_spout': 1000.0, 'Spliters': 6.0, 'Counters': 12.0}, {'Max_spout': 1000.0, 'Spliters': 1.0, 'Counters': 12.0}, {'Max_spout': 1000.0, 'Spliters': 2.0, 'Counters': 6.0}, {'Max_spout': 100000.0, 'Spliters': 6.0, 'Counters': 15.0}, {'Max_spout': 10000.0, 'Spliters': 2.0, 'Counters': 9.0}, {'Max_spout': 100000.0, 'Spliters': 6.0, 'Counters': 12.0}, {'Max_spout': 1000.0, 'Spliters': 2.0, 'Counters': 15.0}, {'Max_spout': 100.0, 'Spliters': 2.0, 'Counters': 6.0}, {'Max_spout': 1000000.0, 'Spliters': 2.0, 'Counters': 9.0}, {'Max_spout': 1000.0, 'Spliters': 2.0, 'Counters': 9.0}
0.4412970247361895, 0.4332312508997562, 0.3670307857723123, 0.3534006710681069, 0.3975491585218419, 0.4822687008709523, 0.45132372310007496, 0.405608670201996, 0.5255555641504882, 0.42069156568117205, 0.4645319179187546, 0.4822687008709523, 0.42471564247809135, 0.46493854636793785, 0.3915810157618045, 0.4488602405241635, 0.3534006710681069, 0.45074322476566475, 0.41464190904005405, 0.3843556979164898
3.3559935092926025, 2.9574053287506104, 2.3556020259857178, 1.9492816925048828, 2.1684093475341797, 2.867633819580078, 1.7631299495697021, 2.8947501182556152, 2.847707748413086, 2.198498010635376, 2.037778377532959, 2.7874858379364014, 2.1520211696624756, 2.2728545665740967, 1.9899122714996338, 2.1233742237091064, 1.7205040454864502, 2.494144916534424, 2.8108232021331787, 2.289090394973755