{'Max_spout': 10000.0, 'Spliters': 2.0, 'Counters': 6.0}, {'Max_spout': 1000.0, 'Spliters': 2.0, 'Counters': 18.0}, {'Max_spout': 1000.0, 'Spliters': 2.0, 'Counters': 9.0}, {'Max_spout': 1000.0, 'Spliters': 2.0, 'Counters': 15.0}, {'Max_spout': 1000.0, 'Spliters': 2.0, 'Counters': 18.0}, {'Max_spout': 1000000.0, 'Spliters': 6.0, 'Counters': 12.0}, {'Max_spout': 1000000.0, 'Spliters': 6.0, 'Counters': 15.0}, {'Max_spout': 100000.0, 'Spliters': 2.0, 'Counters': 15.0}, {'Max_spout': 1000.0, 'Spliters': 2.0, 'Counters': 9.0}, {'Max_spout': 1000.0, 'Spliters': 2.0, 'Counters': 9.0}, {'Max_spout': 10000.0, 'Spliters': 2.0, 'Counters': 15.0}, {'Max_spout': 10000.0, 'Spliters': 6.0, 'Counters': 18.0}, {'Max_spout': 100.0, 'Spliters': 2.0, 'Counters': 6.0}, {'Max_spout': 1000000.0, 'Spliters': 6.0, 'Counters': 18.0}, {'Max_spout': 10000.0, 'Spliters': 2.0, 'Counters': 9.0}, {'Max_spout': 1000000.0, 'Spliters': 6.0, 'Counters': 18.0}, {'Max_spout': 1000.0, 'Spliters': 2.0, 'Counters': 15.0}, {'Max_spout': 100.0, 'Spliters': 2.0, 'Counters': 18.0}, {'Max_spout': 1000000.0, 'Spliters': 2.0, 'Counters': 9.0}, {'Max_spout': 1000.0, 'Spliters': 2.0, 'Counters': 9.0}
0.4048595507354926, 0.3670307857723123, 0.3843556979164898, 0.3534006710681069, 0.3670307857723123, 0.45132372310007496, 0.4750693614314816, 0.43629833300548926, 0.3843556979164898, 0.3843556979164898, 0.3975491585218419, 0.4475080432583598, 0.45074322476566475, 0.45684852732534786, 0.3915810157618045, 0.45684852732534786, 0.3534006710681069, 0.4007921025523584, 0.41464190904005405, 0.3843556979164898
4.036438226699829, 3.4827589988708496, 3.125284194946289, 3.575413227081299, 3.768068790435791, 3.264329433441162, 3.6178274154663086, 3.7671120166778564, 2.5469133853912354, 3.208616018295288, 1.982736587524414, 2.380449056625366, 2.627328872680664, 4.782517910003662, 3.912194013595581, 3.3072025775909424, 4.747559070587158, 4.200825929641724, 4.613910436630249, 4.4217541217803955