{'Max_spout': 1000000.0, 'Spliters': 6.0, 'Counters': 6.0}, {'Max_spout': 10000.0, 'Spliters': 2.0, 'Counters': 6.0}, {'Max_spout': 100.0, 'Spliters': 2.0, 'Counters': 15.0}, {'Max_spout': 1000.0, 'Spliters': 2.0, 'Counters': 18.0}, {'Max_spout': 1000.0, 'Spliters': 1.0, 'Counters': 6.0}, {'Max_spout': 10.0, 'Spliters': 2.0, 'Counters': 15.0}, {'Max_spout': 1000000.0, 'Spliters': 6.0, 'Counters': 15.0}, {'Max_spout': 1000.0, 'Spliters': 2.0, 'Counters': 12.0}, {'Max_spout': 100000.0, 'Spliters': 2.0, 'Counters': 15.0}, {'Max_spout': 10.0, 'Spliters': 2.0, 'Counters': 15.0}, {'Max_spout': 1000.0, 'Spliters': 2.0, 'Counters': 15.0}, {'Max_spout': 10000.0, 'Spliters': 2.0, 'Counters': 12.0}, {'Max_spout': 1000.0, 'Spliters': 2.0, 'Counters': 9.0}, {'Max_spout': 1000.0, 'Spliters': 6.0, 'Counters': 12.0}, {'Max_spout': 10000.0, 'Spliters': 2.0, 'Counters': 9.0}, {'Max_spout': 10000.0, 'Spliters': 6.0, 'Counters': 12.0}, {'Max_spout': 100.0, 'Spliters': 3.0, 'Counters': 6.0}, {'Max_spout': 100.0, 'Spliters': 2.0, 'Counters': 6.0}, {'Max_spout': 1000.0, 'Spliters': 6.0, 'Counters': 18.0}, {'Max_spout': 100.0, 'Spliters': 2.0, 'Counters': 18.0}
0.4607099566646824, 0.4048595507354926, 0.42069156568117205, 0.3670307857723123, 0.504753926626011, 0.518476046580786, 0.4750693614314816, 0.34825220828017067, 0.43629833300548926, 0.518476046580786, 0.3534006710681069, 0.4060542266639211, 0.3843556979164898, 0.4645319179187546, 0.3915810157618045, 0.4609225491729707, 0.5263030848055928, 0.45074322476566475, 0.46457481367963727, 0.4007921025523584
1.50307035446167, 0.9105758666992188, 1.3985002040863037, 1.0035293102264404, 0.9313409328460693, 1.8255281448364258, 1.10595703125, 1.7345964908599854, 1.5758392810821533, 1.7424468994140625, 2.016348361968994, 1.050583839416504, 1.3864355087280273, 1.8655304908752441, 1.1218724250793457, 2.047945976257324, 2.6100993156433105, 2.6333024501800537, 1.3023643493652344, 1.1611642837524414