{'Max_spout': 100000.0, 'Spliters': 6.0, 'Counters': 12.0}, {'Max_spout': 1000.0, 'Spliters': 2.0, 'Counters': 12.0}, {'Max_spout': 1000.0, 'Spliters': 2.0, 'Counters': 18.0}, {'Max_spout': 1000.0, 'Spliters': 2.0, 'Counters': 15.0}, {'Max_spout': 1000.0, 'Spliters': 2.0, 'Counters': 9.0}, {'Max_spout': 1000000.0, 'Spliters': 6.0, 'Counters': 9.0}, {'Max_spout': 10000.0, 'Spliters': 2.0, 'Counters': 15.0}, {'Max_spout': 1000.0, 'Spliters': 2.0, 'Counters': 15.0}, {'Max_spout': 1000.0, 'Spliters': 2.0, 'Counters': 12.0}, {'Max_spout': 1000.0, 'Spliters': 2.0, 'Counters': 15.0}, {'Max_spout': 1000.0, 'Spliters': 2.0, 'Counters': 15.0}, {'Max_spout': 10000.0, 'Spliters': 2.0, 'Counters': 18.0}, {'Max_spout': 1000.0, 'Spliters': 2.0, 'Counters': 6.0}, {'Max_spout': 1000.0, 'Spliters': 2.0, 'Counters': 18.0}, {'Max_spout': 10000.0, 'Spliters': 2.0, 'Counters': 9.0}, {'Max_spout': 10000.0, 'Spliters': 6.0, 'Counters': 18.0}, {'Max_spout': 1000.0, 'Spliters': 2.0, 'Counters': 15.0}, {'Max_spout': 1000.0, 'Spliters': 2.0, 'Counters': 9.0}, {'Max_spout': 1000000.0, 'Spliters': 6.0, 'Counters': 9.0}, {'Max_spout': 1000.0, 'Spliters': 2.0, 'Counters': 18.0}
0.4488602405241635, 0.34825220828017067, 0.3670307857723123, 0.3534006710681069, 0.3843556979164898, 0.4550215006629207, 0.3975491585218419, 0.3534006710681069, 0.34825220828017067, 0.3534006710681069, 0.3534006710681069, 0.4202161119317217, 0.42471564247809135, 0.3670307857723123, 0.3915810157618045, 0.4475080432583598, 0.3534006710681069, 0.3843556979164898, 0.4550215006629207, 0.3670307857723123
5.9947803020477295, 6.769480228424072, 7.573960781097412, 5.557359933853149, 5.921125411987305, 5.673810243606567, 4.303685188293457, 8.204657554626465, 7.284318208694458, 10.88826847076416, 8.988753080368042, 5.973822593688965, 7.147970676422119, 7.79328465461731, 9.47977352142334, 8.23642635345459, 8.238279819488525, 5.812402725219727, 6.2020792961120605, 5.334662437438965