{'Max_spout': 100000.0, 'Spliters': 2.0, 'Counters': 18.0}, {'Max_spout': 1000.0, 'Spliters': 2.0, 'Counters': 18.0}, {'Max_spout': 1000000.0, 'Spliters': 2.0, 'Counters': 9.0}, {'Max_spout': 1000.0, 'Spliters': 2.0, 'Counters': 15.0}, {'Max_spout': 1000.0, 'Spliters': 2.0, 'Counters': 15.0}, {'Max_spout': 100000.0, 'Spliters': 6.0, 'Counters': 9.0}, {'Max_spout': 1000000.0, 'Spliters': 2.0, 'Counters': 9.0}, {'Max_spout': 1000000.0, 'Spliters': 2.0, 'Counters': 9.0}, {'Max_spout': 1000.0, 'Spliters': 2.0, 'Counters': 6.0}, {'Max_spout': 10000.0, 'Spliters': 2.0, 'Counters': 18.0}, {'Max_spout': 10000.0, 'Spliters': 2.0, 'Counters': 15.0}, {'Max_spout': 10000.0, 'Spliters': 2.0, 'Counters': 18.0}, {'Max_spout': 10000.0, 'Spliters': 6.0, 'Counters': 12.0}, {'Max_spout': 1000000.0, 'Spliters': 6.0, 'Counters': 18.0}, {'Max_spout': 1000.0, 'Spliters': 2.0, 'Counters': 18.0}, {'Max_spout': 10000.0, 'Spliters': 6.0, 'Counters': 6.0}, {'Max_spout': 1000.0, 'Spliters': 2.0, 'Counters': 15.0}, {'Max_spout': 1000.0, 'Spliters': 6.0, 'Counters': 6.0}, {'Max_spout': 100000.0, 'Spliters': 2.0, 'Counters': 18.0}, {'Max_spout': 1000.0, 'Spliters': 2.0, 'Counters': 18.0}
0.42885023240274767, 0.3513569799560069, 0.3961943038278054, 0.33404364197772773, 0.33404364197772773, 0.45112191811043734, 0.3961943038278054, 0.3961943038278054, 0.41431724775011136, 0.3893870191155626, 0.42572488935337316, 0.3893870191155626, 0.4350877441709323, 0.44333117752233564, 0.3513569799560069, 0.43515614436816086, 0.33404364197772773, 0.4579822016278874, 0.42885023240274767, 0.3513569799560069
5.582300901412964, 5.8346662521362305, 5.369810104370117, 3.920133113861084, 4.5701584815979, 2.391984462738037, 4.117389678955078, 4.864760637283325, 4.108827829360962, 5.994612216949463, 4.82111120223999, 6.024553060531616, 6.324459552764893, 6.800894498825073, 4.221755027770996, 8.320573329925537, 5.475610017776489, 6.153783321380615, 5.814302206039429, 8.023428440093994