{'Max_spout': 100000.0, 'Spliters': 6.0, 'Counters': 18.0}, {'Max_spout': 1000.0, 'Spliters': 2.0, 'Counters': 18.0}, {'Max_spout': 1000.0, 'Spliters': 2.0, 'Counters': 18.0}, {'Max_spout': 1000.0, 'Spliters': 2.0, 'Counters': 15.0}, {'Max_spout': 1000.0, 'Spliters': 2.0, 'Counters': 18.0}, {'Max_spout': 1000.0, 'Spliters': 2.0, 'Counters': 15.0}, {'Max_spout': 10000.0, 'Spliters': 2.0, 'Counters': 18.0}, {'Max_spout': 1000.0, 'Spliters': 2.0, 'Counters': 15.0}, {'Max_spout': 1000.0, 'Spliters': 2.0, 'Counters': 15.0}, {'Max_spout': 1000.0, 'Spliters': 2.0, 'Counters': 18.0}, {'Max_spout': 1000.0, 'Spliters': 2.0, 'Counters': 18.0}, {'Max_spout': 1000.0, 'Spliters': 2.0, 'Counters': 18.0}, {'Max_spout': 1000.0, 'Spliters': 2.0, 'Counters': 15.0}, {'Max_spout': 1000.0, 'Spliters': 2.0, 'Counters': 15.0}, {'Max_spout': 10000.0, 'Spliters': 2.0, 'Counters': 12.0}, {'Max_spout': 1000.0, 'Spliters': 2.0, 'Counters': 15.0}, {'Max_spout': 1000.0, 'Spliters': 2.0, 'Counters': 15.0}, {'Max_spout': 1000.0, 'Spliters': 2.0, 'Counters': 18.0}, {'Max_spout': 10000.0, 'Spliters': 2.0, 'Counters': 12.0}, {'Max_spout': 10000.0, 'Spliters': 2.0, 'Counters': 18.0}
0.430935374360889, 0.3513569799560069, 0.3513569799560069, 0.33404364197772773, 0.3513569799560069, 0.33404364197772773, 0.3893870191155626, 0.33404364197772773, 0.33404364197772773, 0.3513569799560069, 0.3513569799560069, 0.3513569799560069, 0.33404364197772773, 0.33404364197772773, 0.3777081854880393, 0.33404364197772773, 0.33404364197772773, 0.3513569799560069, 0.3777081854880393, 0.3893870191155626
12.961997747421265, 10.420278310775757, 10.415979146957397, 12.275196313858032, 11.227916955947876, 15.55508303642273, 15.513448476791382, 16.97861623764038, 14.71902871131897, 11.453667163848877, 11.420818328857422, 7.748362064361572, 7.447452783584595, 6.456852197647095, 5.444163799285889, 4.472702980041504, 4.648634672164917, 3.0204477310180664, 4.554961442947388, 3.0763254165649414