{'Max_spout': 1000000.0, 'Spliters': 6.0, 'Counters': 6.0}, {'Max_spout': 10000.0, 'Spliters': 2.0, 'Counters': 6.0}, {'Max_spout': 100.0, 'Spliters': 2.0, 'Counters': 15.0}, {'Max_spout': 1000.0, 'Spliters': 2.0, 'Counters': 18.0}, {'Max_spout': 1000.0, 'Spliters': 1.0, 'Counters': 6.0}, {'Max_spout': 10000.0, 'Spliters': 6.0, 'Counters': 3.0}, {'Max_spout': 1000000.0, 'Spliters': 6.0, 'Counters': 15.0}, {'Max_spout': 1000.0, 'Spliters': 2.0, 'Counters': 12.0}, {'Max_spout': 100000.0, 'Spliters': 2.0, 'Counters': 15.0}, {'Max_spout': 1000000.0, 'Spliters': 6.0, 'Counters': 3.0}, {'Max_spout': 1000.0, 'Spliters': 2.0, 'Counters': 15.0}, {'Max_spout': 10000.0, 'Spliters': 2.0, 'Counters': 12.0}, {'Max_spout': 1000.0, 'Spliters': 2.0, 'Counters': 9.0}, {'Max_spout': 1000.0, 'Spliters': 6.0, 'Counters': 12.0}, {'Max_spout': 10000.0, 'Spliters': 2.0, 'Counters': 9.0}, {'Max_spout': 10000.0, 'Spliters': 6.0, 'Counters': 12.0}, {'Max_spout': 100.0, 'Spliters': 3.0, 'Counters': 6.0}, {'Max_spout': 100.0, 'Spliters': 2.0, 'Counters': 6.0}, {'Max_spout': 1000.0, 'Spliters': 6.0, 'Counters': 18.0}, {'Max_spout': 100.0, 'Spliters': 2.0, 'Counters': 18.0}
0.4701804099594522, 0.42781165897207585, 0.41821186046824166, 0.3513569799560069, 0.49240578970723936, 0.5259144445240524, 0.45382663094968345, 0.353038171607748, 0.47835452846938886, 0.5159175666939738, 0.33404364197772773, 0.3777081854880393, 0.40781820730939655, 0.47081381721121374, 0.391479583096187, 0.4350877441709323, 0.5166613480956607, 0.4961525209426614, 0.4716991532748779, 0.41809352356324125
1.8692190647125244, 1.602111577987671, 1.5090928077697754, 1.3941271305084229, 2.3974387645721436, 1.9465572834014893, 2.0884084701538086, 2.079984188079834, 2.171238899230957, 1.9687845706939697, 1.8463683128356934, 1.0375490188598633, 1.6121890544891357, 0.9272339344024658, 1.2672593593597412, 1.2814762592315674, 1.0457463264465332, 1.4981656074523926, 0.7746846675872803, 0.7183423042297363