{'Max_spout': 100000.0, 'Spliters': 2.0, 'Counters': 18.0}, {'Max_spout': 10000.0, 'Spliters': 2.0, 'Counters': 18.0}, {'Max_spout': 1000.0, 'Spliters': 2.0, 'Counters': 18.0}, {'Max_spout': 1000.0, 'Spliters': 2.0, 'Counters': 15.0}, {'Max_spout': 1000.0, 'Spliters': 2.0, 'Counters': 15.0}, {'Max_spout': 100000.0, 'Spliters': 6.0, 'Counters': 18.0}, {'Max_spout': 1000.0, 'Spliters': 2.0, 'Counters': 15.0}, {'Max_spout': 10000.0, 'Spliters': 2.0, 'Counters': 9.0}, {'Max_spout': 1000.0, 'Spliters': 2.0, 'Counters': 15.0}, {'Max_spout': 1000.0, 'Spliters': 2.0, 'Counters': 15.0}, {'Max_spout': 1000000.0, 'Spliters': 2.0, 'Counters': 9.0}, {'Max_spout': 1000000.0, 'Spliters': 6.0, 'Counters': 18.0}, {'Max_spout': 10000.0, 'Spliters': 6.0, 'Counters': 12.0}, {'Max_spout': 1000.0, 'Spliters': 2.0, 'Counters': 18.0}, {'Max_spout': 10000.0, 'Spliters': 2.0, 'Counters': 12.0}, {'Max_spout': 10000.0, 'Spliters': 6.0, 'Counters': 12.0}, {'Max_spout': 1000.0, 'Spliters': 2.0, 'Counters': 15.0}, {'Max_spout': 1000.0, 'Spliters': 2.0, 'Counters': 18.0}, {'Max_spout': 10000.0, 'Spliters': 2.0, 'Counters': 9.0}, {'Max_spout': 1000000.0, 'Spliters': 2.0, 'Counters': 9.0}
0.42885023240274767, 0.3893870191155626, 0.3513569799560069, 0.33404364197772773, 0.33404364197772773, 0.430935374360889, 0.33404364197772773, 0.391479583096187, 0.33404364197772773, 0.33404364197772773, 0.3961943038278054, 0.44333117752233564, 0.4350877441709323, 0.3513569799560069, 0.3777081854880393, 0.4350877441709323, 0.33404364197772773, 0.3513569799560069, 0.391479583096187, 0.3961943038278054
6.383213758468628, 5.77910852432251, 6.177788734436035, 7.1531455516815186, 6.031259059906006, 4.7562172412872314, 6.47352933883667, 6.581576347351074, 6.935571193695068, 5.1419501304626465, 6.996187448501587, 7.5476906299591064, 7.22571325302124, 5.435653209686279, 6.007409334182739, 5.176363706588745, 7.505482912063599, 7.318021297454834, 8.375244140625, 8.061593294143677