{'Max_spout': 100000.0, 'Spliters': 2.0, 'Counters': 18.0}, {'Max_spout': 1000.0, 'Spliters': 2.0, 'Counters': 15.0}, {'Max_spout': 1000.0, 'Spliters': 2.0, 'Counters': 15.0}, {'Max_spout': 1000.0, 'Spliters': 2.0, 'Counters': 15.0}, {'Max_spout': 10000.0, 'Spliters': 2.0, 'Counters': 12.0}, {'Max_spout': 1000.0, 'Spliters': 2.0, 'Counters': 18.0}, {'Max_spout': 1000000.0, 'Spliters': 6.0, 'Counters': 12.0}, {'Max_spout': 100000.0, 'Spliters': 6.0, 'Counters': 18.0}, {'Max_spout': 10.0, 'Spliters': 2.0, 'Counters': 12.0}, {'Max_spout': 100.0, 'Spliters': 2.0, 'Counters': 15.0}, {'Max_spout': 100000.0, 'Spliters': 6.0, 'Counters': 18.0}, {'Max_spout': 100.0, 'Spliters': 3.0, 'Counters': 9.0}, {'Max_spout': 10000.0, 'Spliters': 2.0, 'Counters': 12.0}, {'Max_spout': 100.0, 'Spliters': 2.0, 'Counters': 9.0}, {'Max_spout': 10000.0, 'Spliters': 2.0, 'Counters': 9.0}, {'Max_spout': 10000.0, 'Spliters': 6.0, 'Counters': 12.0}, {'Max_spout': 1000.0, 'Spliters': 2.0, 'Counters': 15.0}, {'Max_spout': 10000.0, 'Spliters': 2.0, 'Counters': 9.0}, {'Max_spout': 100000.0, 'Spliters': 2.0, 'Counters': 18.0}, {'Max_spout': 1000.0, 'Spliters': 2.0, 'Counters': 9.0}
0.42885023240274767, 0.33404364197772773, 0.33404364197772773, 0.33404364197772773, 0.3777081854880393, 0.3513569799560069, 0.4426252477282385, 0.430935374360889, 0.5268505111466267, 0.41821186046824166, 0.430935374360889, 0.4986732173573928, 0.3777081854880393, 0.46999872704776124, 0.391479583096187, 0.4350877441709323, 0.33404364197772773, 0.391479583096187, 0.42885023240274767, 0.40781820730939655
2.7176151275634766, 2.9526102542877197, 3.714325428009033, 1.6822285652160645, 1.3140947818756104, 3.7787647247314453, 3.9722213745117188, 1.9891998767852783, 2.623793840408325, 1.7124810218811035, 2.095055103302002, 1.7752153873443604, 2.0948758125305176, 4.912764072418213, 4.3301777839660645, 5.10260534286499, 3.6308908462524414, 1.935603380203247, 4.252366065979004, 3.108189105987549