{'Width': 3.0, 'Complexity': 0.0, 'Fifo': 4.0, 'Multiplier': 1.0}, {'Width': 3.0, 'Complexity': 0.0, 'Fifo': 1.0, 'Multiplier': 1.0}, {'Width': 3.0, 'Complexity': 0.0, 'Fifo': 1.0, 'Multiplier': 1.0}, {'Width': 3.0, 'Complexity': 0.0, 'Fifo': 1.0, 'Multiplier': 1.0}, {'Width': 3.0, 'Complexity': 0.0, 'Fifo': 1.0, 'Multiplier': 1.0}, {'Width': 3.0, 'Complexity': 0.0, 'Fifo': 1.0, 'Multiplier': 1.0}, {'Width': 3.0, 'Complexity': 1.0, 'Fifo': 3.0, 'Multiplier': 1.0}, {'Width': 3.0, 'Complexity': 0.0, 'Fifo': 4.0, 'Multiplier': 1.0}, {'Width': 3.0, 'Complexity': 0.0, 'Fifo': 1.0, 'Multiplier': 1.0}, {'Width': 3.0, 'Complexity': 0.0, 'Fifo': 1.0, 'Multiplier': 1.0}, {'Width': 3.0, 'Complexity': 0.0, 'Fifo': 1.0, 'Multiplier': 1.0}, {'Width': 3.0, 'Complexity': 0.0, 'Fifo': 4.0, 'Multiplier': 1.0}, {'Width': 3.0, 'Complexity': 0.0, 'Fifo': 1.0, 'Multiplier': 1.0}, {'Width': 3.0, 'Complexity': 0.0, 'Fifo': 3.0, 'Multiplier': 1.0}, {'Width': 3.0, 'Complexity': 0.0, 'Fifo': 1.0, 'Multiplier': 1.0}, {'Width': 3.0, 'Complexity': 0.0, 'Fifo': 1.0, 'Multiplier': 1.0}, {'Width': 3.0, 'Complexity': 1.0, 'Fifo': 1.0, 'Multiplier': 1.0}, {'Width': 3.0, 'Complexity': 0.0, 'Fifo': 2.0, 'Multiplier': 1.0}, {'Width': 3.0, 'Complexity': 0.0, 'Fifo': 3.0, 'Multiplier': 1.0}, {'Width': 3.0, 'Complexity': 0.0, 'Fifo': 1.0, 'Multiplier': 1.0}
0.22587868316250503, 0.22581417455021324, 0.22581417455021324, 0.22581417455021324, 0.22581417455021324, 0.22581417455021324, 0.3139305450653319, 0.22587868316250503, 0.22581417455021324, 0.22581417455021324, 0.22581417455021324, 0.22587868316250503, 0.22581417455021324, 0.22587868316250503, 0.22581417455021324, 0.22581417455021324, 0.31315494505176633, 0.22587868316250503, 0.22587868316250503, 0.22581417455021324
5.430442810058594, 5.315151929855347, 6.4561638832092285, 6.125111103057861, 5.4980974197387695, 5.017580509185791, 7.039747476577759, 8.741271495819092, 5.627997159957886, 7.609570503234863, 6.32787299156189, 6.807404041290283, 7.368861198425293, 6.065458059310913, 6.6110475063323975, 5.2535483837127686, 6.337765455245972, 5.474074840545654, 4.774527311325073, 7.184928894042969