{'Max_spout': 1.0, 'Spliters': 2.0, 'Counters': 1.0}, {'Max_spout': 1.0, 'Spliters': 1.0, 'Counters': 12.0}, {'Max_spout': 1.0, 'Spliters': 1.0, 'Counters': 18.0}, {'Max_spout': 1.0, 'Spliters': 6.0, 'Counters': 9.0}, {'Max_spout': 1.0, 'Spliters': 1.0, 'Counters': 12.0}, {'Max_spout': 1.0, 'Spliters': 2.0, 'Counters': 1.0}, {'Max_spout': 1.0, 'Spliters': 1.0, 'Counters': 18.0}, {'Max_spout': 1.0, 'Spliters': 1.0, 'Counters': 18.0}, {'Max_spout': 1.0, 'Spliters': 1.0, 'Counters': 18.0}, {'Max_spout': 1.0, 'Spliters': 1.0, 'Counters': 12.0}, {'Max_spout': 1.0, 'Spliters': 6.0, 'Counters': 18.0}, {'Max_spout': 1.0, 'Spliters': 1.0, 'Counters': 12.0}, {'Max_spout': 1.0, 'Spliters': 3.0, 'Counters': 15.0}, {'Max_spout': 1.0, 'Spliters': 2.0, 'Counters': 1.0}, {'Max_spout': 1.0, 'Spliters': 1.0, 'Counters': 18.0}, {'Max_spout': 1.0, 'Spliters': 1.0, 'Counters': 18.0}, {'Max_spout': 1.0, 'Spliters': 1.0, 'Counters': 12.0}, {'Max_spout': 1.0, 'Spliters': 1.0, 'Counters': 9.0}, {'Max_spout': 1.0, 'Spliters': 1.0, 'Counters': 12.0}, {'Max_spout': 1.0, 'Spliters': 1.0, 'Counters': 1.0}
0.003421972853229538, 0.0, 0.0015707897696076722, 0.012987642141793931, 0.0, 0.003421972853229538, 0.0015707897696076722, 0.0015707897696076722, 0.0015707897696076722, 0.0, 0.010017821857759901, 0.0, 0.012736609384221054, 0.003421972853229538, 0.0015707897696076722, 0.0015707897696076722, 0.0, 0.0018937558904615903, 0.0, 0.004807791117257265
5.5676350593566895, 5.48089337348938, 6.3451759815216064, 3.935432195663452, 4.667388916015625, 4.210682153701782, 6.502233266830444, 3.9611947536468506, 3.1927177906036377, 3.6032655239105225, 3.7816672325134277, 2.921027421951294, 4.765707731246948, 3.3072197437286377, 3.3157925605773926, 2.7437095642089844, 3.112189292907715, 1.910846471786499, 2.1501877307891846, 1.955441951751709