{'Max_spout': 1.0, 'Spliters': 1.0, 'Counters': 18.0}, {'Max_spout': 1.0, 'Spliters': 2.0, 'Counters': 15.0}, {'Max_spout': 1.0, 'Spliters': 1.0, 'Counters': 3.0}, {'Max_spout': 1.0, 'Spliters': 2.0, 'Counters': 6.0}, {'Max_spout': 1.0, 'Spliters': 1.0, 'Counters': 18.0}, {'Max_spout': 1.0, 'Spliters': 2.0, 'Counters': 1.0}, {'Max_spout': 1.0, 'Spliters': 1.0, 'Counters': 18.0}, {'Max_spout': 1.0, 'Spliters': 2.0, 'Counters': 1.0}, {'Max_spout': 1.0, 'Spliters': 6.0, 'Counters': 18.0}, {'Max_spout': 1.0, 'Spliters': 1.0, 'Counters': 15.0}, {'Max_spout': 1.0, 'Spliters': 3.0, 'Counters': 12.0}, {'Max_spout': 1.0, 'Spliters': 2.0, 'Counters': 1.0}, {'Max_spout': 1.0, 'Spliters': 6.0, 'Counters': 6.0}, {'Max_spout': 10000.0, 'Spliters': 2.0, 'Counters': 1.0}, {'Max_spout': 1.0, 'Spliters': 1.0, 'Counters': 9.0}, {'Max_spout': 10.0, 'Spliters': 1.0, 'Counters': 18.0}, {'Max_spout': 1.0, 'Spliters': 2.0, 'Counters': 6.0}, {'Max_spout': 1.0, 'Spliters': 1.0, 'Counters': 12.0}, {'Max_spout': 1.0, 'Spliters': 2.0, 'Counters': 6.0}, {'Max_spout': 100000.0, 'Spliters': 2.0, 'Counters': 1.0}
0.0015707897696076722, 0.005399406329548717, 0.003421972853229538, 0.007622000452152555, 0.0015707897696076722, 0.003421972853229538, 0.0015707897696076722, 0.003421972853229538, 0.010017821857759901, 0.002165341037543289, 0.012569254212505876, 0.003421972853229538, 0.013611553966170753, 0.06821925289128083, 0.0018937558904615903, 0.1605523307877731, 0.007622000452152555, 0.0, 0.007622000452152555, 0.0543493260284269
4.197054624557495, 3.325174570083618, 3.7187979221343994, 2.7490005493164062, 3.837036609649658, 3.8505258560180664, 3.4298391342163086, 2.2890706062316895, 4.532559871673584, 2.310605764389038, 3.1222965717315674, 2.5404107570648193, 2.9174628257751465, 2.6546878814697266, 2.9977641105651855, 2.6222221851348877, 2.442418098449707, 1.442716360092163, 2.186500310897827, 1.961932897567749