{'Max_spout': 100000.0, 'Spliters': 3.0, 'Counters': 1.0}, {'Max_spout': 1.0, 'Spliters': 6.0, 'Counters': 12.0}, {'Max_spout': 10.0, 'Spliters': 3.0, 'Counters': 9.0}, {'Max_spout': 1.0, 'Spliters': 3.0, 'Counters': 3.0}, {'Max_spout': 10.0, 'Spliters': 2.0, 'Counters': 3.0}, {'Max_spout': 10.0, 'Spliters': 3.0, 'Counters': 6.0}, {'Max_spout': 10.0, 'Spliters': 3.0, 'Counters': 9.0}, {'Max_spout': 10.0, 'Spliters': 6.0, 'Counters': 9.0}, {'Max_spout': 1.0, 'Spliters': 3.0, 'Counters': 18.0}, {'Max_spout': 1000.0, 'Spliters': 2.0, 'Counters': 1.0}, {'Max_spout': 10000.0, 'Spliters': 1.0, 'Counters': 3.0}, {'Max_spout': 1.0, 'Spliters': 2.0, 'Counters': 12.0}, {'Max_spout': 1.0, 'Spliters': 1.0, 'Counters': 1.0}, {'Max_spout': 10000.0, 'Spliters': 2.0, 'Counters': 1.0}, {'Max_spout': 1.0, 'Spliters': 1.0, 'Counters': 9.0}, {'Max_spout': 10.0, 'Spliters': 3.0, 'Counters': 1.0}, {'Max_spout': 1.0, 'Spliters': 2.0, 'Counters': 12.0}, {'Max_spout': 1.0, 'Spliters': 1.0, 'Counters': 9.0}, {'Max_spout': 1.0, 'Spliters': 1.0, 'Counters': 6.0}, {'Max_spout': 10000.0, 'Spliters': 2.0, 'Counters': 1.0}
0.08437636710090923, 0.012412175235545053, 0.18998628862014189, 0.019323650221819033, 0.21921472255742191, 0.18769616521772314, 0.18998628862014189, 0.22222417959265162, 0.012992046225260068, 0.0698663801076358, 0.21542721077649862, 0.006037998432146252, 0.004807791117257265, 0.06821925289128083, 0.0018937558904615903, 0.0605502755488222, 0.006037998432146252, 0.0018937558904615903, 0.003361783712524935, 0.06821925289128083
2.8004560470581055, 1.5003061294555664, 1.0161504745483398, 2.1693994998931885, 1.5897724628448486, 1.5305616855621338, 2.003175735473633, 0.6428236961364746, 2.3185954093933105, 2.62373423576355, 1.768749475479126, 1.9360852241516113, 2.1015737056732178, 1.5732853412628174, 1.2550020217895508, 1.741600751876831, 1.7211182117462158, 1.9099209308624268, 1.5088114738464355, 1.396454095840454