{'Max_spout': 100000.0, 'Spliters': 3.0, 'Counters': 1.0}, {'Max_spout': 1.0, 'Spliters': 6.0, 'Counters': 12.0}, {'Max_spout': 10.0, 'Spliters': 3.0, 'Counters': 9.0}, {'Max_spout': 1.0, 'Spliters': 3.0, 'Counters': 3.0}, {'Max_spout': 10.0, 'Spliters': 2.0, 'Counters': 3.0}, {'Max_spout': 10.0, 'Spliters': 3.0, 'Counters': 6.0}, {'Max_spout': 10.0, 'Spliters': 3.0, 'Counters': 9.0}, {'Max_spout': 10.0, 'Spliters': 6.0, 'Counters': 9.0}, {'Max_spout': 1.0, 'Spliters': 3.0, 'Counters': 18.0}, {'Max_spout': 1000.0, 'Spliters': 2.0, 'Counters': 1.0}, {'Max_spout': 10000.0, 'Spliters': 1.0, 'Counters': 3.0}, {'Max_spout': 1.0, 'Spliters': 2.0, 'Counters': 12.0}, {'Max_spout': 1.0, 'Spliters': 1.0, 'Counters': 1.0}, {'Max_spout': 10000.0, 'Spliters': 2.0, 'Counters': 1.0}, {'Max_spout': 1.0, 'Spliters': 1.0, 'Counters': 9.0}, {'Max_spout': 10.0, 'Spliters': 3.0, 'Counters': 1.0}, {'Max_spout': 1.0, 'Spliters': 2.0, 'Counters': 12.0}, {'Max_spout': 1.0, 'Spliters': 1.0, 'Counters': 9.0}, {'Max_spout': 1.0, 'Spliters': 1.0, 'Counters': 6.0}, {'Max_spout': 10000.0, 'Spliters': 2.0, 'Counters': 1.0}
0.1005109563569967, 0.010963888289174828, 0.20174993765763416, 0.012711148153912832, 0.16593445767162562, 0.2026871651712867, 0.20174993765763416, 0.24022647433419198, 0.010219127139933115, 0.06312562028562008, 0.2013650049288126, 0.004038446411506524, 0.0023531105074919845, 0.04904545051355047, 0.0012736252462314246, 0.05419350735639916, 0.004038446411506524, 0.0012736252462314246, 0.0032401294043417073, 0.04904545051355047
3.8692080974578857, 2.9012832641601562, 2.2643682956695557, 1.0249433517456055, 2.9852454662323, 2.0171115398406982, 2.9734246730804443, 2.287991523742676, 2.1427111625671387, 2.1391777992248535, 2.243412971496582, 2.290978193283081, 1.2714009284973145, 2.1275157928466797, 1.849045991897583, 2.7161805629730225, 1.4310753345489502, 2.624298334121704, 1.6702327728271484, 1.1566805839538574