{'Max_spout': 1.0, 'Spliters': 1.0, 'Counters': 15.0}, {'Max_spout': 1.0, 'Spliters': 1.0, 'Counters': 12.0}, {'Max_spout': 1.0, 'Spliters': 1.0, 'Counters': 9.0}, {'Max_spout': 1.0, 'Spliters': 1.0, 'Counters': 12.0}, {'Max_spout': 1.0, 'Spliters': 1.0, 'Counters': 15.0}, {'Max_spout': 1.0, 'Spliters': 1.0, 'Counters': 15.0}, {'Max_spout': 1.0, 'Spliters': 1.0, 'Counters': 15.0}, {'Max_spout': 1.0, 'Spliters': 2.0, 'Counters': 1.0}, {'Max_spout': 1.0, 'Spliters': 1.0, 'Counters': 15.0}, {'Max_spout': 1.0, 'Spliters': 1.0, 'Counters': 15.0}, {'Max_spout': 1.0, 'Spliters': 1.0, 'Counters': 9.0}, {'Max_spout': 1.0, 'Spliters': 1.0, 'Counters': 12.0}, {'Max_spout': 1.0, 'Spliters': 2.0, 'Counters': 1.0}, {'Max_spout': 1.0, 'Spliters': 1.0, 'Counters': 15.0}, {'Max_spout': 1.0, 'Spliters': 1.0, 'Counters': 15.0}, {'Max_spout': 1.0, 'Spliters': 2.0, 'Counters': 1.0}, {'Max_spout': 1.0, 'Spliters': 2.0, 'Counters': 1.0}, {'Max_spout': 1.0, 'Spliters': 1.0, 'Counters': 15.0}, {'Max_spout': 1.0, 'Spliters': 1.0, 'Counters': 15.0}, {'Max_spout': 1.0, 'Spliters': 1.0, 'Counters': 1.0}
0.0, 0.0008150532127657595, 0.0012736252462314246, 0.0008150532127657595, 0.0, 0.0, 0.0, 0.0019045801973868182, 0.0, 0.0, 0.0012736252462314246, 0.0008150532127657595, 0.0019045801973868182, 0.0, 0.0, 0.0019045801973868182, 0.0019045801973868182, 0.0, 0.0, 0.0023531105074919845
5.7734973430633545, 7.543992042541504, 7.148030519485474, 5.52267599105835, 6.7537314891815186, 7.480160236358643, 6.399578332901001, 4.465202569961548, 3.50689959526062, 4.616394996643066, 3.057563304901123, 1.9782114028930664, 4.122622966766357, 3.5295794010162354, 2.3698320388793945, 2.3452041149139404, 2.0627434253692627, 3.148681402206421, 2.5378401279449463, 2.288508415222168