{'Max_spout': 1.0, 'Spliters': 2.0, 'Counters': 1.0}, {'Max_spout': 1.0, 'Spliters': 1.0, 'Counters': 12.0}, {'Max_spout': 1.0, 'Spliters': 1.0, 'Counters': 3.0}, {'Max_spout': 1.0, 'Spliters': 2.0, 'Counters': 1.0}, {'Max_spout': 1.0, 'Spliters': 2.0, 'Counters': 1.0}, {'Max_spout': 1.0, 'Spliters': 2.0, 'Counters': 1.0}, {'Max_spout': 1.0, 'Spliters': 2.0, 'Counters': 1.0}, {'Max_spout': 1.0, 'Spliters': 1.0, 'Counters': 15.0}, {'Max_spout': 1.0, 'Spliters': 1.0, 'Counters': 1.0}, {'Max_spout': 1.0, 'Spliters': 1.0, 'Counters': 12.0}, {'Max_spout': 1.0, 'Spliters': 6.0, 'Counters': 9.0}, {'Max_spout': 1.0, 'Spliters': 1.0, 'Counters': 15.0}, {'Max_spout': 1.0, 'Spliters': 2.0, 'Counters': 1.0}, {'Max_spout': 100000.0, 'Spliters': 2.0, 'Counters': 1.0}, {'Max_spout': 1.0, 'Spliters': 1.0, 'Counters': 12.0}, {'Max_spout': 1.0, 'Spliters': 2.0, 'Counters': 15.0}, {'Max_spout': 1.0, 'Spliters': 2.0, 'Counters': 6.0}, {'Max_spout': 1.0, 'Spliters': 1.0, 'Counters': 15.0}, {'Max_spout': 1.0, 'Spliters': 1.0, 'Counters': 15.0}, {'Max_spout': 1.0, 'Spliters': 6.0, 'Counters': 12.0}
0.0019045801973868182, 0.0008150532127657595, 0.0019296845057882317, 0.0019045801973868182, 0.0019045801973868182, 0.0019045801973868182, 0.0019045801973868182, 0.0, 0.0023531105074919845, 0.0008150532127657595, 0.009792353897109196, 0.0, 0.0019045801973868182, 0.037256467288249384, 0.0008150532127657595, 0.003507908693956674, 0.002341395163571347, 0.0, 0.0, 0.010963888289174828
7.02185320854187, 5.039636135101318, 4.844213485717773, 8.179432392120361, 5.85765266418457, 5.3912787437438965, 5.568933486938477, 4.698042869567871, 5.024032115936279, 2.6345808506011963, 3.5962677001953125, 3.59649658203125, 1.93465256690979, 3.185680627822876, 1.5062170028686523, 1.909848928451538, 1.2246267795562744, 2.622072696685791, 3.011152744293213, 2.385582447052002