{'Max_spout': 1.0, 'Spliters': 1.0, 'Counters': 15.0}, {'Max_spout': 1.0, 'Spliters': 1.0, 'Counters': 15.0}, {'Max_spout': 1.0, 'Spliters': 1.0, 'Counters': 3.0}, {'Max_spout': 1.0, 'Spliters': 1.0, 'Counters': 1.0}, {'Max_spout': 1.0, 'Spliters': 6.0, 'Counters': 12.0}, {'Max_spout': 1.0, 'Spliters': 1.0, 'Counters': 9.0}, {'Max_spout': 1.0, 'Spliters': 2.0, 'Counters': 1.0}, {'Max_spout': 1.0, 'Spliters': 6.0, 'Counters': 12.0}, {'Max_spout': 1.0, 'Spliters': 3.0, 'Counters': 18.0}, {'Max_spout': 1000.0, 'Spliters': 3.0, 'Counters': 1.0}, {'Max_spout': 1.0, 'Spliters': 3.0, 'Counters': 9.0}, {'Max_spout': 1.0, 'Spliters': 2.0, 'Counters': 1.0}, {'Max_spout': 10.0, 'Spliters': 3.0, 'Counters': 1.0}, {'Max_spout': 10000.0, 'Spliters': 2.0, 'Counters': 1.0}, {'Max_spout': 1.0, 'Spliters': 1.0, 'Counters': 9.0}, {'Max_spout': 1.0, 'Spliters': 6.0, 'Counters': 3.0}, {'Max_spout': 1.0, 'Spliters': 2.0, 'Counters': 6.0}, {'Max_spout': 1.0, 'Spliters': 1.0, 'Counters': 15.0}, {'Max_spout': 1.0, 'Spliters': 1.0, 'Counters': 3.0}, {'Max_spout': 10000.0, 'Spliters': 2.0, 'Counters': 1.0}
0.0, 0.0, 0.0019296845057882317, 0.0023531105074919845, 0.010963888289174828, 0.0012736252462314246, 0.0019045801973868182, 0.010963888289174828, 0.010219127139933115, 0.06796907818653175, 0.0110944306928622, 0.0019045801973868182, 0.05419350735639916, 0.04904545051355047, 0.0012736252462314246, 0.01451196387657383, 0.002341395163571347, 0.0, 0.0019296845057882317, 0.04904545051355047
3.3854963779449463, 2.928901433944702, 3.2525978088378906, 3.3466246128082275, 3.4804275035858154, 3.3662428855895996, 3.204724073410034, 1.2999765872955322, 3.363743782043457, 2.5216286182403564, 1.367983341217041, 2.824310541152954, 2.6041839122772217, 1.433119297027588, 2.029040813446045, 1.7658379077911377, 2.725529193878174, 1.599836826324463, 2.576827049255371, 1.0578560829162598