{'Max_spout': 1.0, 'Spliters': 1.0, 'Counters': 3.0}, {'Max_spout': 1.0, 'Spliters': 1.0, 'Counters': 18.0}, {'Max_spout': 1.0, 'Spliters': 1.0, 'Counters': 3.0}, {'Max_spout': 1.0, 'Spliters': 6.0, 'Counters': 6.0}, {'Max_spout': 1.0, 'Spliters': 1.0, 'Counters': 18.0}, {'Max_spout': 1.0, 'Spliters': 1.0, 'Counters': 3.0}, {'Max_spout': 1.0, 'Spliters': 1.0, 'Counters': 1.0}, {'Max_spout': 1.0, 'Spliters': 1.0, 'Counters': 6.0}, {'Max_spout': 1.0, 'Spliters': 1.0, 'Counters': 18.0}, {'Max_spout': 100000.0, 'Spliters': 2.0, 'Counters': 1.0}, {'Max_spout': 1.0, 'Spliters': 3.0, 'Counters': 9.0}, {'Max_spout': 1.0, 'Spliters': 2.0, 'Counters': 12.0}, {'Max_spout': 1.0, 'Spliters': 6.0, 'Counters': 1.0}, {'Max_spout': 10000.0, 'Spliters': 2.0, 'Counters': 1.0}, {'Max_spout': 1.0, 'Spliters': 1.0, 'Counters': 9.0}, {'Max_spout': 10.0, 'Spliters': 6.0, 'Counters': 1.0}, {'Max_spout': 1.0, 'Spliters': 1.0, 'Counters': 15.0}, {'Max_spout': 1.0, 'Spliters': 1.0, 'Counters': 9.0}, {'Max_spout': 10000.0, 'Spliters': 2.0, 'Counters': 1.0}, {'Max_spout': 100000.0, 'Spliters': 2.0, 'Counters': 1.0}
0.003166889755378377, 0.0, 0.003166889755378377, 0.014272827794913567, 0.0, 0.003166889755378377, 0.004705878549212117, 0.0020255808389428864, 0.0, 0.05259397207834615, 0.013299643704695163, 0.005236118385743005, 0.01519589775424035, 0.056051847109869546, 0.003115159039619231, 0.057550421282016484, 0.0037165286103190143, 0.003115159039619231, 0.056051847109869546, 0.05259397207834615
4.607125997543335, 4.149421691894531, 4.724665880203247, 2.2465155124664307, 2.3546597957611084, 3.100595712661743, 2.956657648086548, 4.530198335647583, 3.9289231300354004, 2.4872727394104004, 1.885042428970337, 2.4321892261505127, 2.593074321746826, 2.5600087642669678, 1.8868534564971924, 2.379189968109131, 1.1643166542053223, 2.1598658561706543, 2.108604907989502, 2.470426559448242