{'Max_spout': 100000.0, 'Spliters': 2.0, 'Counters': 1.0}, {'Max_spout': 1.0, 'Spliters': 1.0, 'Counters': 12.0}, {'Max_spout': 1.0, 'Spliters': 1.0, 'Counters': 3.0}, {'Max_spout': 1.0, 'Spliters': 1.0, 'Counters': 1.0}, {'Max_spout': 1.0, 'Spliters': 1.0, 'Counters': 12.0}, {'Max_spout': 1.0, 'Spliters': 1.0, 'Counters': 3.0}, {'Max_spout': 1.0, 'Spliters': 1.0, 'Counters': 6.0}, {'Max_spout': 1.0, 'Spliters': 1.0, 'Counters': 18.0}, {'Max_spout': 1.0, 'Spliters': 1.0, 'Counters': 1.0}, {'Max_spout': 1.0, 'Spliters': 1.0, 'Counters': 12.0}, {'Max_spout': 1.0, 'Spliters': 2.0, 'Counters': 6.0}, {'Max_spout': 1.0, 'Spliters': 1.0, 'Counters': 6.0}, {'Max_spout': 1.0, 'Spliters': 6.0, 'Counters': 15.0}, {'Max_spout': 100000.0, 'Spliters': 2.0, 'Counters': 1.0}, {'Max_spout': 1.0, 'Spliters': 1.0, 'Counters': 9.0}, {'Max_spout': 1.0, 'Spliters': 1.0, 'Counters': 6.0}, {'Max_spout': 1.0, 'Spliters': 1.0, 'Counters': 6.0}, {'Max_spout': 1.0, 'Spliters': 1.0, 'Counters': 6.0}, {'Max_spout': 1.0, 'Spliters': 1.0, 'Counters': 12.0}, {'Max_spout': 10.0, 'Spliters': 2.0, 'Counters': 1.0}
0.05259397207834615, 0.0008018260942662669, 0.003166889755378377, 0.004705878549212117, 0.0008018260942662669, 0.003166889755378377, 0.0020255808389428864, 0.0, 0.004705878549212117, 0.0008018260942662669, 0.007426590881168038, 0.0020255808389428864, 0.011018642456691707, 0.05259397207834615, 0.003115159039619231, 0.0020255808389428864, 0.0020255808389428864, 0.0020255808389428864, 0.0008018260942662669, 0.04917651166850956
3.924182891845703, 7.1821606159210205, 4.225339651107788, 4.458195447921753, 4.379265546798706, 7.841247320175171, 3.528805732727051, 4.6236350536346436, 3.9705841541290283, 2.010223150253296, 2.614048957824707, 3.461951732635498, 2.754695177078247, 2.426541805267334, 1.593759536743164, 2.0477850437164307, 1.9039969444274902, 3.5983145236968994, 1.918766975402832, 2.230820417404175