{'Max_spout': 1.0, 'Spliters': 2.0, 'Counters': 18.0}, {'Max_spout': 1.0, 'Spliters': 1.0, 'Counters': 12.0}, {'Max_spout': 1.0, 'Spliters': 1.0, 'Counters': 15.0}, {'Max_spout': 1.0, 'Spliters': 1.0, 'Counters': 18.0}, {'Max_spout': 1.0, 'Spliters': 1.0, 'Counters': 18.0}, {'Max_spout': 1.0, 'Spliters': 1.0, 'Counters': 12.0}, {'Max_spout': 1.0, 'Spliters': 1.0, 'Counters': 18.0}, {'Max_spout': 1.0, 'Spliters': 1.0, 'Counters': 12.0}, {'Max_spout': 1.0, 'Spliters': 1.0, 'Counters': 6.0}, {'Max_spout': 1.0, 'Spliters': 1.0, 'Counters': 6.0}, {'Max_spout': 1.0, 'Spliters': 1.0, 'Counters': 12.0}, {'Max_spout': 1.0, 'Spliters': 1.0, 'Counters': 18.0}, {'Max_spout': 1.0, 'Spliters': 1.0, 'Counters': 18.0}, {'Max_spout': 1.0, 'Spliters': 1.0, 'Counters': 6.0}, {'Max_spout': 1.0, 'Spliters': 1.0, 'Counters': 6.0}, {'Max_spout': 1.0, 'Spliters': 1.0, 'Counters': 9.0}, {'Max_spout': 1.0, 'Spliters': 1.0, 'Counters': 6.0}, {'Max_spout': 1.0, 'Spliters': 1.0, 'Counters': 18.0}, {'Max_spout': 1.0, 'Spliters': 1.0, 'Counters': 12.0}, {'Max_spout': 1.0, 'Spliters': 1.0, 'Counters': 3.0}
0.004397110839524876, 0.0008018260942662669, 0.0037165286103190143, 0.0, 0.0, 0.0008018260942662669, 0.0, 0.0008018260942662669, 0.0020255808389428864, 0.0020255808389428864, 0.0008018260942662669, 0.0, 0.0, 0.0020255808389428864, 0.0020255808389428864, 0.003115159039619231, 0.0020255808389428864, 0.0, 0.0008018260942662669, 0.003166889755378377
9.495467185974121, 7.8347625732421875, 9.693995237350464, 7.237800598144531, 5.943716526031494, 5.486904621124268, 5.6923863887786865, 3.1609911918640137, 4.393771409988403, 2.294057846069336, 3.010268211364746, 2.742600679397583, 2.3373823165893555, 2.89302134513855, 2.5023038387298584, 2.312074899673462, 3.3140270709991455, 2.3150649070739746, 3.2795722484588623, 1.561718225479126