{'Max_spout': 100000.0, 'Spliters': 3.0, 'Counters': 1.0}, {'Max_spout': 1.0, 'Spliters': 6.0, 'Counters': 12.0}, {'Max_spout': 10.0, 'Spliters': 3.0, 'Counters': 9.0}, {'Max_spout': 1.0, 'Spliters': 3.0, 'Counters': 3.0}, {'Max_spout': 10.0, 'Spliters': 2.0, 'Counters': 3.0}, {'Max_spout': 10.0, 'Spliters': 3.0, 'Counters': 6.0}, {'Max_spout': 10.0, 'Spliters': 3.0, 'Counters': 9.0}, {'Max_spout': 10000.0, 'Spliters': 3.0, 'Counters': 9.0}, {'Max_spout': 1.0, 'Spliters': 3.0, 'Counters': 18.0}, {'Max_spout': 1000.0, 'Spliters': 2.0, 'Counters': 1.0}, {'Max_spout': 10000.0, 'Spliters': 3.0, 'Counters': 6.0}, {'Max_spout': 1.0, 'Spliters': 2.0, 'Counters': 12.0}, {'Max_spout': 1.0, 'Spliters': 1.0, 'Counters': 1.0}, {'Max_spout': 10000.0, 'Spliters': 2.0, 'Counters': 1.0}, {'Max_spout': 1.0, 'Spliters': 1.0, 'Counters': 9.0}, {'Max_spout': 10.0, 'Spliters': 3.0, 'Counters': 1.0}, {'Max_spout': 1.0, 'Spliters': 2.0, 'Counters': 12.0}, {'Max_spout': 1.0, 'Spliters': 1.0, 'Counters': 9.0}, {'Max_spout': 1.0, 'Spliters': 1.0, 'Counters': 6.0}, {'Max_spout': 10000.0, 'Spliters': 2.0, 'Counters': 1.0}
0.2080189075766099, 0.014659191578239472, 0.21333747179059404, 0.017691904789617685, 0.16496925255582062, 0.1903011374291127, 0.21333747179059404, 0.2383783713877411, 0.015921744359735368, 0.07602151997775575, 0.23913816627545315, 0.005236118385743005, 0.004705878549212117, 0.056051847109869546, 0.003115159039619231, 0.06878891928068442, 0.005236118385743005, 0.003115159039619231, 0.0020255808389428864, 0.056051847109869546
1.4284756183624268, 1.93021559715271, 2.361100673675537, 1.3870341777801514, 1.559241771697998, 2.22418475151062, 2.313112735748291, 2.274106979370117, 1.686051368713379, 0.9941315650939941, 0.8794398307800293, 1.9188852310180664, 2.039108991622925, 1.2451496124267578, 1.0026655197143555, 1.5852606296539307, 2.1694719791412354, 1.4690196514129639, 1.8801395893096924, 0.9566895961761475