{'Max_spout': 1.0, 'Spliters': 1.0, 'Counters': 12.0}, {'Max_spout': 1.0, 'Spliters': 1.0, 'Counters': 18.0}, {'Max_spout': 1.0, 'Spliters': 1.0, 'Counters': 18.0}, {'Max_spout': 1.0, 'Spliters': 1.0, 'Counters': 18.0}, {'Max_spout': 1.0, 'Spliters': 1.0, 'Counters': 18.0}, {'Max_spout': 1.0, 'Spliters': 1.0, 'Counters': 18.0}, {'Max_spout': 1.0, 'Spliters': 1.0, 'Counters': 18.0}, {'Max_spout': 1.0, 'Spliters': 1.0, 'Counters': 12.0}, {'Max_spout': 1.0, 'Spliters': 1.0, 'Counters': 18.0}, {'Max_spout': 1.0, 'Spliters': 1.0, 'Counters': 12.0}, {'Max_spout': 1.0, 'Spliters': 1.0, 'Counters': 18.0}, {'Max_spout': 1.0, 'Spliters': 1.0, 'Counters': 18.0}, {'Max_spout': 1.0, 'Spliters': 1.0, 'Counters': 18.0}, {'Max_spout': 1.0, 'Spliters': 1.0, 'Counters': 6.0}, {'Max_spout': 1.0, 'Spliters': 1.0, 'Counters': 6.0}, {'Max_spout': 1.0, 'Spliters': 1.0, 'Counters': 12.0}, {'Max_spout': 1.0, 'Spliters': 1.0, 'Counters': 12.0}, {'Max_spout': 1.0, 'Spliters': 1.0, 'Counters': 18.0}, {'Max_spout': 1.0, 'Spliters': 1.0, 'Counters': 12.0}, {'Max_spout': 1.0, 'Spliters': 1.0, 'Counters': 12.0}
0.0008018260942662669, 0.0, 0.0, 0.0, 0.0, 0.0, 0.0, 0.0008018260942662669, 0.0, 0.0008018260942662669, 0.0, 0.0, 0.0, 0.0020255808389428864, 0.0020255808389428864, 0.0008018260942662669, 0.0008018260942662669, 0.0, 0.0008018260942662669, 0.0008018260942662669
20.901424407958984, 13.721769332885742, 12.661661148071289, 10.514184474945068, 7.931575298309326, 8.459711790084839, 9.158106088638306, 6.466264724731445, 5.434110641479492, 3.885971784591675, 5.5367162227630615, 4.35512375831604, 3.170034885406494, 4.171780109405518, 3.521029233932495, 3.5523743629455566, 2.773320436477661, 3.77795672416687, 3.792121410369873, 4.34677267074585