{
  "incumbent_ids": [
    6
  ],
  "rejected_config_ids": [
    2,
    3,
    4,
    5,
    1
  ],
  "incumbents_changed": 2,
  "trajectory": [
    {
      "config_ids": [
        1
      ],
      "costs": [
        127.84389396048873
      ],
      "trial": 1,
      "walltime": 0.004388093948364258
    },
    {
      "config_ids": [
        6
      ],
      "costs": [
        122.09809035705297
      ],
      "trial": 6,
      "walltime": 1.1728501319885254
    }
  ],
  "state": {
    "queue": [
      [
        6,
        1
      ]
    ]
  }
}